relname,size,verdict
texture/8t88_cn.dds,349680,referenced-full
texture/a1_deluxe_floater.dds,349680,referenced-full
texture/a1_deluxe_floater_cn.dds,349680,referenced-full
texture/a1_deluxe_floater_emis.dds,349680,referenced-full
texture/a1_deluxe_floater_env.dds,349680,referenced-full
texture/a1_deluxe_floater_glass.dds,349680,referenced-full
texture/a1_deluxe_floater_sm.dds,5616,referenced-full
texture/abyssin_body.dds,349680,referenced-full
texture/abyssin_body_n.dds,1398228,referenced-full
texture/abyssin_body_sm.dds,22000,referenced-full
texture/abyssin_hair.dds,22000,referenced-full
texture/abyssin_n.dds,349652,referenced-full
texture/abyssin_sm.dds,5616,referenced-full
texture/acklay_toy.dds,349680,referenced-full
texture/acklay_toy_sm.dds,22000,referenced-full
texture/air2_swoop_speeder.dds,349680,referenced-full
texture/air2_swoop_speeder_cn.dds,349680,referenced-full
texture/air2_swoop_speeder_sm.dds,2872,referenced-full
texture/air_outake_flap_hue.dds,2896,referenced-full
texture/am_head_r2_n1ship_head_s01.dds,87536,referenced-full
texture/am_head_r2_n1ship_head_s01_sm.dds,5616,referenced-full
texture/am_head_r2_n1ship_head_s01_spec.dds,87536,referenced-full
texture/am_head_r3_n1ship_head_s01.dds,87536,referenced-full
texture/am_head_r3_n1ship_head_s01_hue.dds,87536,referenced-full
texture/am_head_r3_n1ship_head_s01_hue_sm.dds,5616,referenced-basename
texture/am_head_r3_n1ship_head_s01_ref.dds,87536,referenced-full
texture/am_head_r3_n1ship_head_s01_sm.dds,5616,referenced-full
texture/am_head_r4_n1ship_head_s01.dds,87536,referenced-full
texture/am_head_r4_n1ship_head_s01_n.dds,349652,referenced-full
texture/am_head_r4_n1ship_head_s01_sm.dds,5616,referenced-full
texture/am_head_r5_n1ship_head_s01.dds,87536,referenced-full
texture/am_head_r5_n1ship_head_s01_n.dds,349652,referenced-full
texture/am_head_r5_n1ship_head_s01_sm.dds,5616,referenced-full
texture/anakin_podracer.dds,349680,referenced-full
texture/anakin_podracer_cn.dds,349680,referenced-full
texture/anakin_podracer_jet.dds,349680,referenced-full
texture/anakin_podracer_jet_cn.dds,349680,referenced-full
texture/anakin_podracer_jet_sm.dds,2872,referenced-full
texture/anakin_podracer_sm.dds,2872,referenced-full
texture/angler_king.dds,349680,referenced-full
texture/angler_king_cn.dds,349680,UNREFERENCED
texture/angler_king_sm.dds,43832,referenced-full
texture/angler_queen-01.dds,349680,referenced-full
texture/angler_queen-01_cn.dds,349680,UNREFERENCED
texture/angler_queen-02.dds,349680,referenced-full
texture/angler_queen-02_cn.dds,349680,UNREFERENCED
texture/angler_queen_eye.dds,5616,referenced-full
texture/angler_queen_sm.dds,87528,referenced-full
texture/angler_razor.dds,87536,referenced-full
texture/angler_razor_cn.dds,349680,referenced-full
texture/angler_razor_sm.dds,5616,referenced-full
texture/angler_razor_spec.dds,87536,referenced-full
texture/angler_razor_spec_sm.dds,5616,referenced-full
texture/armor_black_mountain_bracer_wke_camo.dds,87536,referenced-basename
texture/armor_black_mountain_bracer_wke_camo_sm.dds,5616,referenced-basename
texture/armor_black_mountain_chest_plate_02_wke_camo.dds,87536,referenced-basename
texture/armor_black_mountain_chest_plate_02_wke_camo_sm.dds,5616,referenced-full
texture/armor_black_mountain_chest_plate_wke_camo.dds,87536,referenced-basename
texture/armor_black_mountain_chest_plate_wke_camo_sm.dds,5616,referenced-basename
texture/armor_black_mountain_helmet_wke_camo.dds,87536,referenced-basename
texture/armor_black_mountain_helmet_wke_camo_sm.dds,5616,referenced-basename
texture/armor_black_mountain_leggings_wke_camo.dds,87536,referenced-basename
texture/armor_black_mountain_leggings_wke_camo_sm.dds,5616,referenced-basename
texture/armor_black_mountain_waist_wke_camo.dds,87536,referenced-basename
texture/armor_black_mountain_waist_wke_camo_sm.dds,5616,referenced-basename
texture/armor_composite_bicep_ptrn_00.dds,87536,referenced-full
texture/armor_composite_bicep_ptrn_01.dds,87536,referenced-full
texture/armor_composite_bicep_ptrn_02.dds,87536,referenced-full
texture/armor_composite_bicep_ptrn_03.dds,87536,referenced-full
texture/armor_composite_bicep_ptrn_04.dds,87536,referenced-full
texture/armor_composite_bicep_ptrn_05.dds,87536,referenced-full
texture/armor_composite_boots_base_ptrn_00.dds,87536,referenced-full
texture/armor_composite_boots_base_ptrn_01.dds,87536,referenced-full
texture/armor_composite_boots_base_ptrn_02.dds,87536,referenced-full
texture/armor_composite_boots_base_ptrn_03.dds,87536,referenced-full
texture/armor_composite_boots_base_ptrn_04.dds,87536,referenced-full
texture/armor_composite_boots_base_ptrn_06.dds,87536,referenced-full
texture/armor_composite_boots_ptrn_00.dds,22000,referenced-full
texture/armor_composite_boots_ptrn_01.dds,22000,referenced-full
texture/armor_composite_boots_ptrn_02.dds,22000,referenced-full
texture/armor_composite_boots_ptrn_03.dds,22000,referenced-full
texture/armor_composite_boots_ptrn_04.dds,22000,referenced-full
texture/armor_composite_boots_ptrn_05.dds,22000,referenced-full
texture/armor_composite_bracer_ptrn_00.dds,87536,referenced-full
texture/armor_composite_bracer_ptrn_01.dds,87536,referenced-full
texture/armor_composite_bracer_ptrn_02.dds,87536,referenced-full
texture/armor_composite_bracer_ptrn_03.dds,87536,referenced-full
texture/armor_composite_bracer_ptrn_04.dds,87536,referenced-full
texture/armor_composite_bracer_ptrn_05.dds,87536,referenced-full
texture/armor_composite_chest_plate_ptrn_00.dds,87536,referenced-full
texture/armor_composite_chest_plate_ptrn_01.dds,87536,referenced-full
texture/armor_composite_chest_plate_ptrn_02.dds,87536,referenced-full
texture/armor_composite_chest_plate_ptrn_03.dds,87536,referenced-full
texture/armor_composite_chest_plate_ptrn_04.dds,87536,referenced-full
texture/armor_composite_chest_plate_ptrn_05.dds,87536,referenced-full
texture/armor_composite_gloves_ptrn_00.dds,22000,referenced-full
texture/armor_composite_gloves_ptrn_01.dds,22000,referenced-full
texture/armor_composite_gloves_ptrn_02.dds,22000,referenced-full
texture/armor_composite_gloves_ptrn_03.dds,22000,referenced-full
texture/armor_composite_gloves_ptrn_04.dds,22000,referenced-full
texture/armor_composite_gloves_ptrn_05.dds,22000,referenced-full
texture/armor_composite_helmet_ptrn_00.dds,87536,referenced-full
texture/armor_composite_helmet_ptrn_01.dds,87536,referenced-full
texture/armor_composite_helmet_ptrn_02.dds,87536,referenced-full
texture/armor_composite_helmet_ptrn_03.dds,87536,referenced-full
texture/armor_composite_helmet_ptrn_04.dds,87536,referenced-full
texture/armor_composite_helmet_ptrn_05.dds,87536,referenced-full
texture/armor_composite_leggings_ptrn_00.dds,87536,referenced-full
texture/armor_composite_leggings_ptrn_01.dds,87536,referenced-full
texture/armor_composite_leggings_ptrn_02.dds,87536,referenced-full
texture/armor_composite_leggings_ptrn_03.dds,87536,referenced-full
texture/armor_composite_leggings_ptrn_04.dds,87536,referenced-full
texture/armor_composite_leggings_ptrn_05.dds,87536,referenced-full
texture/armor_deathtrooper.dds,174904,referenced-full
texture/armor_deathtrooper_sm.dds,2872,referenced-full
texture/armor_galactic_marine_backpack.dds,87536,referenced-full
texture/armor_galactic_marine_backpack_cn.dds,87536,referenced-basename
texture/armor_galactic_marine_backpack_sm.dds,2872,referenced-basename
texture/armor_galactic_marine_belt.dds,87536,referenced-full
texture/armor_galactic_marine_belt_cn.dds,87536,referenced-full
texture/armor_galactic_marine_belt_gcw.dds,22000,referenced-full
texture/armor_galactic_marine_belt_gcw_sm.dds,5616,referenced-basename
texture/armor_galactic_marine_belt_sm.dds,2872,referenced-full
texture/armor_galactic_marine_bicep.dds,87536,referenced-full
texture/armor_galactic_marine_bicep_cn.dds,87536,referenced-full
texture/armor_galactic_marine_bicep_gcw.dds,87536,referenced-full
texture/armor_galactic_marine_bicep_gcw_sm.dds,22000,referenced-basename
texture/armor_galactic_marine_bicep_hue.dds,87536,referenced-full
texture/armor_galactic_marine_bicep_hue_sm.dds,22000,referenced-basename
texture/armor_galactic_marine_bicep_sm.dds,2872,referenced-full
texture/armor_galactic_marine_boots.dds,87536,referenced-full
texture/armor_galactic_marine_boots_cn.dds,87536,referenced-full
texture/armor_galactic_marine_boots_gcw.dds,87536,referenced-full
texture/armor_galactic_marine_boots_gcw_sm.dds,22000,referenced-basename
texture/armor_galactic_marine_boots_sm.dds,2872,referenced-full
texture/armor_galactic_marine_bracer.dds,87536,referenced-full
texture/armor_galactic_marine_bracer_cn.dds,87536,referenced-full
texture/armor_galactic_marine_bracer_gcw.dds,87536,referenced-basename
texture/armor_galactic_marine_bracer_gcw_sm.dds,22000,referenced-basename
texture/armor_galactic_marine_bracer_hue.dds,87536,referenced-basename
texture/armor_galactic_marine_bracer_hue_sm.dds,22000,referenced-basename
texture/armor_galactic_marine_bracer_sm.dds,2872,referenced-full
texture/armor_galactic_marine_chest_plate.dds,349680,referenced-basename
texture/armor_galactic_marine_chest_plate_cn.dds,349680,referenced-basename
texture/armor_galactic_marine_chest_plate_gcw.dds,349680,referenced-basename
texture/armor_galactic_marine_chest_plate_gcw_sm.dds,87536,referenced-basename
texture/armor_galactic_marine_chest_plate_hue.dds,349680,referenced-basename
texture/armor_galactic_marine_chest_plate_hue_sm.dds,87536,referenced-basename
texture/armor_galactic_marine_chest_plate_sm.dds,2872,referenced-basename
texture/armor_galactic_marine_gloves.dds,87536,referenced-full
texture/armor_galactic_marine_gloves_cn.dds,87536,referenced-full
texture/armor_galactic_marine_gloves_gcw.dds,22000,referenced-basename
texture/armor_galactic_marine_gloves_gcw_sm.dds,5616,referenced-basename
texture/armor_galactic_marine_gloves_hue.dds,22000,referenced-basename
texture/armor_galactic_marine_gloves_hue_sm.dds,5616,referenced-basename
texture/armor_galactic_marine_gloves_sm.dds,2872,referenced-full
texture/armor_galactic_marine_helmet.dds,87536,referenced-full
texture/armor_galactic_marine_helmet_cn.dds,87536,referenced-full
texture/armor_galactic_marine_helmet_gcw.dds,87536,referenced-basename
texture/armor_galactic_marine_helmet_gcw_sm.dds,22000,referenced-basename
texture/armor_galactic_marine_helmet_hue.dds,87536,referenced-basename
texture/armor_galactic_marine_helmet_hue_sm.dds,22000,referenced-basename
texture/armor_galactic_marine_helmet_sm.dds,2872,referenced-full
texture/armor_galactic_marine_helmet_spec.dds,43832,UNREFERENCED
texture/armor_galactic_marine_leggings.dds,87536,referenced-full
texture/armor_galactic_marine_leggings_cn.dds,87536,referenced-basename
texture/armor_galactic_marine_leggings_gcw.dds,87536,referenced-basename
texture/armor_galactic_marine_leggings_gcw_sm.dds,22000,referenced-basename
texture/armor_galactic_marine_leggings_sm.dds,2872,referenced-basename
texture/armor_kash_cer_bicep_wke_ptrn_00.dds,87536,referenced-full
texture/armor_kash_cer_bicep_wke_ptrn_00_sm.dds,22000,referenced-full
texture/armor_kash_cer_bicep_wke_ptrn_01.dds,87536,referenced-full
texture/armor_kash_cer_bicep_wke_ptrn_01_sm.dds,22000,referenced-full
texture/armor_kash_cer_bicep_wke_ptrn_02.dds,87536,referenced-full
texture/armor_kash_cer_bicep_wke_ptrn_02_sm.dds,22000,referenced-full
texture/armor_kash_cer_bicep_wke_ptrn_03.dds,87536,referenced-full
texture/armor_kash_cer_bicep_wke_ptrn_03_sm.dds,22000,referenced-full
texture/armor_kash_cer_bicep_wke_ptrn_04.dds,87536,referenced-full
texture/armor_kash_cer_bicep_wke_ptrn_04_sm.dds,22000,referenced-full
texture/armor_kash_cer_bicep_wke_ptrn_05.dds,87536,referenced-full
texture/armor_kash_cer_bicep_wke_ptrn_05_sm.dds,22000,referenced-full
texture/armor_kash_cer_bracer_wke_ptrn_00.dds,87536,referenced-full
texture/armor_kash_cer_bracer_wke_ptrn_00_sm.dds,22000,referenced-full
texture/armor_kash_cer_bracer_wke_ptrn_01.dds,87536,referenced-full
texture/armor_kash_cer_bracer_wke_ptrn_01_sm.dds,22000,referenced-full
texture/armor_kash_cer_bracer_wke_ptrn_02.dds,87536,referenced-full
texture/armor_kash_cer_bracer_wke_ptrn_02_sm.dds,22000,referenced-full
texture/armor_kash_cer_bracer_wke_ptrn_03.dds,87536,referenced-full
texture/armor_kash_cer_bracer_wke_ptrn_03_sm.dds,22000,referenced-full
texture/armor_kash_cer_bracer_wke_ptrn_04.dds,87536,referenced-full
texture/armor_kash_cer_bracer_wke_ptrn_04_sm.dds,22000,referenced-full
texture/armor_kash_cer_bracer_wke_ptrn_05.dds,87536,referenced-full
texture/armor_kash_cer_bracer_wke_ptrn_05_sm.dds,22000,referenced-full
texture/armor_kash_cer_chest_plate_wke_ptrn_00.dds,87536,referenced-full
texture/armor_kash_cer_chest_plate_wke_ptrn_00_sm.dds,22000,referenced-full
texture/armor_kash_cer_chest_plate_wke_ptrn_01.dds,87536,referenced-full
texture/armor_kash_cer_chest_plate_wke_ptrn_01_sm.dds,22000,referenced-full
texture/armor_kash_cer_chest_plate_wke_ptrn_02.dds,87536,referenced-full
texture/armor_kash_cer_chest_plate_wke_ptrn_02_sm.dds,22000,referenced-full
texture/armor_kash_cer_chest_plate_wke_ptrn_03.dds,87536,referenced-full
texture/armor_kash_cer_chest_plate_wke_ptrn_03_sm.dds,22000,referenced-full
texture/armor_kash_cer_chest_plate_wke_ptrn_04.dds,87536,referenced-full
texture/armor_kash_cer_chest_plate_wke_ptrn_04_sm.dds,22000,referenced-full
texture/armor_kash_cer_chest_plate_wke_ptrn_05.dds,87536,referenced-full
texture/armor_kash_cer_chest_plate_wke_ptrn_05_sm.dds,22000,referenced-full
texture/armor_kash_cer_helm_wke_ptrn_00.dds,87536,referenced-full
texture/armor_kash_cer_helm_wke_ptrn_00_sm.dds,22000,referenced-full
texture/armor_kash_cer_helm_wke_ptrn_01.dds,87536,referenced-full
texture/armor_kash_cer_helm_wke_ptrn_01_sm.dds,22000,referenced-full
texture/armor_kash_cer_helm_wke_ptrn_02.dds,87536,referenced-full
texture/armor_kash_cer_helm_wke_ptrn_02_sm.dds,22000,referenced-full
texture/armor_kash_cer_helm_wke_ptrn_03.dds,87536,referenced-full
texture/armor_kash_cer_helm_wke_ptrn_03_sm.dds,22000,referenced-full
texture/armor_kash_cer_helm_wke_ptrn_04.dds,87536,referenced-full
texture/armor_kash_cer_helm_wke_ptrn_04_sm.dds,22000,referenced-full
texture/armor_kash_cer_helm_wke_ptrn_05.dds,87536,referenced-full
texture/armor_kash_cer_helm_wke_ptrn_05_sm.dds,22000,referenced-full
texture/armor_kash_cer_leggings_wke_ptrn_00.dds,87536,referenced-full
texture/armor_kash_cer_leggings_wke_ptrn_00_sm.dds,22000,referenced-full
texture/armor_kash_cer_leggings_wke_ptrn_01.dds,87536,referenced-full
texture/armor_kash_cer_leggings_wke_ptrn_01_sm.dds,22000,referenced-full
texture/armor_kash_cer_leggings_wke_ptrn_02.dds,87536,referenced-full
texture/armor_kash_cer_leggings_wke_ptrn_02_sm.dds,22000,referenced-full
texture/armor_kash_cer_leggings_wke_ptrn_03.dds,87536,referenced-full
texture/armor_kash_cer_leggings_wke_ptrn_03_sm.dds,22000,referenced-full
texture/armor_kash_cer_leggings_wke_ptrn_04.dds,87536,referenced-full
texture/armor_kash_cer_leggings_wke_ptrn_04_sm.dds,22000,referenced-full
texture/armor_kash_cer_leggings_wke_ptrn_05.dds,87536,referenced-full
texture/armor_kash_cer_leggings_wke_ptrn_05_sm.dds,22000,referenced-full
texture/armor_mandalorian_imperial_arm.dds,87536,referenced-full
texture/armor_mandalorian_imperial_arm_cn.dds,87536,referenced-basename
texture/armor_mandalorian_imperial_arm_hue.dds,87536,referenced-basename
texture/armor_mandalorian_imperial_arm_sm.dds,5616,referenced-basename
texture/armor_mandalorian_imperial_arm_spec.dds,87536,referenced-basename
texture/armor_mandalorian_imperial_arm_spec_sm.dds,5616,referenced-basename
texture/armor_mandalorian_imperial_belt.dds,22000,referenced-full
texture/armor_mandalorian_imperial_belt_cn.dds,22000,referenced-basename
texture/armor_mandalorian_imperial_belt_hue.dds,22000,referenced-basename
texture/armor_mandalorian_imperial_belt_sm.dds,1520,referenced-basename
texture/armor_mandalorian_imperial_belt_spec.dds,22000,referenced-basename
texture/armor_mandalorian_imperial_belt_spec_sm.dds,1520,referenced-basename
texture/armor_mandalorian_imperial_boots.dds,87536,referenced-basename
texture/armor_mandalorian_imperial_boots_cn.dds,87536,referenced-basename
texture/armor_mandalorian_imperial_boots_hue.dds,87536,referenced-basename
texture/armor_mandalorian_imperial_boots_sm.dds,5616,referenced-basename
texture/armor_mandalorian_imperial_boots_spec.dds,87536,referenced-basename
texture/armor_mandalorian_imperial_boots_spec_sm.dds,5616,referenced-basename
texture/armor_mandalorian_imperial_bracer.dds,87536,referenced-basename
texture/armor_mandalorian_imperial_bracer_cn.dds,87536,referenced-basename
texture/armor_mandalorian_imperial_bracer_hue.dds,87536,referenced-basename
texture/armor_mandalorian_imperial_bracer_sm.dds,5616,referenced-basename
texture/armor_mandalorian_imperial_bracer_spec.dds,87536,referenced-basename
texture/armor_mandalorian_imperial_bracer_spec_sm.dds,5616,referenced-basename
texture/armor_mandalorian_imperial_chest.dds,349680,referenced-basename
texture/armor_mandalorian_imperial_chest_cn.dds,349680,referenced-basename
texture/armor_mandalorian_imperial_chest_hue.dds,87536,referenced-basename
texture/armor_mandalorian_imperial_chest_sm.dds,22000,referenced-basename
texture/armor_mandalorian_imperial_chest_spec.dds,349680,referenced-basename
texture/armor_mandalorian_imperial_chest_spec_sm.dds,22000,referenced-basename
texture/armor_mandalorian_imperial_hand.dds,22000,referenced-full
texture/armor_mandalorian_imperial_hand_cn.dds,22000,referenced-basename
texture/armor_mandalorian_imperial_hand_hue.dds,22000,referenced-basename
texture/armor_mandalorian_imperial_hand_sm.dds,1520,referenced-basename
texture/armor_mandalorian_imperial_hand_spec.dds,22000,referenced-basename
texture/armor_mandalorian_imperial_helmet.dds,87536,referenced-basename
texture/armor_mandalorian_imperial_helmet_cn.dds,87536,referenced-basename
texture/armor_mandalorian_imperial_helmet_hue.dds,87536,referenced-basename
texture/armor_mandalorian_imperial_helmet_sm.dds,5616,referenced-basename
texture/armor_mandalorian_imperial_helmet_spec.dds,87536,referenced-basename
texture/armor_mandalorian_imperial_helmet_spec_sm.dds,5616,referenced-basename
texture/armor_mandalorian_imperial_leggings.dds,349680,referenced-basename
texture/armor_mandalorian_imperial_leggings_cn.dds,349680,referenced-basename
texture/armor_mandalorian_imperial_leggings_hue.dds,87536,referenced-basename
texture/armor_mandalorian_imperial_leggings_sm.dds,22000,referenced-basename
texture/armor_mandalorian_imperial_leggings_spec.dds,349680,referenced-basename
texture/armor_mandalorian_imperial_leggings_spec_sm.dds,22000,referenced-basename
texture/armor_mandalorian_rebel_belt.dds,22000,referenced-full
texture/armor_mandalorian_rebel_belt_cn.dds,22000,referenced-full
texture/armor_mandalorian_rebel_belt_hue.dds,22000,referenced-basename
texture/armor_mandalorian_rebel_belt_sm.dds,1520,referenced-full
texture/armor_mandalorian_rebel_belt_spec.dds,22000,referenced-basename
texture/armor_mandalorian_rebel_belt_spec_sm.dds,1520,referenced-basename
texture/armor_mandalorian_rebel_biceps.dds,87536,referenced-full
texture/armor_mandalorian_rebel_biceps_cn.dds,87536,referenced-basename
texture/armor_mandalorian_rebel_biceps_hue.dds,87536,referenced-basename
texture/armor_mandalorian_rebel_biceps_sm.dds,5616,referenced-basename
texture/armor_mandalorian_rebel_biceps_spec.dds,87536,referenced-basename
texture/armor_mandalorian_rebel_biceps_spec_sm.dds,5616,referenced-basename
texture/armor_mandalorian_rebel_boots.dds,87536,referenced-full
texture/armor_mandalorian_rebel_boots_cn.dds,87536,referenced-basename
texture/armor_mandalorian_rebel_boots_hue.dds,87536,referenced-basename
texture/armor_mandalorian_rebel_boots_sm.dds,5616,referenced-basename
texture/armor_mandalorian_rebel_boots_spec.dds,87536,referenced-basename
texture/armor_mandalorian_rebel_boots_spec_sm.dds,5616,referenced-basename
texture/armor_mandalorian_rebel_bracers.dds,87536,referenced-full
texture/armor_mandalorian_rebel_bracers_cn.dds,87536,referenced-basename
texture/armor_mandalorian_rebel_bracers_hue.dds,87536,referenced-basename
texture/armor_mandalorian_rebel_bracers_sm.dds,5616,referenced-basename
texture/armor_mandalorian_rebel_bracers_spec.dds,87536,referenced-basename
texture/armor_mandalorian_rebel_bracers_spec_sm.dds,5616,referenced-basename
texture/armor_mandalorian_rebel_chest_piece.dds,349680,referenced-basename
texture/armor_mandalorian_rebel_chest_piece_cn.dds,349680,referenced-basename
texture/armor_mandalorian_rebel_chest_piece_hue.dds,87536,referenced-basename
texture/armor_mandalorian_rebel_chest_piece_sm.dds,22000,referenced-basename
texture/armor_mandalorian_rebel_chest_piece_spec.dds,349680,referenced-basename
texture/armor_mandalorian_rebel_chest_piece_spec_sm.dds,22000,referenced-basename
texture/armor_mandalorian_rebel_gloves.dds,22000,referenced-full
texture/armor_mandalorian_rebel_gloves_cn.dds,22000,referenced-basename
texture/armor_mandalorian_rebel_gloves_hue.dds,22000,referenced-basename
texture/armor_mandalorian_rebel_gloves_sm.dds,1520,referenced-basename
texture/armor_mandalorian_rebel_gloves_spec.dds,22000,referenced-basename
texture/armor_mandalorian_rebel_gloves_spec_sm.dds,1520,referenced-basename
texture/armor_mandalorian_rebel_helmet.dds,87536,referenced-full
texture/armor_mandalorian_rebel_helmet_cn.dds,87536,referenced-basename
texture/armor_mandalorian_rebel_helmet_hue.dds,87536,referenced-basename
texture/armor_mandalorian_rebel_helmet_sm.dds,5616,referenced-basename
texture/armor_mandalorian_rebel_helmet_spec.dds,87536,referenced-basename
texture/armor_mandalorian_rebel_helmet_spec_sm.dds,5616,referenced-basename
texture/armor_mandalorian_rebel_leggings.dds,349680,referenced-basename
texture/armor_mandalorian_rebel_leggings_cn.dds,87536,referenced-basename
texture/armor_mandalorian_rebel_leggings_hue.dds,87536,referenced-basename
texture/armor_mandalorian_rebel_leggings_sm.dds,22000,referenced-basename
texture/armor_mandalorian_rebel_leggings_spec.dds,349680,referenced-basename
texture/armor_mandalorian_rebel_leggings_spec_sm.dds,22000,referenced-basename
texture/armor_marauder_leggings_s02_n_sm.dds,21972,referenced-basename
texture/armor_marine_s01_boots_gcw.dds,87536,referenced-full
texture/armor_marine_s01_boots_gcw_sm.dds,22000,referenced-full
texture/armor_marine_s01_chest_plate_gcw.dds,87536,referenced-basename
texture/armor_marine_s01_chest_plate_gcw_sm.dds,22000,referenced-basename
texture/armor_marine_s01_gloves_gcw.dds,22000,referenced-full
texture/armor_marine_s01_gloves_gcw_sm.dds,5616,referenced-full
texture/armor_marine_s01_helmet_gcw.dds,87536,referenced-full
texture/armor_marine_s01_helmet_gcw_sm.dds,22000,referenced-full
texture/armor_marine_s01_helmet_light_gcw.dds,11088,referenced-basename
texture/armor_marine_s01_leggings_gcw.dds,87536,referenced-full
texture/armor_marine_s01_leggings_gcw_sm.dds,22000,referenced-basename
texture/armor_marine_s01_shoulder_gcw.dds,5616,referenced-full
texture/armor_marine_s01_shoulder_gcw_sm.dds,1520,referenced-basename
texture/armor_rebel_s02_belt_gcw.dds,22000,UNREFERENCED
texture/armor_rebel_s02_belt_gcw_sm.dds,5616,referenced-full
texture/armor_rebel_s02_bicep_gcw.dds,87536,referenced-full
texture/armor_rebel_s02_bicep_gcw_sm.dds,22000,referenced-full
texture/armor_rebel_s02_boots_gcw.dds,43856,referenced-full
texture/armor_rebel_s02_boots_gcw_sm.dds,11088,referenced-full
texture/armor_rebel_s02_bracer_gcw.dds,87536,referenced-full
texture/armor_rebel_s02_bracer_gcw_sm.dds,22000,referenced-full
texture/armor_rebel_s02_chest_plate_gcw.dds,87536,referenced-full
texture/armor_rebel_s02_chest_plate_gcw_sm.dds,22000,referenced-basename
texture/armor_rebel_s02_glove_gcw.dds,5616,referenced-full
texture/armor_rebel_s02_glove_gcw_sm.dds,1520,referenced-full
texture/armor_rebel_s02_helmet_gcw.dds,87536,referenced-full
texture/armor_rebel_s02_helmet_gcw_sm.dds,22000,referenced-full
texture/armor_rebel_s02_leggings_gcw.dds,87536,referenced-full
texture/armor_rebel_s02_leggings_gcw_sm.dds,22000,referenced-full
texture/armor_rebel_s03_biceps_camo.dds,87536,referenced-full
texture/armor_rebel_s03_biceps_camo_sm.dds,5616,referenced-full
texture/armor_rebel_s03_biceps_gcw.dds,87536,referenced-full
texture/armor_rebel_s03_biceps_gcw_sm.dds,22000,referenced-full
texture/armor_rebel_s03_boots_camo.dds,87536,referenced-full
texture/armor_rebel_s03_boots_camo_sm.dds,5616,referenced-full
texture/armor_rebel_s03_boots_gcw.dds,87536,referenced-full
texture/armor_rebel_s03_boots_gcw_sm.dds,22000,referenced-full
texture/armor_rebel_s03_bracers_camo.dds,87536,referenced-full
texture/armor_rebel_s03_bracers_camo_sm.dds,5616,referenced-full
texture/armor_rebel_s03_bracers_gcw.dds,87536,referenced-full
texture/armor_rebel_s03_bracers_gcw_sm.dds,22000,referenced-full
texture/armor_rebel_s03_chest_camo.dds,87536,referenced-full
texture/armor_rebel_s03_chest_camo_sm.dds,5616,referenced-full
texture/armor_rebel_s03_chest_gcw.dds,87536,referenced-full
texture/armor_rebel_s03_chest_gcw_sm.dds,22000,referenced-full
texture/armor_rebel_s03_gloves_camo.dds,22000,referenced-full
texture/armor_rebel_s03_gloves_camo_sm.dds,1520,referenced-full
texture/armor_rebel_s03_gloves_gcw.dds,22000,referenced-full
texture/armor_rebel_s03_gloves_gcw_sm.dds,5616,referenced-full
texture/armor_rebel_s03_helmet_camo.dds,87536,referenced-full
texture/armor_rebel_s03_helmet_camo_sm.dds,5616,referenced-full
texture/armor_rebel_s03_helmet_gcw.dds,87536,referenced-full
texture/armor_rebel_s03_helmet_gcw_sm.dds,22000,referenced-full
texture/armor_rebel_s03_leggings_camo.dds,87536,referenced-full
texture/armor_rebel_s03_leggings_camo_sm.dds,5616,referenced-basename
texture/armor_rebel_s03_leggings_gcw.dds,87536,referenced-full
texture/armor_rebel_s03_leggings_gcw_sm.dds,22000,referenced-full
texture/armor_rebel_s03_spec_ops_biceps_hue.dds,87536,referenced-basename
texture/armor_rebel_s03_utility_belt_camo.dds,22000,referenced-basename
texture/armor_rebel_s03_utility_belt_camo_sm.dds,1520,referenced-basename
texture/armor_rebel_s03_utility_belt_gcw.dds,22000,referenced-basename
texture/armor_rebel_s03_utility_belt_gcw_sm.dds,5616,referenced-basename
texture/armor_rebel_s03_visor_gcw.dds,5616,referenced-full
texture/armor_rebel_snow_soldier_backpack.dds,87536,referenced-basename
texture/armor_rebel_snow_soldier_backpack_cn.dds,87536,referenced-basename
texture/armor_rebel_snow_soldier_backpack_sm.dds,5616,referenced-basename
texture/armor_rebel_snow_soldier_belt_m.dds,87536,referenced-full
texture/armor_rebel_snow_soldier_belt_m_cn.dds,87536,referenced-basename
texture/armor_rebel_snow_soldier_belt_m_sm.dds,2872,referenced-basename
texture/armor_rebel_snow_soldier_bicep_m.dds,87536,referenced-basename
texture/armor_rebel_snow_soldier_bicep_m_cn.dds,87536,referenced-basename
texture/armor_rebel_snow_soldier_bicep_m_sm.dds,2872,referenced-basename
texture/armor_rebel_snow_soldier_boots_m.dds,87536,referenced-basename
texture/armor_rebel_snow_soldier_boots_m_sm.dds,2872,referenced-basename
texture/armor_rebel_snow_soldier_bracer_m.dds,87536,referenced-basename
texture/armor_rebel_snow_soldier_bracer_m_cn.dds,87536,referenced-basename
texture/armor_rebel_snow_soldier_bracer_m_sm.dds,2872,referenced-basename
texture/armor_rebel_snow_soldier_chest_plate_m.dds,349680,referenced-basename
texture/armor_rebel_snow_soldier_chest_plate_m_cn.dds,349680,referenced-basename
texture/armor_rebel_snow_soldier_chest_plate_m_sm.dds,2872,referenced-basename
texture/armor_rebel_snow_soldier_gloves_m.dds,87536,referenced-basename
texture/armor_rebel_snow_soldier_gloves_m_cn.dds,87536,referenced-basename
texture/armor_rebel_snow_soldier_gloves_m_sm.dds,2872,referenced-basename
texture/armor_rebel_snow_soldier_helmet_m.dds,349680,referenced-basename
texture/armor_rebel_snow_soldier_helmet_m_cn.dds,349680,referenced-basename
texture/armor_rebel_snow_soldier_helmet_m_sm.dds,2872,referenced-basename
texture/armor_rebel_snow_soldier_leggings_m.dds,87536,referenced-basename
texture/armor_rebel_snow_soldier_leggings_m_cn.dds,87536,referenced-basename
texture/armor_rebel_snow_soldier_leggings_m_sm.dds,2872,referenced-basename
texture/armor_rebel_specforce_belt.dds,87536,referenced-full
texture/armor_rebel_specforce_belt_cn.dds,87536,referenced-full
texture/armor_rebel_specforce_belt_gcw.dds,87536,referenced-full
texture/armor_rebel_specforce_belt_gcw_sm.dds,22000,referenced-basename
texture/armor_rebel_specforce_belt_hue.dds,87536,referenced-full
texture/armor_rebel_specforce_belt_hue_sm.dds,5616,referenced-basename
texture/armor_rebel_specforce_belt_sm.dds,2872,referenced-full
texture/armor_rebel_specforce_bicep.dds,87536,referenced-full
texture/armor_rebel_specforce_bicep_cn.dds,87536,referenced-full
texture/armor_rebel_specforce_bicep_gcw.dds,87536,referenced-full
texture/armor_rebel_specforce_bicep_gcw_sm.dds,22000,referenced-basename
texture/armor_rebel_specforce_bicep_hue.dds,87536,referenced-full
texture/armor_rebel_specforce_bicep_hue_sm.dds,22000,referenced-basename
texture/armor_rebel_specforce_bicep_sm.dds,2872,referenced-full
texture/armor_rebel_specforce_boot.dds,87536,referenced-full
texture/armor_rebel_specforce_boot_cn.dds,87536,referenced-full
texture/armor_rebel_specforce_boot_gcw.dds,87536,referenced-full
texture/armor_rebel_specforce_boot_gcw_sm.dds,22000,referenced-basename
texture/armor_rebel_specforce_boot_hue.dds,87536,referenced-full
texture/armor_rebel_specforce_boot_hue_sm.dds,22000,referenced-basename
texture/armor_rebel_specforce_boot_sm.dds,2872,referenced-full
texture/armor_rebel_specforce_bracer.dds,87536,referenced-full
texture/armor_rebel_specforce_bracer_cn.dds,87536,referenced-full
texture/armor_rebel_specforce_bracer_emis.dds,87536,referenced-basename
texture/armor_rebel_specforce_bracer_gcw.dds,87536,referenced-basename
texture/armor_rebel_specforce_bracer_gcw_sm.dds,22000,referenced-basename
texture/armor_rebel_specforce_bracer_sm.dds,2872,referenced-full
texture/armor_rebel_specforce_chest.dds,87536,referenced-full
texture/armor_rebel_specforce_chest_cn.dds,87536,referenced-full
texture/armor_rebel_specforce_chest_gcw.dds,87536,referenced-full
texture/armor_rebel_specforce_chest_gcw_sm.dds,22000,referenced-basename
texture/armor_rebel_specforce_chest_hue.dds,87536,referenced-full
texture/armor_rebel_specforce_chest_hue_sm.dds,22000,referenced-basename
texture/armor_rebel_specforce_chest_sm.dds,2872,referenced-full
texture/armor_rebel_specforce_gloves.dds,87536,referenced-full
texture/armor_rebel_specforce_gloves_cn.dds,87536,referenced-full
texture/armor_rebel_specforce_gloves_gcw.dds,87536,referenced-basename
texture/armor_rebel_specforce_gloves_gcw_sm.dds,22000,referenced-basename
texture/armor_rebel_specforce_gloves_sm.dds,2872,referenced-full
texture/armor_rebel_specforce_helmet.dds,87536,referenced-full
texture/armor_rebel_specforce_helmet_cn.dds,87536,referenced-full
texture/armor_rebel_specforce_helmet_emis.dds,87536,referenced-basename
texture/armor_rebel_specforce_helmet_gcw.dds,87536,referenced-basename
texture/armor_rebel_specforce_helmet_gcw_sm.dds,22000,referenced-basename
texture/armor_rebel_specforce_helmet_hu.dds,87536,referenced-full
texture/armor_rebel_specforce_helmet_hue.dds,87536,referenced-basename
texture/armor_rebel_specforce_helmet_hue_sm.dds,22000,referenced-basename
texture/armor_rebel_specforce_helmet_sm.dds,2872,referenced-full
texture/armor_rebel_specforce_leggings.dds,87536,referenced-full
texture/armor_rebel_specforce_leggings_cn.dds,87536,referenced-basename
texture/armor_rebel_specforce_leggings_gcw.dds,87536,referenced-basename
texture/armor_rebel_specforce_leggings_gcw_sm.dds,22000,referenced-basename
texture/armor_rebel_specforce_leggings_hue.dds,87536,referenced-basename
texture/armor_rebel_specforce_leggings_hue_sm.dds,22000,referenced-basename
texture/armor_rebel_specforce_leggings_sm.dds,2872,referenced-basename
texture/armor_scouttrooper_arms_camo.dds,87536,referenced-full
texture/armor_scouttrooper_arms_camo_sm.dds,5616,referenced-full
texture/armor_scouttrooper_arms_gcw.dds,87536,referenced-full
texture/armor_scouttrooper_arms_sm_gcw.dds,22000,referenced-full
texture/armor_scouttrooper_belt_camo.dds,87536,referenced-full
texture/armor_scouttrooper_belt_camo_sm.dds,5616,referenced-full
texture/armor_scouttrooper_belt_gcw.dds,22000,referenced-full
texture/armor_scouttrooper_belt_sm_gcw.dds,5616,referenced-full
texture/armor_scouttrooper_boots_camo.dds,87536,referenced-full
texture/armor_scouttrooper_boots_camo_sm.dds,5616,referenced-basename
texture/armor_scouttrooper_boots_gcw.dds,43856,referenced-full
texture/armor_scouttrooper_boots_sm_gcw.dds,11088,referenced-full
texture/armor_scouttrooper_gloves_gcw.dds,22000,referenced-full
texture/armor_scouttrooper_gloves_sm_gcw.dds,5616,referenced-basename
texture/armor_scouttrooper_helmet_camo.dds,87536,referenced-full
texture/armor_scouttrooper_helmet_camo_sm.dds,5616,referenced-basename
texture/armor_scouttrooper_helmet_gcw.dds,87536,referenced-full
texture/armor_scouttrooper_helmet_sm_gcw.dds,22000,referenced-basename
texture/armor_scouttrooper_leggings_camo.dds,87536,referenced-basename
texture/armor_scouttrooper_leggings_camo_sm.dds,5616,referenced-basename
texture/armor_scouttrooper_leggings_gcw.dds,87536,referenced-full
texture/armor_scouttrooper_leggings_sm_gcw.dds,22000,referenced-basename
texture/armor_scouttrooper_torso_back_camo.dds,22000,referenced-basename
texture/armor_scouttrooper_torso_back_camo_sm.dds,5616,referenced-basename
texture/armor_scouttrooper_torso_back_gcw.dds,22000,referenced-basename
texture/armor_scouttrooper_torso_back_sm_gcw.dds,5616,referenced-basename
texture/armor_scouttrooper_torso_camo.dds,87536,referenced-full
texture/armor_scouttrooper_torso_camo_sm.dds,87536,referenced-basename
texture/armor_scouttrooper_torso_gcw.dds,87536,referenced-full
texture/armor_scouttrooper_torso_sm_gcw.dds,22000,referenced-full
texture/armor_shocktrooper_belt_bd.dds,11088,referenced-full
texture/armor_shocktrooper_belt_bd_sm.dds,848,referenced-full
texture/armor_shocktrooper_bicep_l_bd.dds,43856,referenced-full
texture/armor_shocktrooper_bicep_l_bd_sm.dds,2896,referenced-basename
texture/armor_shocktrooper_bicep_r_bd.dds,43856,referenced-full
texture/armor_shocktrooper_bicep_r_bd_sm.dds,2896,referenced-basename
texture/armor_shocktrooper_boots_bd.dds,87536,referenced-full
texture/armor_shocktrooper_boots_bd_sm.dds,5616,referenced-full
texture/armor_shocktrooper_bracer_bd.dds,43856,referenced-full
texture/armor_shocktrooper_bracer_bd_sm.dds,2896,referenced-full
texture/armor_shocktrooper_chest_plate_bd.dds,87536,referenced-basename
texture/armor_shocktrooper_chest_plate_bd_sm.dds,5616,referenced-basename
texture/armor_shocktrooper_gloves_bd.dds,22000,referenced-full
texture/armor_shocktrooper_gloves_bd_sm.dds,1520,referenced-full
texture/armor_shocktrooper_helmet_bd.dds,87536,referenced-full
texture/armor_shocktrooper_helmet_bd_sm.dds,5616,referenced-full
texture/armor_shocktrooper_leggings_bd.dds,87536,referenced-full
texture/armor_shocktrooper_leggings_bd_sm.dds,5616,referenced-basename
texture/armor_snow_trooper_belt.dds,87536,referenced-full
texture/armor_snow_trooper_belt_cn.dds,87536,referenced-full
texture/armor_snow_trooper_belt_sm.dds,2872,referenced-full
texture/armor_snow_trooper_bicep.dds,87536,UNREFERENCED
texture/armor_snow_trooper_bicep_cn.dds,87536,referenced-full
texture/armor_snow_trooper_bicep_sm.dds,2872,referenced-full
texture/armor_snow_trooper_boots.dds,87536,UNREFERENCED
texture/armor_snow_trooper_boots_cn.dds,87536,referenced-full
texture/armor_snow_trooper_boots_sm.dds,2872,referenced-full
texture/armor_snow_trooper_box.dds,22000,referenced-full
texture/armor_snow_trooper_box_cn.dds,22000,referenced-full
texture/armor_snow_trooper_box_sm.dds,5616,referenced-full
texture/armor_snow_trooper_bracer.dds,87536,referenced-full
texture/armor_snow_trooper_bracer_cn.dds,87536,referenced-full
texture/armor_snow_trooper_bracer_sm.dds,2872,referenced-full
texture/armor_snow_trooper_chest_plate.dds,349680,referenced-full
texture/armor_snow_trooper_chest_plate_cn.dds,349680,referenced-basename
texture/armor_snow_trooper_chest_plate_sm.dds,5616,referenced-basename
texture/armor_snow_trooper_gloves.dds,87536,referenced-full
texture/armor_snow_trooper_gloves_cn.dds,87536,referenced-full
texture/armor_snow_trooper_gloves_sm.dds,2872,referenced-full
texture/armor_snow_trooper_helmet.dds,87536,referenced-full
texture/armor_snow_trooper_helmet_cn.dds,87536,referenced-full
texture/armor_snow_trooper_helmet_sm.dds,2872,referenced-full
texture/armor_snow_trooper_leggings.dds,87536,referenced-full
texture/armor_snow_trooper_leggings_cn.dds,87536,referenced-full
texture/armor_snow_trooper_leggings_sm.dds,2872,referenced-full
texture/armor_stormtrooper_s1_bicep_camo.dds,22000,referenced-basename
texture/armor_stormtrooper_s1_bicep_camo_sm.dds,1520,referenced-basename
texture/armor_stormtrooper_s1_bicep_gcw.dds,22000,referenced-full
texture/armor_stormtrooper_s1_bicep_sm_gcw.dds,5616,referenced-basename
texture/armor_stormtrooper_s1_bracer_camo.dds,22000,referenced-basename
texture/armor_stormtrooper_s1_bracer_camo_sm.dds,1520,referenced-basename
texture/armor_stormtrooper_s1_bracer_gcw.dds,22000,referenced-basename
texture/armor_stormtrooper_s1_bracer_sm_gcw.dds,5616,referenced-basename
texture/armor_stormtrooper_s1_chest_plate_camo.dds,43856,referenced-basename
texture/armor_stormtrooper_s1_chest_plate_camo_sm.dds,2896,referenced-basename
texture/armor_stormtrooper_s1_chest_plate_gcw.dds,43856,referenced-basename
texture/armor_stormtrooper_s1_chest_plate_sm_gcw.dds,11088,referenced-basename
texture/armor_stormtrooper_s1_chest_plate_spec_ops.dds,43856,referenced-basename
texture/armor_stormtrooper_s1_chest_plate_spec_ops_sm.dds,2896,referenced-full
texture/armor_stormtrooper_s1_foot_camo.dds,22000,referenced-full
texture/armor_stormtrooper_s1_foot_camo_sm.dds,1520,referenced-basename
texture/armor_stormtrooper_s1_foot_gcw.dds,22000,referenced-full
texture/armor_stormtrooper_s1_foot_sm_gcw.dds,5616,referenced-basename
texture/armor_stormtrooper_s1_gloves_camo.dds,11088,referenced-basename
texture/armor_stormtrooper_s1_gloves_camo_sm.dds,848,referenced-basename
texture/armor_stormtrooper_s1_gloves_gcw.dds,11088,referenced-basename
texture/armor_stormtrooper_s1_gloves_sm_gcw.dds,2896,referenced-basename
texture/armor_stormtrooper_s1_helmet_camo.dds,87536,referenced-basename
texture/armor_stormtrooper_s1_helmet_camo_sm.dds,5616,referenced-basename
texture/armor_stormtrooper_s1_helmet_detail_camo.dds,5616,referenced-basename
texture/armor_stormtrooper_s1_helmet_gcw.dds,87536,referenced-basename
texture/armor_stormtrooper_s1_helmet_sm_gcw.dds,22000,referenced-basename
texture/armor_stormtrooper_s1_pelvis_camo.dds,22000,referenced-basename
texture/armor_stormtrooper_s1_pelvis_camo_sm.dds,1520,referenced-basename
texture/armor_stormtrooper_s1_pelvis_gcw.dds,22000,referenced-basename
texture/armor_stormtrooper_s1_pelvis_sm_gcw.dds,5616,referenced-basename
texture/armor_stormtrooper_s1_shin_l_camo.dds,22000,referenced-basename
texture/armor_stormtrooper_s1_shin_l_camo_sm.dds,1520,referenced-basename
texture/armor_stormtrooper_s1_shin_l_gcw.dds,22000,referenced-basename
texture/armor_stormtrooper_s1_shin_l_sm_gcw.dds,5616,referenced-basename
texture/armor_stormtrooper_s1_shin_r_camo.dds,22000,referenced-basename
texture/armor_stormtrooper_s1_shin_r_camo_sm.dds,1520,referenced-basename
texture/armor_stormtrooper_s1_shin_r_gcw.dds,22000,referenced-basename
texture/armor_stormtrooper_s1_shin_r_sm_gcw.dds,5616,referenced-basename
texture/armor_stormtrooper_s1_shoulder_camo.dds,22000,referenced-basename
texture/armor_stormtrooper_s1_shoulder_gcw.dds,22000,referenced-basename
texture/armor_stormtrooper_s1_thigh_l_camo.dds,22000,referenced-basename
texture/armor_stormtrooper_s1_thigh_l_camo_sm.dds,1520,referenced-basename
texture/armor_stormtrooper_s1_thigh_l_gcw.dds,22000,referenced-basename
texture/armor_stormtrooper_s1_thigh_l_sm_gcw.dds,5616,referenced-basename
texture/armor_stormtrooper_s1_thigh_r_camo.dds,22000,referenced-basename
texture/armor_stormtrooper_s1_thigh_r_camo_sm.dds,1520,referenced-basename
texture/armor_stormtrooper_s1_thigh_r_gcw.dds,22000,referenced-basename
texture/armor_stormtrooper_s1_thigh_r_sm_gcw.dds,5616,referenced-basename
texture/armor_veers_chestplate.dds,87536,referenced-full
texture/armor_veers_chestplate_arms.dds,87536,referenced-full
texture/armor_veers_chestplate_arms_cn.dds,87536,referenced-full
texture/armor_veers_chestplate_arms_sm.dds,5616,referenced-full
texture/armor_veers_chestplate_cn.dds,349652,referenced-full
texture/armor_veers_chestplate_sm.dds,5616,referenced-full
texture/armor_veers_helmet.dds,22000,referenced-full
texture/armor_veers_helmet_cn.dds,22000,referenced-full
texture/armor_veers_helmet_sm.dds,1520,referenced-full
texture/armored_dew_01.dds,349680,referenced-full
texture/armored_dew_01_cn.dds,349680,referenced-full
texture/armored_dew_01_emis.dds,349680,referenced-full
texture/armored_dew_02.dds,349680,referenced-full
texture/armored_dew_02_cn.dds,349680,referenced-full
texture/armored_dew_02_emis.dds,349680,referenced-full
texture/armored_dew_shield.dds,87536,referenced-full
texture/armored_dew_sm.dds,174928,referenced-full
texture/armored_dew_sm_emis.dds,174928,referenced-full
texture/armored_tauntaun.dds,349680,referenced-full
texture/armored_tauntaun_cn.dds,349680,referenced-full
texture/armored_tauntaun_sm.dds,11064,referenced-full
texture/arms_cn.dds,349680,referenced-full
texture/arms_hue.dds,349680,referenced-full
texture/arms_spec.dds,349680,referenced-full
texture/arrow05.dds,4224,referenced-full
texture/arrow_disk.dds,11064,referenced-full
texture/asn_121_cn.dds,87536,referenced-full
texture/asn_121_s.dds,87536,referenced-full
texture/at-rt_01_camo_hueb_01.dds,349680,referenced-full
texture/at-rt_01_camo_hueb_02.dds,349680,referenced-full
texture/at-rt_01_camo_spec.dds,349680,referenced-full
texture/at-rt_01_h_color_cn.dds,349680,referenced-full
texture/at-rt_01_reg_hueb_01.dds,349680,referenced-full
texture/at-rt_01_reg_hueb_02.dds,349680,referenced-full
texture/at-rt_01_reg_spec.dds,349680,referenced-full
texture/at-rt_02_camo_hueb_01.dds,174928,referenced-full
texture/at-rt_02_camo_hueb_02.dds,174928,referenced-full
texture/at-rt_02_camo_spec.dds,174928,referenced-full
texture/at-rt_02_cn.dds,349680,referenced-full
texture/at-rt_camo_hueb_sm.dds,87536,referenced-full
texture/at-rt_camo_spec_sm.dds,87536,referenced-full
texture/at-rt_emis.dds,87536,referenced-full
texture/at-rt_reg_hueb_sm.dds,87536,referenced-full
texture/at-rt_reg_spec_sm.dds,87536,referenced-full
texture/at_xt.dds,349680,referenced-full
texture/at_xt_cn.dds,349680,referenced-full
texture/at_xt_gcw.dds,349680,referenced-full
texture/at_xt_gcw_sm.dds,87536,referenced-full
texture/at_xt_sm.dds,5616,referenced-full
texture/atat_house_f.dds,87536,referenced-full
texture/atat_house_in_f.dds,87536,referenced-full
texture/atat_house_in_torsoa.dds,174928,referenced-full
texture/atat_house_in_torsob.dds,87536,referenced-full
texture/atat_house_in_torsoc.dds,87536,referenced-full
texture/atat_house_in_torsoe.dds,87536,referenced-full
texture/atat_house_metal.dds,87536,referenced-full
texture/atat_house_metal_cn.dds,87536,referenced-full
texture/atat_house_metal_detail.dds,87536,referenced-full
texture/atat_house_metal_grate.dds,87536,referenced-full
texture/atat_house_metal_grate_cn.dds,87536,referenced-full
texture/atat_house_metal_grate_in.dds,87536,referenced-full
texture/atat_house_metal_in.dds,87536,referenced-full
texture/atat_house_metal_in_detail.dds,87536,referenced-full
texture/atat_house_metal_sm.dds,5616,referenced-full
texture/atat_house_rock.dds,87536,referenced-full
texture/atat_house_rock_n.dds,87536,referenced-full
texture/atat_house_rock_sm.dds,5616,referenced-full
texture/atat_house_torsoa_grunge.dds,174928,UNREFERENCED
texture/atat_house_torsoa_n.dds,174928,referenced-full
texture/atat_house_torsob_grunge.dds,87536,UNREFERENCED
texture/atat_house_torsob_n.dds,87536,referenced-full
texture/atat_house_torsoc_grunge.dds,87536,UNREFERENCED
texture/atat_house_torsoc_n.dds,87536,referenced-full
texture/atat_house_torsod_grunge.dds,174928,UNREFERENCED
texture/atat_house_torsod_n.dds,174928,referenced-full
texture/atat_house_torsoe_grunge.dds,87536,UNREFERENCED
texture/atat_house_torsoe_n.dds,87536,referenced-full
texture/atat_plush.dds,349680,referenced-full
texture/atat_plush_cn.dds,349680,referenced-full
texture/atat_plush_sm.dds,22000,referenced-full
texture/atpt.dds,349680,referenced-full
texture/atpt_n.dds,349680,referenced-full
texture/atpt_n_sm.dds,87508,referenced-full
texture/atpt_sm.dds,22000,referenced-full
texture/atst_pv.dds,1520,referenced-full
texture/aurebesh_tile_a.dds,43856,referenced-full
texture/aurebesh_tile_a_cn.dds,43856,referenced-full
texture/aurebesh_tile_b.dds,43856,referenced-full
texture/aurebesh_tile_b_cn.dds,43856,referenced-full
texture/aurebesh_tile_c.dds,43856,referenced-full
texture/aurebesh_tile_c_cn.dds,43856,referenced-full
texture/aurebesh_tile_cherk.dds,43856,referenced-full
texture/aurebesh_tile_cherk_cn.dds,43856,referenced-full
texture/aurebesh_tile_d.dds,43856,referenced-full
texture/aurebesh_tile_d_cn.dds,43856,referenced-full
texture/aurebesh_tile_e.dds,43856,referenced-full
texture/aurebesh_tile_e_cn.dds,43856,referenced-full
texture/aurebesh_tile_enth.dds,43856,referenced-full
texture/aurebesh_tile_enth_cn.dds,43856,referenced-full
texture/aurebesh_tile_f.dds,43856,referenced-full
texture/aurebesh_tile_f_cn.dds,43856,referenced-full
texture/aurebesh_tile_g.dds,43856,referenced-full
texture/aurebesh_tile_g_cn.dds,43856,referenced-full
texture/aurebesh_tile_h.dds,43856,referenced-full
texture/aurebesh_tile_h_cn.dds,43856,referenced-full
texture/aurebesh_tile_i.dds,43856,referenced-full
texture/aurebesh_tile_i_cn.dds,43856,referenced-full
texture/aurebesh_tile_j.dds,43856,referenced-full
texture/aurebesh_tile_j_cn.dds,43856,referenced-full
texture/aurebesh_tile_k.dds,43856,referenced-full
texture/aurebesh_tile_k_cn.dds,43856,referenced-full
texture/aurebesh_tile_krenth.dds,43856,referenced-full
texture/aurebesh_tile_krenth_cn.dds,43856,referenced-full
texture/aurebesh_tile_l.dds,43856,referenced-full
texture/aurebesh_tile_l_cn.dds,43856,referenced-full
texture/aurebesh_tile_m.dds,43856,referenced-full
texture/aurebesh_tile_m_cn.dds,43856,referenced-full
texture/aurebesh_tile_n.dds,43856,referenced-full
texture/aurebesh_tile_n_cn.dds,43856,referenced-full
texture/aurebesh_tile_nen.dds,43856,referenced-full
texture/aurebesh_tile_nen_cn.dds,43856,referenced-full
texture/aurebesh_tile_o.dds,43856,referenced-full
texture/aurebesh_tile_o_cn.dds,43856,referenced-full
texture/aurebesh_tile_onith.dds,43856,referenced-full
texture/aurebesh_tile_onith_cn.dds,43856,referenced-full
texture/aurebesh_tile_orenth.dds,43856,referenced-full
texture/aurebesh_tile_orenth_cn.dds,43856,referenced-full
texture/aurebesh_tile_p.dds,43856,referenced-full
texture/aurebesh_tile_p_cn.dds,43856,referenced-full
texture/aurebesh_tile_q.dds,43856,referenced-full
texture/aurebesh_tile_q_cn.dds,43856,referenced-full
texture/aurebesh_tile_r.dds,43856,referenced-full
texture/aurebesh_tile_r_cn.dds,43856,referenced-full
texture/aurebesh_tile_s.dds,43856,referenced-full
texture/aurebesh_tile_s_cn.dds,43856,referenced-full
texture/aurebesh_tile_shen.dds,43856,referenced-full
texture/aurebesh_tile_shen_cn.dds,43856,referenced-full
texture/aurebesh_tile_t.dds,43856,referenced-full
texture/aurebesh_tile_t_cn.dds,43856,referenced-full
texture/aurebesh_tile_thesh.dds,43856,referenced-full
texture/aurebesh_tile_thesh_cn.dds,43856,referenced-full
texture/aurebesh_tile_u.dds,43856,referenced-full
texture/aurebesh_tile_u_cn.dds,43856,referenced-full
texture/aurebesh_tile_v.dds,43856,referenced-full
texture/aurebesh_tile_v_cn.dds,43856,referenced-full
texture/aurebesh_tile_w.dds,43856,referenced-full
texture/aurebesh_tile_w_cn.dds,43856,referenced-full
texture/aurebesh_tile_x.dds,43856,referenced-full
texture/aurebesh_tile_x_cn.dds,43856,referenced-full
texture/aurebesh_tile_y.dds,43856,referenced-full
texture/aurebesh_tile_y_cn.dds,43856,referenced-full
texture/aurebesh_tile_z.dds,43856,referenced-full
texture/aurebesh_tile_z_cn.dds,43856,referenced-full
texture/aurilia.dds,43856,referenced-full
texture/aurilia_bridge_path_detl.dds,349680,UNREFERENCED
texture/aurilia_crystal.dds,87536,referenced-full
texture/aurilia_crystal_base.dds,87536,referenced-full
texture/aurilia_crystal_base_carvings.dds,22032,referenced-full
texture/aurilia_crystal_base_carvings_cn.dds,22032,referenced-basename
texture/aurilia_crystal_emis.dds,87536,referenced-full
texture/aurilia_crystal_lod.dds,22000,referenced-full
texture/aurilia_ground_hut_roof.dds,87536,referenced-full
texture/aurilia_ground_hut_roof_cn.dds,87536,referenced-full
texture/aurilia_ground_hut_side01.dds,87536,referenced-full
texture/aurilia_ground_hut_side01_cn.dds,87536,referenced-full
texture/aurilia_ground_hut_side02.dds,87536,referenced-full
texture/aurilia_ground_hut_side02_cn.dds,87536,referenced-full
texture/aurilia_ground_hut_trim_lights.dds,87536,referenced-full
texture/aurilia_ground_hut_trim_lights_cn.dds,87536,referenced-basename
texture/aurilia_ground_hut_trim_lights_emis.dds,87536,referenced-basename
texture/aurilia_hut_large_pack.dds,87536,referenced-full
texture/aurilia_hut_large_pack_emis.dds,22000,referenced-full
texture/aurilia_obelisk.dds,349680,referenced-full
texture/aurilia_obelisk_cn.dds,349680,referenced-full
texture/aurilia_obelisk_em.dds,349680,referenced-full
texture/aurilia_obelisk_sm.dds,22000,referenced-full
texture/aurilia_ship_1.dds,1398256,referenced-full
texture/aurilia_ship_1_cn.dds,1398256,referenced-full
texture/aurilia_ship_1_emis.dds,349680,referenced-full
texture/aurilia_ship_2.dds,1398256,referenced-full
texture/aurilia_ship_2_cn.dds,1398256,referenced-full
texture/aurilia_ship_2_emis.dds,349680,referenced-full
texture/aurilia_token.dds,22000,referenced-full
texture/aurilia_token_cn.dds,22000,referenced-full
texture/aurilia_token_spec.dds,22000,referenced-full
texture/aurra_body.dds,349680,referenced-full
texture/aurra_body_sm.dds,87536,referenced-full
texture/aurra_eyelash.dds,2896,referenced-full
texture/aurra_face.dds,43856,referenced-full
texture/aurra_face_sm.dds,2896,referenced-full
texture/aurra_hand.dds,87536,referenced-full
texture/aurra_hand_sm.dds,2896,referenced-full
texture/aurra_vest.dds,349680,referenced-full
texture/awing_mini_s01.dds,87536,referenced-full
texture/awing_mini_s01_cn.dds,87536,referenced-full
texture/awing_mini_s01_sm.dds,22000,referenced-full
texture/awing_mini_s02.dds,174928,referenced-full
texture/awing_mini_s02_cn.dds,174928,referenced-full
texture/awing_mini_s02_sm.dds,43856,referenced-full
texture/axkva_min_01.dds,349680,referenced-full
texture/axkva_min_01_em.dds,349680,referenced-full
texture/axkva_min_02.dds,349680,referenced-full
texture/axkva_min_02_cn.dds,349680,referenced-full
texture/axkva_min_03.dds,349680,referenced-full
texture/axkva_min_03_cn.dds,349680,referenced-full
texture/axkva_min_04.dds,87536,referenced-full
texture/axkva_min_04_spec.dds,87536,referenced-full
texture/axkva_min_door.dds,349680,referenced-full
texture/axkva_min_door_cn.dds,349680,referenced-full
texture/axkva_min_door_no_text.dds,349680,referenced-full
texture/axkva_min_door_no_text_cn.dds,349680,referenced-full
texture/axkva_min_sm.dds,87536,referenced-full
texture/baby_colo_claw_fish.dds,87536,referenced-full
texture/baby_colo_claw_fish_cn.dds,87536,referenced-full
texture/baby_colo_claw_fish_emis.dds,87536,UNREFERENCED
texture/baby_colo_claw_fish_sm.dds,2872,referenced-full
texture/backpack_cupid_feathers_hue_s01.dds,5648,referenced-full
texture/backpack_cupid_feathers_s01.dds,22000,referenced-full
texture/backpack_cupid_feathers_s02.dds,5648,referenced-full
texture/backpack_cupid_feathers_s03.dds,5648,referenced-full
texture/backpack_cupid_feathers_s04.dds,5648,referenced-full
texture/backpack_cupid_wings_hue_s01.dds,349680,referenced-full
texture/backpack_cupid_wings_hue_s01_cn_sp.dds,349680,referenced-basename
texture/backpack_cupid_wings_hueb_s01.dds,349680,referenced-full
texture/backpack_cupid_wings_s02.dds,349680,UNREFERENCED
texture/backpack_cupid_wings_s02_cn.dds,349680,referenced-full
texture/backpack_cupid_wings_s03.dds,349680,UNREFERENCED
texture/backpack_cupid_wings_s04.dds,349680,UNREFERENCED
texture/backpack_endor.dds,43832,referenced-full
texture/backpack_endor_cn.dds,87536,referenced-full
texture/backpack_endor_sm.dds,2872,referenced-full
texture/backpack_nym.dds,87536,referenced-full
texture/backpack_nym_cn.dds,87536,referenced-full
texture/backpack_nym_sm.dds,22000,referenced-full
texture/backpack_s07.dds,349680,referenced-full
texture/backpack_s07_n.dds,349680,referenced-full
texture/backpack_s07_sm.dds,22000,referenced-full
texture/backpack_s08.dds,349680,referenced-full
texture/backpack_s08_sm.dds,22000,referenced-full
texture/backpack_s09.dds,349680,referenced-full
texture/backpack_s09_sm.dds,22000,referenced-full
texture/backpack_sandtrooper.dds,43832,referenced-full
texture/backpack_sandtrooper_cn.dds,87536,referenced-full
texture/backpack_sandtrooper_sm.dds,2872,referenced-full
texture/backpack_yoda.dds,349680,referenced-full
texture/backpack_yoda_cn.dds,349680,referenced-full
texture/backpack_yoda_sm.dds,5616,referenced-full
texture/bail_organa_speeder_body.dds,349680,UNREFERENCED
texture/bail_organa_speeder_body_cn.dds,349680,referenced-full
texture/bail_organa_speeder_body_sm.dds,2872,referenced-full
texture/bail_organa_speeder_cockpit.dds,349680,referenced-full
texture/bail_organa_speeder_cockpit_cn.dds,349680,referenced-full
texture/bail_organa_speeder_cockpit_sm.dds,2872,referenced-full
texture/bail_organa_speeder_glass.dds,87536,referenced-full
texture/bail_organa_speeder_glass_sm.dds,5616,referenced-full
texture/balta_podracer_cockpit.dds,174904,referenced-full
texture/balta_podracer_cockpit_cn.dds,349680,referenced-full
texture/balta_podracer_cockpit_sm.dds,2872,referenced-full
texture/balta_podracer_turbine.dds,174904,referenced-full
texture/balta_podracer_turbine_cn.dds,349680,referenced-full
texture/balta_podracer_turbine_sm.dds,2872,referenced-full
texture/bandfill_a_hue.dds,22000,referenced-full
texture/bandfill_a_hue_spec.dds,22000,referenced-full
texture/bandfill_b_hue.dds,22000,referenced-full
texture/bandolier_s010.dds,349680,referenced-full
texture/bandolier_s010_cn.dds,1398228,referenced-full
texture/bantha_armor.dds,349680,referenced-full
texture/bantha_armor_cn.dds,349680,referenced-full
texture/bantha_armor_emis.dds,349680,referenced-full
texture/bantha_armor_hair.dds,87536,referenced-full
texture/bantha_armor_saddle.dds,349680,referenced-full
texture/bantha_armor_saddle_cn.dds,349680,referenced-full
texture/bantha_armor_saddle_sm.dds,22000,referenced-full
texture/bantha_armor_sm.dds,22000,referenced-full
texture/barbed_quenker.dds,349680,referenced-full
texture/barbed_quenker_cn.dds,349680,referenced-full
texture/barbed_quenker_sm.dds,22000,referenced-full
texture/barc_combined_destroyed_med.dds,174928,referenced-full
texture/barc_combined_destroyed_sm.dds,21992,referenced-full
texture/barc_main_destroyed.dds,349680,referenced-full
texture/barc_mini_s01.dds,174928,referenced-full
texture/barc_mini_s01_cn.dds,174928,referenced-full
texture/barc_mini_s01_sm.dds,43856,referenced-full
texture/barc_mini_s02.dds,87536,referenced-full
texture/barc_mini_s02_cn.dds,87536,referenced-full
texture/barc_mini_s02_sm.dds,22000,referenced-full
texture/barc_misc_destroyed.dds,87536,referenced-full
texture/base_rock.dds,22000,referenced-full
texture/basilisk_mini_s01.dds,174928,referenced-full
texture/basilisk_mini_s01_cn.dds,174928,referenced-full
texture/basilisk_mini_s01_sm.dds,43856,referenced-full
texture/basilisk_mini_s02.dds,87536,referenced-full
texture/basilisk_mini_s02_cn.dds,87536,referenced-full
texture/basilisk_mini_s02_sm.dds,22000,referenced-full
texture/basilisk_sm.dds,174928,referenced-full
texture/basilisk_spec_sm.dds,174928,referenced-full
texture/belt_whip_a.dds,87536,referenced-full
texture/belt_whip_a_sm.dds,5616,referenced-full
texture/belt_whip_b.dds,87536,referenced-full
texture/belt_whip_b_sm.dds,5616,referenced-full
texture/belt_whip_cn.dds,87536,referenced-full
texture/binjinphant.dds,349680,referenced-full
texture/binjinphant_lod_2.dds,11088,referenced-full
texture/binjinphant_spec.dds,349680,referenced-full
texture/bird_saddle.dds,349680,referenced-full
texture/bird_saddle_n.dds,349680,referenced-full
texture/bird_saddle_sm.dds,22000,referenced-full
texture/black.dds,496,referenced-full
texture/blacksun_token.dds,22000,referenced-full
texture/blacksun_token_cn.dds,22000,referenced-full
texture/blacksun_token_spec.dds,22000,referenced-full
texture/blacksun_transport_player_ceiling.dds,87536,referenced-basename
texture/blacksun_transport_player_ceiling2.dds,87536,referenced-basename
texture/blacksun_transport_player_consol_emiss.01.dds,349680,referenced-basename
texture/blacksun_transport_player_consol_emiss.02.dds,349680,referenced-basename
texture/blacksun_transport_player_door.dds,174928,referenced-full
texture/blacksun_transport_player_escape.dds,174928,referenced-basename
texture/blacksun_transport_player_floor.dds,349680,referenced-full
texture/blacksun_transport_player_frame.dds,349680,referenced-full
texture/blacksun_transport_player_glass1.dds,87536,referenced-basename
texture/blacksun_transport_player_grate.dds,87536,referenced-full
texture/blacksun_transport_player_hall.dds,349680,referenced-full
texture/blacksun_transport_player_hallpad.dds,87536,referenced-basename
texture/blacksun_transport_player_holo.dds,349680,referenced-full
texture/blacksun_transport_player_holo_cn.dds,349680,referenced-basename
texture/blacksun_transport_player_light.dds,87536,referenced-full
texture/blacksun_transport_player_light2.dds,22000,referenced-basename
texture/blacksun_transport_player_strut1.dds,349680,referenced-basename
texture/blacksun_transport_player_strut2.dds,174928,referenced-basename
texture/blacksun_transport_player_table.dds,174928,referenced-full
texture/blacksun_transport_player_table_emiss.01.dds,174928,referenced-basename
texture/blacksun_transport_player_table_emiss.02.dds,174928,referenced-basename
texture/blacksun_transport_player_table_spec.dds,174928,referenced-basename
texture/blacksun_transport_player_trim.dds,87536,referenced-full
texture/blacksun_transport_player_trim2.dds,43856,referenced-full
texture/blacksun_transport_player_wall1.dds,349680,referenced-full
texture/blacksun_transport_player_wall2.dds,349680,referenced-full
texture/blacksun_transport_player_wall3.dds,349680,referenced-full
texture/blacksun_transport_player_wall4.dds,349680,referenced-full
texture/blacksun_transport_player_window.dds,174928,referenced-basename
texture/blacksun_transport_player_window_env.dds,174928,UNREFERENCED
texture/blacksun_transport_player_window_spec.dds,174928,referenced-basename
texture/blackwing_s01_colorramp.dds,640,referenced-full
texture/blackwing_s02_colorramp.dds,640,referenced-full
texture/blackwing_s03_colorramp.dds,640,referenced-full
texture/blackwing_s04_colorramp.dds,640,referenced-full
texture/blade_lb_noise.dds,87536,referenced-full
texture/blistmok_body.dds,349680,referenced-full
texture/blistmok_body_cn.dds,349680,referenced-full
texture/blistmok_body_sm.dds,22000,referenced-full
texture/blistmok_body_spec.dds,349680,referenced-full
texture/blistmok_body_spec_sm.dds,22000,referenced-full
texture/blistmok_eye.dds,5616,referenced-full
texture/blistmok_eye_spec.dds,5616,referenced-full
texture/blow_horn_end_hue.dds,5616,referenced-full
texture/blue_4_4.dds,384,referenced-full
texture/blue_sky.dds,87536,referenced-full
texture/body_cn.dds,349680,referenced-full
texture/body_hue.dds,349680,referenced-full
texture/body_spec.dds,349680,referenced-full
texture/bodysuit_prisoner_bottom.dds,87536,UNREFERENCED
texture/bodysuit_prisoner_bottom_cn.dds,87536,referenced-full
texture/bodysuit_prisoner_bottom_sm.dds,2872,referenced-full
texture/bodysuit_prisoner_top.dds,87536,referenced-full
texture/bodysuit_prisoner_top_cn.dds,87536,UNREFERENCED
texture/bodysuit_prisoner_top_sm.dds,2872,UNREFERENCED
texture/bodysuit_tcg_bottom_s01.dds,87536,referenced-full
texture/bodysuit_tcg_bottom_s01_cn.dds,87536,referenced-full
texture/bodysuit_tcg_bottom_s01_sm.dds,5616,referenced-full
texture/bodysuit_tcg_bottom_s02.dds,43832,referenced-full
texture/bodysuit_tcg_bottom_s02_cn.dds,87536,referenced-full
texture/bodysuit_tcg_bottom_s02_sm.dds,5616,referenced-full
texture/bodysuit_tcg_bottom_s03.dds,87536,referenced-full
texture/bodysuit_tcg_bottom_s03_cn.dds,87536,referenced-full
texture/bodysuit_tcg_bottom_s03_sm.dds,5616,referenced-full
texture/bodysuit_tcg_bottom_s04.dds,87536,referenced-full
texture/bodysuit_tcg_bottom_s04_cn.dds,87536,referenced-full
texture/bodysuit_tcg_top_s01.dds,87536,referenced-full
texture/bodysuit_tcg_top_s01_cn.dds,87536,referenced-full
texture/bodysuit_tcg_top_s01_sm.dds,5616,referenced-full
texture/bodysuit_tcg_top_s02.dds,87536,referenced-full
texture/bodysuit_tcg_top_s02_cn.dds,87536,referenced-full
texture/bodysuit_tcg_top_s02_sm.dds,5616,referenced-full
texture/bodysuit_tcg_top_s03.dds,87536,referenced-full
texture/bodysuit_tcg_top_s03_cn.dds,87536,referenced-full
texture/bodysuit_tcg_top_s03_sm.dds,5616,referenced-full
texture/bodysuit_tcg_top_s04.dds,87536,referenced-full
texture/bodysuit_tcg_top_s04_cn.dds,87536,referenced-full
texture/bodysuit_tcg_top_s04_sm.dds,5616,referenced-full
texture/bol_elite.dds,174928,referenced-full
texture/bol_elite_cn.dds,174928,referenced-full
texture/bol_elite_sm.dds,22000,referenced-full
texture/bolle_bol_elite.dds,349680,referenced-full
texture/bolle_bol_elite_cn.dds,349680,referenced-full
texture/bolle_bol_elite_sm.dds,22000,referenced-full
texture/borgax.dds,349680,referenced-full
texture/borgax_hue.dds,349680,referenced-full
texture/borgax_hue_sm.dds,22000,referenced-full
texture/borgax_n.dds,349680,referenced-full
texture/borgax_sm.dds,22000,referenced-full
texture/borgax_spec.dds,349680,referenced-full
texture/bracelet_gcw_s01.dds,22032,referenced-full
texture/bracelet_gcw_s01_cn.dds,22032,referenced-full
texture/bracelet_gcw_s01_emis.dds,22032,referenced-full
texture/bracelet_gcw_s01_sm.dds,5648,referenced-full
texture/bracelet_gcw_s02.dds,22032,referenced-full
texture/bracelet_gcw_s02_cn.dds,22032,referenced-full
texture/bracelet_gcw_s02_sm.dds,1552,referenced-full
texture/bracelet_gcw_s03.dds,22032,referenced-full
texture/bracelet_gcw_s03_cn.dds,22032,referenced-full
texture/bracelet_gcw_s03_sm.dds,840,referenced-full
texture/bridge_rock_s01.dds,87536,referenced-full
texture/bridge_rock_s01_cn.dds,349652,referenced-full
texture/bridge_rock_s01_detail.dds,87536,referenced-full
texture/bridge_rock_s01_sm.dds,5616,referenced-full
texture/bridge_rock_s01_spec.dds,87536,referenced-full
texture/bridge_rock_s01_spec_sm.dds,5616,referenced-full
texture/bth_b_teeth_zombie.dds,840,referenced-full
texture/bth_f_body_zombie.dds,174928,referenced-full
texture/bth_f_body_zombie_cn.dds,174928,referenced-full
texture/bth_f_body_zombie_sm.dds,11088,referenced-full
texture/bth_f_face_zombie.dds,87536,referenced-full
texture/bth_f_face_zombie_cn.dds,87536,referenced-full
texture/bth_f_face_zombie_sm.dds,5616,referenced-full
texture/bth_hair_strips.dds,22000,referenced-full
texture/bth_hair_strips_sm.dds,1520,referenced-full
texture/bth_m_body_zombie.dds,174928,referenced-full
texture/bth_m_body_zombie_cn.dds,174928,referenced-full
texture/bth_m_body_zombie_lod_sm.dds,1520,UNREFERENCED
texture/bth_m_body_zombie_sm.dds,11088,referenced-full
texture/bth_m_face_zombie.dds,87536,referenced-full
texture/bth_m_face_zombie_cn.dds,87536,referenced-full
texture/bth_m_face_zombie_sm.dds,5616,referenced-full
texture/bth_mowhawk.dds,22000,referenced-full
texture/buzzknuck.dds,87536,referenced-full
texture/buzzknuck_cn.dds,87536,referenced-full
texture/c3po_backpack.dds,349680,referenced-full
texture/c3po_backpack_cn.dds,349680,referenced-full
texture/c3po_backpack_net.dds,87536,referenced-full
texture/c3po_backpack_net_cn.dds,87536,referenced-full
texture/c3po_backpack_sm.dds,2872,referenced-full
texture/c3po_backpack_spec.dds,349680,referenced-full
texture/c3po_efol.dds,174928,referenced-full
texture/c3po_efol_cn.dds,174928,referenced-full
texture/c3po_gold_all_bobblehead.dds,174928,UNREFERENCED
texture/c3poabdo_gold_bobblehead.dds,22000,UNREFERENCED
texture/canvas_strap.dds,87536,referenced-full
texture/canvas_strap_buckle.dds,2872,referenced-full
texture/canvas_strap_cn.dds,87536,referenced-full
texture/cape_imp_s01_cn.dds,349680,referenced-full
texture/cape_tcg_gold.dds,349680,referenced-full
texture/cape_tcg_gold_sm.dds,5616,referenced-full
texture/cape_tcg_lando_cn.dds,349680,referenced-full
texture/cape_tcg_prpl.dds,349680,referenced-full
texture/cape_tcg_prpl_cn.dds,349680,referenced-full
texture/cape_tcg_prpl_sm.dds,5616,referenced-full
texture/capital_ship_collection_engines_simple.dds,1398256,referenced-basename
texture/capital_ship_collection_guns_simple.dds,349680,referenced-basename
texture/capital_ship_collection_guns_simple_sm.dds,22000,referenced-basename
texture/capital_ship_collection_main_simple.dds,1398256,referenced-basename
texture/capital_ship_collection_simple.dds,349680,referenced-full
texture/capital_ship_collection_window.dds,87536,referenced-full
texture/carbine_9118.dds,87536,referenced-full
texture/carbine_9118_sm.dds,5616,referenced-full
texture/carbine_republic_sfor.dds,87536,referenced-full
texture/carbine_republic_sfor_sm.dds,1520,referenced-full
texture/cave_opening.dds,43832,referenced-full
texture/cerean_hair.dds,87536,referenced-full
texture/cerean_m_body.dds,87536,referenced-full
texture/cerean_m_body_n.dds,87508,referenced-full
texture/cerean_m_body_n_sm.dds,5588,referenced-full
texture/cerean_m_body_sm.dds,5616,referenced-full
texture/cerean_m_head.dds,87536,referenced-full
texture/cerean_m_head_hue.dds,87536,referenced-full
texture/cerean_m_head_hue_sm.dds,5616,referenced-full
texture/cerean_m_head_n.dds,87508,referenced-full
texture/cerean_m_head_n_sm.dds,5588,referenced-full
texture/cerean_m_head_sm.dds,5616,referenced-full
texture/ch10_bomb.dds,349680,referenced-full
texture/ch10_bomb_cn.dds,349680,referenced-full
texture/ch10_bomb_spec.dds,349680,referenced-full
texture/chakbark.dds,87536,referenced-full
texture/chocolate_fountain_chocolate.01.dds,22000,referenced-full
texture/chocolate_fountain_chocolate.02.dds,22000,referenced-basename
texture/chocolate_fountain_chocolate.03.dds,22000,referenced-basename
texture/chocolate_fountain_chocolate.04.dds,22000,UNREFERENCED
texture/chocolate_fountain_chocolate.05.dds,22000,UNREFERENCED
texture/chocolate_fountain_chocolate.06.dds,22000,UNREFERENCED
texture/chocolate_fountain_chocolate.07.dds,22000,UNREFERENCED
texture/chocolate_fountain_chocolate.08.dds,22000,UNREFERENCED
texture/chocolate_fountain_pak.dds,87536,referenced-full
texture/chocolate_fountain_water.dds,22000,UNREFERENCED
texture/chocolate_fountain_water_cn.dds,22000,referenced-full
texture/chocolate_fountain_wood.dds,87536,referenced-full
texture/chocolate_fountain_wood_cn.dds,349652,referenced-full
texture/chocolate_fountain_wood_planks.dds,87536,referenced-full
texture/chocolate_fountain_wood_planks_cn.dds,349652,referenced-basename
texture/chocolate_fountain_wood_solid.dds,87536,referenced-full
texture/chocolate_fountain_wood_trim.dds,22032,referenced-full
texture/chocolate_fountain_wood_trim_cn.dds,87516,referenced-full
texture/chuba_fly.dds,349680,referenced-full
texture/chuba_fly_hue.dds,349680,referenced-full
texture/chuba_fly_n.dds,349680,referenced-full
texture/chuba_fly_spec.dds,349680,referenced-full
texture/cloudtile_echo_base_base.dds,65664,UNREFERENCED
texture/cloudtile_echo_base_base_n.dds,65664,referenced-full
texture/cloudtile_echo_base_edge.dds,65664,UNREFERENCED
texture/cloudtile_echo_base_edge_n.dds,65664,referenced-full
texture/cloudtile_must.dds,87536,referenced-full
texture/cloudtile_must_02.dds,87536,referenced-full
texture/colo_claw_fish_box.dds,87536,referenced-full
texture/commando_bunker_door.dds,349680,referenced-full
texture/commando_bunker_door_cn.dds,349680,referenced-full
texture/commando_bunker_door_sm.dds,2872,referenced-full
texture/commando_bunker_floor.dds,87536,referenced-full
texture/commando_bunker_floor_cn.dds,87536,UNREFERENCED
texture/commando_bunker_floor_interior.dds,87536,referenced-full
texture/commando_bunker_floor_interior_cn.dds,349652,referenced-basename
texture/commando_bunker_floor_plate.dds,87536,referenced-full
texture/commando_bunker_floor_plate_cn.dds,87536,referenced-full
texture/commando_bunker_floor_plate_sm.dds,2872,referenced-full
texture/commando_bunker_floor_sm.dds,2872,UNREFERENCED
texture/commando_bunker_wall_beige.dds,87536,referenced-full
texture/commando_bunker_wall_beige_cn.dds,87536,referenced-full
texture/commando_bunker_wall_beige_sm.dds,2872,referenced-full
texture/commando_bunker_wall_green.dds,87536,referenced-full
texture/commando_bunker_wall_green_cn.dds,87536,referenced-full
texture/commando_bunker_wall_green_sm.dds,2872,referenced-full
texture/commando_bunker_wall_plate.dds,87536,referenced-full
texture/commando_bunker_wall_plate_cn.dds,87536,referenced-full
texture/commando_bunker_wall_plate_sm.dds,2872,referenced-full
texture/con_flag_kit.dds,87536,referenced-full
texture/con_smuggler_s01.dds,87536,referenced-full
texture/con_smuggler_s02.dds,87536,referenced-full
texture/cool_blue.00.dds,22000,referenced-full
texture/cool_blue.01.dds,22000,UNREFERENCED
texture/cool_blue.02.dds,22000,UNREFERENCED
texture/cool_blue.03.dds,22000,UNREFERENCED
texture/cool_blue.04.dds,22000,UNREFERENCED
texture/cool_blue.05.dds,22000,UNREFERENCED
texture/cool_blue.06.dds,22000,UNREFERENCED
texture/cool_blue.07.dds,22000,UNREFERENCED
texture/cool_blue.08.dds,22000,UNREFERENCED
texture/corellia_concrete_a_cn.dds,87536,referenced-full
texture/corellia_concrete_a_spec.dds,87536,UNREFERENCED
texture/corellia_concrete_b_spec.dds,87536,UNREFERENCED
texture/corellia_concrete_hue.dds,87536,referenced-full
texture/corellia_roof_metal_a_hue.dds,87536,referenced-full
texture/corv_base_detailb_2005e3.dds,87536,UNREFERENCED
texture/corv_bridge_console1_2005e3.dds,87536,referenced-full
texture/corv_bridge_console2_2005e3.dds,87536,referenced-full
texture/corv_floor_gray_2005e3.dds,349680,referenced-full
texture/corv_gray_metal_grate_2005e3.dds,349680,referenced-full
texture/corv_gray_metal_seam_2005e3.dds,349680,referenced-full
texture/corv_gray_metal_square_2005e3.dds,349680,referenced-full
texture/corv_int_wall_a_grunge_2005e3.dds,87536,referenced-full
texture/corv_int_wall_b_grunge_2005e3.dds,87536,referenced-full
texture/corv_screen_maps2_2005e3.dds,174904,UNREFERENCED
texture/corv_tech_chair_2005e3.dds,87536,referenced-full
texture/corv_tech_console_2005e3.dds,349680,UNREFERENCED
texture/corv_techhall_divider_2005e3.dds,174928,referenced-full
texture/corv_whitewall_base_2005e3.dds,349680,referenced-full
texture/corv_whitewall_panels_2005e3.dds,174928,referenced-full
texture/corv_whitewall_pillars_2005e3.dds,174928,referenced-full
texture/cr_1.dds,87536,referenced-full
texture/cr_1_cn.dds,87536,referenced-full
texture/cz_droid_all_hue.dds,349680,referenced-full
texture/cz_droid_all_hue_mask.dds,87536,referenced-full
texture/cz_droid_all_hue_mask_sm.dds,11088,UNREFERENCED
texture/cz_droid_all_hue_sm.dds,11088,referenced-full
texture/dark_jedi_flag.dds,21992,referenced-full
texture/dark_jedi_lair_diffuse_1.dds,174928,UNREFERENCED
texture/dark_jedi_lair_diffuse_1_cn.dds,174928,referenced-full
texture/dark_jedi_lair_diffuse_2.dds,87536,UNREFERENCED
texture/dark_jedi_lair_diffuse_2_cn.dds,87536,referenced-full
texture/dark_jedi_lair_diffuse_3.dds,87536,UNREFERENCED
texture/dark_jedi_lair_diffuse_3_cn.dds,87536,referenced-full
texture/dark_jedi_lair_diffuse_4.dds,87536,UNREFERENCED
texture/dark_jedi_lair_diffuse_4_cn.dds,87536,referenced-full
texture/dark_jedi_lair_diffuse_4_emis.dds,87536,referenced-full
texture/dark_jedi_lair_diffuse_5.dds,87536,UNREFERENCED
texture/dark_jedi_lair_diffuse_5_cn.dds,87536,referenced-full
texture/dark_jedi_lair_dirt.dds,43832,referenced-full
texture/dd6.dds,87536,referenced-full
texture/dd6_sm.dds,5616,referenced-full
texture/deathtrooper_bobblehead.dds,349680,referenced-full
texture/deathtrooper_bobblehead_cn.dds,349680,referenced-full
texture/deathtrooper_bobblehead_sm.dds,5616,referenced-full
texture/decal_blast_lg.dds,349680,referenced-full
texture/decal_blast_sm.dds,87536,referenced-full
texture/decal_deathtrooper_arrow.dds,22000,UNREFERENCED
texture/decal_deathtrooper_dltby.dds,22000,UNREFERENCED
texture/decal_deathtrooper_hlpgm.dds,22000,UNREFERENCED
texture/decal_deathtrooper_htchbrkn.dds,22000,referenced-full
texture/decal_deathtrooper_mtpsd.dds,22000,UNREFERENCED
texture/decal_deathtrooper_smear_01.dds,22000,referenced-full
texture/decal_deathtrooper_smear_02.dds,22000,referenced-full
texture/decal_deathtrooper_smear_03.dds,22000,referenced-full
texture/decal_deathtrooper_splat_01.dds,22000,referenced-full
texture/decal_deathtrooper_splat_02.dds,22000,referenced-full
texture/decal_deathtrooper_splat_03.dds,22000,referenced-full
texture/decal_graffiti_imperial_01.dds,87536,referenced-full
texture/decal_graffiti_imperial_02.dds,87536,referenced-full
texture/decal_graffiti_imperial_03.dds,87536,referenced-full
texture/decal_graffiti_rebel_01.dds,87536,referenced-full
texture/decal_graffiti_rebel_02.dds,87536,referenced-full
texture/decal_graffiti_rebel_03.dds,87536,referenced-full
texture/decal_main_blast.dds,1398256,referenced-full
texture/decal_meatlump_aur_s01.dds,87536,referenced-full
texture/decal_meatlump_aur_s02.dds,87536,referenced-full
texture/decal_meatlump_aur_s03.dds,87536,referenced-full
texture/decal_meatlump_aur_s04.dds,87536,referenced-full
texture/decal_meatlump_eng_s01.dds,87536,referenced-full
texture/decal_meatlump_eng_s02.dds,87536,referenced-full
texture/decal_meatlump_eng_s03.dds,87536,referenced-full
texture/decal_nym_s01.dds,87536,referenced-full
texture/decal_pgc_s01.dds,349680,referenced-full
texture/decal_pgc_s02.dds,174928,referenced-full
texture/decal_pgc_s03.dds,174928,referenced-full
texture/dejarik_piece_01.dds,22000,referenced-full
texture/dejarik_piece_01_cn.dds,22000,referenced-full
texture/dejarik_piece_02.dds,22000,referenced-full
texture/dejarik_piece_02_cn.dds,22000,referenced-full
texture/dejarik_piece_03.dds,22000,referenced-full
texture/dejarik_piece_03_cn.dds,22000,referenced-full
texture/dejarik_piece_04.dds,22000,referenced-full
texture/dejarik_piece_04_cn.dds,22000,referenced-full
texture/dejarik_piece_05.dds,22000,referenced-full
texture/dejarik_piece_05_cn.dds,22000,referenced-full
texture/dejarik_piece_06.dds,22000,referenced-full
texture/dejarik_piece_06_cn.dds,22000,referenced-full
texture/dejarik_piece_07.dds,22000,referenced-full
texture/dejarik_piece_07_cn.dds,22000,referenced-full
texture/dejarik_piece_08.dds,22000,referenced-full
texture/dejarik_piece_08_cn.dds,22000,referenced-full
texture/desert_skiff.dds,349680,referenced-full
texture/desert_skiff_cn.dds,349680,referenced-full
texture/desert_skiff_color2.dds,349680,referenced-full
texture/desert_skiff_color2_sm.dds,22000,referenced-full
texture/desert_skiff_emis.dds,87536,referenced-full
texture/desert_skiff_emis_sm.dds,5616,referenced-full
texture/desert_skiff_sm.dds,22000,referenced-full
texture/desert_skiff_spec.dds,349680,referenced-full
texture/desert_skiff_spec_sm.dds,22000,referenced-full
texture/destroyed_building_chunks.dds,87536,referenced-full
texture/destroyed_capitol_lrez.dds,174904,referenced-full
texture/destroyed_cloning_lrez.dds,43832,referenced-full
texture/destroyed_garage_lrez.dds,43832,referenced-full
texture/detail.dds,174904,referenced-full
texture/dianoga_dumpster.dds,87536,referenced-full
texture/dianoga_dumpster_cn.dds,87536,referenced-full
texture/dianoga_dumpster_container.dds,349680,referenced-full
texture/dianoga_dumpster_container_cn.dds,349680,referenced-full
texture/dianoga_dumpster_container_sm.dds,2872,referenced-full
texture/dianoga_dumpster_sm.dds,5616,referenced-full
texture/dianoga_dumspter_tentacle.dds,22000,referenced-full
texture/dianoga_dumspter_tentacle_cn.dds,22000,referenced-full
texture/dianoga_dumspter_tentacle_sm.dds,2872,referenced-full
texture/dirt_bigcracks_bluegray_a1_cn.dds,87536,referenced-full
texture/dirt_bigcracks_bluegray_a2_cn.dds,87536,referenced-full
texture/dirt_bigcracks_bluegray_cn.dds,87536,referenced-full
texture/dirt_dath_desertcanyonfloor_a1_n.dds,87536,referenced-basename
texture/dirt_dath_desertcanyonfloor_a2_n.dds,87536,referenced-basename
texture/dirt_dath_desertcanyonfloor_a3_n.dds,87536,referenced-basename
texture/dirt_dath_desertcanyonfloor_n.dds,87536,referenced-full
texture/dirt_dath_path_n.dds,87536,referenced-full
texture/dirt_dath_redhilltran_a1_n.dds,87536,referenced-full
texture/dirt_dath_redhilltran_a2_n.dds,87536,referenced-full
texture/dirt_dath_redhilltran_n.dds,87536,referenced-full
texture/dirt_everdirt_a1_n.dds,87536,referenced-full
texture/dirt_everdirt_a2_n.dds,87536,referenced-full
texture/dirt_grasslands_a1_cn.dds,87536,referenced-full
texture/dirt_grasslands_a2_cn.dds,87536,referenced-full
texture/dirt_grasslands_a3_cn.dds,87536,referenced-full
texture/dirt_grasslands_a4_cn.dds,87536,referenced-full
texture/dirt_grasslands_cn.dds,87536,referenced-full
texture/dirt_lok_smallrock2.dds,349680,referenced-full
texture/dirt_lok_smallrock_a1_cn.dds,87536,UNREFERENCED
texture/dirt_lok_smallrock_a2_cn.dds,87536,UNREFERENCED
texture/dirt_lok_smallrock_cn.dds,87536,referenced-full
texture/dirt_mossydirtblue_a1_cn.dds,87536,UNREFERENCED
texture/dirt_mossydirtblue_a2_cn.dds,87536,UNREFERENCED
texture/dirt_mossydirtblue_cn.dds,87536,referenced-full
texture/dirt_mudcrack_a1_cn.dds,87536,referenced-full
texture/dirt_mudcrack_cn.dds,87536,referenced-full
texture/dirt_muddamp_a1_cn.dds,87536,referenced-full
texture/dirt_muddamp_cn.dds,87536,referenced-full
texture/dirt_muddampcracks_a1_cn.dds,87536,UNREFERENCED
texture/dirt_muddampcracks_a2_cn.dds,87536,UNREFERENCED
texture/dirt_muddampcracks_cn.dds,87536,referenced-full
texture/dirt_yavn_shoreline_a1_cn.dds,87536,referenced-full
texture/dirt_yavn_shoreline_a2_cn.dds,87536,referenced-full
texture/dirt_yavn_shoreline_cn.dds,87536,referenced-full
texture/distant_x_wing_engine_on.dds,1520,UNREFERENCED
texture/dl44_main_gold.dds,22000,referenced-full
texture/dl44_main_gold_cn.dds,22000,referenced-full
texture/dl44_scope_gold.dds,11088,referenced-full
texture/dl44_scope_gold_cn.dds,11088,referenced-full
texture/dogbot_cords.dds,87536,referenced-full
texture/dogbot_emis.dds,349680,referenced-full
texture/dogbot_hue.dds,349680,referenced-full
texture/dogbot_hue_sm.dds,87536,referenced-full
texture/dogbot_hueb.dds,349680,referenced-full
texture/dogbot_hueb_sm.dds,87536,referenced-full
texture/dogbot_normals.dds,349680,referenced-full
texture/dogbot_spec.dds,349680,referenced-full
texture/doll_king.dds,43832,referenced-full
texture/doll_officer.dds,87536,referenced-full
texture/doll_thug.dds,87536,referenced-full
texture/dress_tcg_s01_bottom.dds,87536,referenced-full
texture/dress_tcg_s01_bottom_n.dds,349652,referenced-full
texture/dress_tcg_s01_bottom_n_sm.dds,21972,referenced-full
texture/dress_tcg_s01_bottom_sm.dds,2872,referenced-full
texture/dress_tcg_s01_top.dds,87536,referenced-full
texture/dress_tcg_s01_top_n.dds,349652,referenced-full
texture/dress_tcg_s01_top_n_sm.dds,21972,referenced-full
texture/dress_tcg_s01_top_sm.dds,5616,referenced-full
texture/droopymccools_flute_hue.dds,22000,referenced-full
texture/droopymccools_flute_hue_spec.dds,22000,referenced-full
texture/dug_lod.dds,22000,referenced-full
texture/dug_n.dds,1398228,referenced-full
texture/dug_wearable_s01.dds,87536,referenced-full
texture/dug_wearable_s02.dds,87536,referenced-full
texture/dug_wearable_s03.dds,87536,referenced-full
texture/duros_body_hue.dds,349680,referenced-full
texture/duros_body_hue_sm.dds,5616,referenced-full
texture/duros_body_n.dds,1398228,referenced-full
texture/duros_head_hands_hue.dds,174928,referenced-full
texture/duros_head_hands_hue_sm.dds,2896,referenced-full
texture/duros_head_hands_n.dds,699180,referenced-full
texture/dwarf_spider_driod_1.dds,349680,referenced-full
texture/dwarf_spider_driod_1_cn.dds,349680,referenced-full
texture/dwarf_spider_driod_1_emiss.dds,87536,referenced-full
texture/dwarf_spider_driod_1_hue.dds,349680,UNREFERENCED
texture/dwarf_spider_driod_2.dds,349680,referenced-full
texture/dwarf_spider_driod_2_cn.dds,349680,referenced-full
texture/dwarf_spider_driod_2_hue.dds,349680,UNREFERENCED
texture/dwarf_spider_driod_3_emiss_sm.dds,11088,referenced-full
texture/dwarf_spider_driod_3_sm.dds,11088,referenced-full
texture/dwarf_spider_driod_3_sm_hue.dds,11088,referenced-full
texture/dwarf_spider_driod_alpha.dds,5616,UNREFERENCED
texture/dwarf_spider_driod_alpha_spec.dds,5616,referenced-full
texture/echo_base_all_concrete_b_a.dds,87536,referenced-full
texture/echo_base_all_concrete_b_b.dds,87536,referenced-full
texture/echo_base_all_concrete_b_fallback.dds,87536,referenced-basename
texture/echo_base_all_dirt_a.dds,87536,referenced-full
texture/echo_base_all_metl_impl_trima.dds,87536,referenced-full
texture/echo_base_blacksun_transport_player_ceiling.dds,87536,referenced-basename
texture/echo_base_blacksun_transport_player_ceiling2.dds,87536,referenced-basename
texture/echo_base_blacksun_transport_player_floor.dds,349680,referenced-basename
texture/echo_base_blacksun_transport_player_frame.dds,349680,referenced-basename
texture/echo_base_blacksun_transport_player_grate.dds,87536,referenced-basename
texture/echo_base_blacksun_transport_player_light.dds,87536,referenced-basename
texture/echo_base_blacksun_transport_player_strut1.dds,349680,referenced-basename
texture/echo_base_blacksun_transport_player_strut2.dds,174928,referenced-basename
texture/echo_base_blacksun_transport_player_trim.dds,87536,referenced-basename
texture/echo_base_blacksun_transport_player_trim2.dds,43856,referenced-basename
texture/echo_base_blacksun_transport_player_wall1.dds,349680,referenced-basename
texture/echo_base_blacksun_transport_player_wall3.dds,349680,referenced-basename
texture/echo_base_blacksun_transport_player_window.dds,174928,referenced-basename
texture/echo_base_blacksun_transport_player_window_env.dds,174928,referenced-full
texture/echo_base_blacksun_transport_player_window_spec.dds,174928,referenced-full
texture/echo_base_bunk_mine_concfloor.dds,349680,referenced-full
texture/echo_base_bunk_mine_concfloor_dirta.dds,349680,UNREFERENCED
texture/echo_base_bunk_mine_concwall.dds,349680,referenced-full
texture/echo_base_bunk_mine_concwall_dtl.dds,87536,UNREFERENCED
texture/echo_base_bunk_mine_diamondboard_a.dds,87536,referenced-basename
texture/echo_base_bunk_mine_filtration_metal_detail_a.dds,87536,referenced-full
texture/echo_base_bunk_mine_grill_a.dds,87536,referenced-full
texture/echo_base_bunk_mine_grill_b.dds,87536,referenced-full
texture/echo_base_cave_openings.dds,87536,referenced-full
texture/echo_base_cave_rock_lava_floor.dds,87536,referenced-full
texture/echo_base_cavetile.dds,174904,UNREFERENCED
texture/echo_base_cavetile_dark.dds,174904,referenced-full
texture/echo_base_ceiling_lights.dds,349680,UNREFERENCED
texture/echo_base_corellia_concrete_floor_a.dds,87536,referenced-basename
texture/echo_base_corellia_marble_floor_a_n.dds,349652,referenced-basename
texture/echo_base_corellia_metal_detail_a.dds,87536,referenced-basename
texture/echo_base_corellia_roof_metal_a.dds,87536,referenced-full
texture/echo_base_corellia_verticala_trim.dds,22032,referenced-basename
texture/echo_base_dirt.dds,349680,referenced-full
texture/echo_base_frn_all_cyborg_operating_table.dds,87536,referenced-basename
texture/echo_base_frn_all_cyborg_operating_table_cn.dds,349652,referenced-basename
texture/echo_base_frn_all_cyborg_parts_rack.dds,174928,referenced-basename
texture/echo_base_frn_all_cyborg_parts_rack_cn.dds,174928,referenced-basename
texture/echo_base_frn_all_cyborg_parts_rack_spec.dds,174928,referenced-basename
texture/echo_base_frn_all_mine_wall_lamp.dds,22000,referenced-basename
texture/echo_base_fusion_generator_cylindercap.dds,87536,referenced-basename
texture/echo_base_fusion_generator_cylinders.dds,87536,referenced-basename
texture/echo_base_fusion_generator_cylinders_b.dds,87536,referenced-basename
texture/echo_base_fusion_generator_misc.dds,87536,referenced-full
texture/echo_base_ground_cover.dds,174904,UNREFERENCED
texture/echo_base_ground_cover_dark.dds,174904,referenced-full
texture/echo_base_ground_yt1300_a_cn.dds,349680,referenced-full
texture/echo_base_ground_yt1300_b_cn.dds,43856,referenced-full
texture/echo_base_ground_yt1300_cannon_s01.dds,87536,referenced-basename
texture/echo_base_ground_yt1300_cannon_s01_cn.dds,22000,referenced-basename
texture/echo_base_ground_yt1300_detail_cn.dds,174928,referenced-basename
texture/echo_base_ground_yt1300_dish_s01_cn.dds,11088,referenced-basename
texture/echo_base_ground_yt1300_interior.dds,349680,referenced-basename
texture/echo_base_ground_yt1300_landing.dds,87536,referenced-full
texture/echo_base_hallstile.dds,87528,UNREFERENCED
texture/echo_base_hallstile_dark.dds,174928,UNREFERENCED
texture/echo_base_hangar_door.dds,349672,referenced-full
texture/echo_base_icewall.dds,87536,referenced-full
texture/echo_base_icewall_cn.dds,87536,referenced-full
texture/echo_base_impl_concrete_detail_a.dds,87536,UNREFERENCED
texture/echo_base_impl_concrete_detail_a_n.dds,349652,UNREFERENCED
texture/echo_base_impl_detail_a_n.dds,174892,UNREFERENCED
texture/echo_base_impl_int_details_a.dds,87536,referenced-full
texture/echo_base_impl_int_details_bunker_a.dds,87536,referenced-basename
texture/echo_base_impl_metal_detail_a.dds,87536,referenced-full
texture/echo_base_impl_metal_generic.dds,87536,referenced-full
texture/echo_base_impl_trim_a.dds,43856,referenced-full
texture/echo_base_int_medicaldetail_a.dds,87536,UNREFERENCED
texture/echo_base_intr_medicalroof_a_4way.dds,87536,referenced-basename
texture/echo_base_intr_tech_floorb_n.dds,349652,UNREFERENCED
texture/echo_base_item_hoth_cave_01.dds,87536,referenced-full
texture/echo_base_item_hoth_cave_01_cn.dds,349652,referenced-full
texture/echo_base_item_hoth_cave_02.dds,87536,referenced-full
texture/echo_base_item_hoth_cave_02_cn.dds,349652,referenced-full
texture/echo_base_item_hoth_cave_03.dds,87536,referenced-full
texture/echo_base_item_hoth_cave_03_cn.dds,349652,referenced-full
texture/echo_base_item_hoth_light_scaffold_cn.dds,349680,referenced-basename
texture/echo_base_item_hoth_light_standing.dds,87536,referenced-basename
texture/echo_base_item_hoth_scaffold.dds,349680,referenced-full
texture/echo_base_lava_s01.dds,87536,referenced-full
texture/echo_base_lift.dds,349680,referenced-full
texture/echo_base_light_rays.dds,174928,referenced-full
texture/echo_base_light_rays_alpha.dds,174928,referenced-full
texture/echo_base_metal_beam.dds,43832,referenced-full
texture/echo_base_mine_filtration_teal.dds,174928,referenced-full
texture/echo_base_mine_filtration_tech_a.dds,87536,referenced-basename
texture/echo_base_mine_paint_teal_a_detail.dds,43856,referenced-basename
texture/echo_base_mine_pipes_black.dds,43856,referenced-full
texture/echo_base_mine_pipes_detailmap_a.dds,43856,referenced-basename
texture/echo_base_mine_pipes_yellow.dds,43856,referenced-full
texture/echo_base_mine_tank_grey.dds,43856,UNREFERENCED
texture/echo_base_must_orf_poi_old_republic_pipes.dds,87536,referenced-basename
texture/echo_base_player_door_lg.dds,174928,UNREFERENCED
texture/echo_base_player_door_sm.dds,174928,UNREFERENCED
texture/echo_base_poi_bunker_rebl_ceilinglight.dds,87536,referenced-basename
texture/echo_base_poi_bunker_rebl_doorjam.dds,87536,referenced-basename
texture/echo_base_poi_bunker_rebl_floor.dds,87536,referenced-full
texture/echo_base_poi_bunker_rebl_grate.dds,87536,referenced-full
texture/echo_base_poi_bunker_rebl_room_dooralcove.dds,87536,referenced-basename
texture/echo_base_poi_bunker_rebl_roomtrim.dds,87536,referenced-basename
texture/echo_base_poi_bunker_rebl_roomwall.dds,174928,referenced-basename
texture/echo_base_poi_bunker_rebl_whitewall.dds,87536,referenced-basename
texture/echo_base_poi_bunker_rebl_whitewall_a.dds,87536,referenced-basename
texture/echo_base_poi_echo_base_command_roomtrim.dds,87536,referenced-basename
texture/echo_base_poi_echo_base_command_wall.dds,174928,referenced-basename
texture/echo_base_ramps.dds,349680,referenced-full
texture/echo_base_rebl_concrete_a.dds,87536,referenced-full
texture/echo_base_rebl_console_a.dds,87536,UNREFERENCED
texture/echo_base_rebl_detail_b.dds,43856,referenced-full
texture/echo_base_rebl_floor_a.dds,87536,referenced-full
texture/echo_base_rebl_metl_trim.dds,87536,UNREFERENCED
texture/echo_base_rebl_metl_trim_n.dds,349652,UNREFERENCED
texture/echo_base_sd_hangar_wall.dds,349680,UNREFERENCED
texture/echo_base_sd_metal_smk.dds,87536,referenced-full
texture/echo_base_sd_metal_smk_decal.dds,349680,referenced-full
texture/echo_base_sd_metal_smk_outside.dds,87536,referenced-full
texture/echo_base_sd_scratched_metal_smk_panel.dds,87536,referenced-basename
texture/echo_base_sign_base.dds,349680,referenced-full
texture/echo_base_signs..dds,174928,referenced-full
texture/echo_base_snow_carved.dds,87536,referenced-full
texture/echo_base_snow_carved_cn.dds,349652,UNREFERENCED
texture/echo_base_snow_cave_rocky.dds,87536,referenced-full
texture/echo_base_snow_floors.dds,349680,referenced-full
texture/echo_base_snow_mtnspeak_rocky.dds,87536,referenced-full
texture/echo_base_snow_mtnspeak_rocky_cn.dds,349652,referenced-basename
texture/echo_base_snow_mtnspeak_rocky_floor.dds,87536,referenced-basename
texture/echo_base_snow_mtnspeak_rocky_floor_cn.dds,87536,referenced-basename
texture/echo_base_snow_tile_01.dds,87536,referenced-full
texture/echo_base_snow_tile_01_cn.dds,349652,UNREFERENCED
texture/echo_base_star_destroyer_floor.dds,87536,referenced-full
texture/echo_base_star_destroyer_lights.dds,87536,referenced-full
texture/echo_base_star_destroyer_scaffolding.dds,349680,referenced-basename
texture/echo_base_star_destroyer_scaffolding_cn.dds,349680,referenced-basename
texture/echo_base_star_destroyer_scaffolding_detail.dds,349680,referenced-basename
texture/echo_base_star_destroyer_wall4.dds,174928,referenced-full
texture/echo_base_star_metal_detmap_smk.dds,87536,referenced-full
texture/echo_base_thm_yavn_masstemple_silverpipe.dds,87536,referenced-basename
texture/echo_base_thm_yavn_masstemple_warroom_bigscreen.dds,87536,referenced-full
texture/echo_base_thm_yavn_masstemple_warroom_bigscreena.dds,5616,referenced-full
texture/echo_base_thm_yavn_masstemple_warroom_central.dds,87536,referenced-full
texture/echo_base_tower_concrete_b_fallback.dds,43832,referenced-basename
texture/echo_base_tower_metl_impl_trima.dds,43832,referenced-full
texture/echo_base_turret_metal_detail.dds,87536,referenced-full
texture/echo_base_wall_cable_ties.dds,87536,referenced-full
texture/echo_base_wall_cables.dds,87536,referenced-full
texture/echo_base_wall_cables_cn.dds,87536,UNREFERENCED
texture/echo_base_wampa_sign.dds,21992,referenced-full
texture/echo_base_wires.dds,22000,referenced-full
texture/echo_base_xwing_main.dds,349680,referenced-full
texture/echo_base_xwing_main_n.dds,349652,referenced-full
texture/echo_base_ykl_int_controls_b.dds,87536,referenced-full
texture/echo_base_yt1300_a.dds,1398256,referenced-full
texture/echo_base_yt1300_b.dds,174928,referenced-full
texture/echo_base_yt1300_cockpitchair_s01.dds,87536,referenced-basename
texture/echo_base_yt1300_detail.dds,174928,referenced-full
texture/echo_base_yt1300_dish_s01.dds,43856,referenced-full
texture/echo_base_yt1300_engine.dds,5616,referenced-full
texture/echo_base_yt2400_detail_ground.dds,87536,referenced-full
texture/echo_basei_tem_hoth_terminal_s01.dds,87536,referenced-basename
texture/echo_basei_tem_hoth_terminal_s01_cn.dds,87536,referenced-basename
texture/echo_hatch.dds,43832,referenced-full
texture/echo_light_01.dds,349680,referenced-full
texture/echo_light_01_cn.dds,349680,referenced-full
texture/echo_light_01_emis.dds,349680,referenced-full
texture/echo_plank_01.dds,174928,referenced-full
texture/echo_plank_01_cn.dds,174928,referenced-full
texture/edb_con_mug_s1.dds,22000,referenced-full
texture/edb_con_mug_s1_h2.dds,22000,referenced-full
texture/edb_con_mug_s1_spec.dds,22000,referenced-full
texture/edb_cookie.dds,22000,referenced-full
texture/edb_deathstarstar_energy_drink.dds,87536,referenced-full
texture/edb_deathstarstar_energy_drink_cn.dds,87536,referenced-basename
texture/edb_deathstarstar_energy_drink_spec.dds,87536,referenced-basename
texture/edb_force_candy.dds,87536,referenced-full
texture/edb_force_candy_sm.dds,5616,referenced-full
texture/edb_fried_ice_cream.dds,21992,referenced-full
texture/edb_imperial_chocolate_box.dds,65664,referenced-full
texture/edb_imperial_chocolate_box_cn.dds,87536,referenced-full
texture/edb_imperial_chocolate_box_sm.dds,5616,referenced-full
texture/edb_lifeday_bantha_surprise.dds,87536,referenced-full
texture/edb_lifeday_bantha_surprise_cn.dds,87536,referenced-full
texture/edb_lifeday_bantha_surprise_horn.dds,174928,referenced-basename
texture/edb_lifeday_bantha_surprise_horn_cn.dds,174928,referenced-basename
texture/edb_lifeday_bantha_surprise_sm.dds,5616,referenced-full
texture/edb_lifeday_candy.dds,22000,referenced-full
texture/edb_lifeday_candy_cn.dds,22000,referenced-full
texture/edb_lifeday_candy_sm.dds,1520,referenced-full
texture/edb_lifeday_candy_spec.dds,22000,referenced-full
texture/edb_order_66_cookies.dds,87536,referenced-full
texture/edb_order_66_cookies_cn.dds,87536,referenced-full
texture/edb_order_66_cookies_sm.dds,5616,referenced-full
texture/edb_order_66_cookies_spec.dds,87536,referenced-full
texture/efol_chocolate_fountain_chocolate.01.dds,22000,referenced-basename
texture/efol_chocolate_fountain_chocolate.02.dds,22000,referenced-basename
texture/efol_chocolate_fountain_chocolate.03.dds,22000,referenced-basename
texture/efol_chocolate_fountain_pak.dds,87536,referenced-full
texture/efol_chocolate_fountain_wood.dds,87536,referenced-full
texture/efol_chocolate_fountain_wood_cn.dds,349652,referenced-full
texture/efol_chocolate_fountain_wood_planks.dds,87536,referenced-basename
texture/efol_chocolate_fountain_wood_planks_cn.dds,349652,referenced-basename
texture/efol_chocolate_fountain_wood_solid.dds,87536,referenced-basename
texture/efol_chocolate_fountain_wood_trim.dds,22032,referenced-basename
texture/efol_chocolate_fountain_wood_trim_cn.dds,87516,referenced-basename
texture/efol_token.dds,22000,referenced-full
texture/efol_token_cn.dds,22000,referenced-full
texture/efol_token_spec.dds,22000,referenced-full
texture/eggnoggcup.dds,87536,referenced-full
texture/eggnoggcup_cn.dds,87536,referenced-full
texture/eggnoggcup_spec.dds,87536,referenced-full
texture/emperors_spire_door_cn.dds,87536,referenced-full
texture/emperors_spire_door_sm.dds,2872,referenced-full
texture/emperors_spire_floor_cn.dds,22000,referenced-full
texture/emperors_spire_floor_sm.dds,2872,referenced-full
texture/emperors_spire_pieces_cn.dds,87536,UNREFERENCED
texture/emperors_spire_plate1_cn.dds,87536,UNREFERENCED
texture/emperors_spire_plate1_sm.dds,2872,UNREFERENCED
texture/emperors_spire_plate2_cn.dds,87536,UNREFERENCED
texture/emperors_spire_plate2_sm.dds,2872,UNREFERENCED
texture/emperors_spire_platform_cn.dds,87536,referenced-full
texture/emperors_spire_platform_sm.dds,2872,referenced-full
texture/emperors_spire_tile_cn.dds,87536,referenced-full
texture/emperors_spire_tile_sm.dds,2872,referenced-full
texture/emperors_spire_wall1_cn.dds,87536,referenced-full
texture/emperors_spire_wall1_sm.dds,2872,referenced-full
texture/emperors_spire_wall2_cn.dds,87536,referenced-full
texture/emperors_spire_wall2_sm.dds,2872,referenced-full
texture/emperors_spire_windows.dds,87536,referenced-full
texture/emperors_spire_windows_sm.dds,5616,referenced-full
texture/emperors_spire_windows_spec.dds,87536,referenced-full
texture/enclosed_military_vehicle_01.dds,349680,referenced-full
texture/enclosed_military_vehicle_01_cn.dds,349680,referenced-full
texture/enclosed_military_vehicle_01_sm.dds,2872,referenced-full
texture/enclosed_military_vehicle_02.dds,349680,referenced-full
texture/enclosed_military_vehicle_02_cn.dds,349680,referenced-full
texture/enclosed_military_vehicle_02_sm.dds,2872,referenced-full
texture/env_echo_base_dunes_day.dds,98432,referenced-full
texture/env_echo_base_dunes_night.dds,98432,referenced-full
texture/env_echo_base_edge_day.dds,98432,referenced-full
texture/env_echo_base_edge_night.dds,98432,referenced-full
texture/env_large_house_s03.dds,65744,UNREFERENCED
texture/env_must_cool.dds,131360,referenced-full
texture/env_must_hot.dds,131360,referenced-full
texture/env_must_lava.dds,131360,referenced-full
texture/env_must_warm.dds,131360,referenced-full
texture/eopie_body_hue_sm.dds,5616,referenced-full
texture/eq_guild_pda.dds,87536,referenced-full
texture/eq_guild_pda_n.dds,87536,referenced-full
texture/eq_guild_pda_sm.dds,22000,referenced-full
texture/eqp_beast_holocron_s1.dds,11064,referenced-full
texture/eqp_beast_holocron_s1_emis.dds,2872,referenced-full
texture/eqp_beast_master_incubator_mfg_station.dds,349680,referenced-basename
texture/eqp_beast_master_incubator_mfg_station_bacta.dds,349680,referenced-basename
texture/eqp_beast_master_incubator_mfg_station_bacta_spec.dds,349680,referenced-full
texture/eqp_beast_master_incubator_mfg_station_cn.dds,349680,referenced-basename
texture/eqp_beast_master_incubator_mfg_station_screen.01.dds,87536,referenced-full
texture/eqp_beast_master_incubator_mfg_station_screen.02.dds,87536,referenced-basename
texture/eqp_beast_master_incubator_mfg_station_screen.03.dds,87536,referenced-basename
texture/eqp_beast_master_incubator_mfg_station_screen.04.dds,87536,referenced-basename
texture/eqp_black_crystal.dds,22000,referenced-full
texture/eqp_black_crystal_sm.dds,1520,referenced-full
texture/eqp_black_crystal_spec.dds,22000,referenced-full
texture/eqp_blackwing_trap.dds,87536,referenced-full
texture/eqp_blackwing_trap_cn.dds,87536,referenced-full
texture/eqp_blackwing_trap_sm.dds,2872,referenced-full
texture/eqp_blackwing_trap_spec.dds,87536,referenced-full
texture/eqp_bombrun_binoculars.dds,87536,referenced-full
texture/eqp_bombrun_binoculars_cn.dds,87536,referenced-full
texture/eqp_bombrun_binoculars_emis.dds,87536,referenced-full
texture/eqp_bones_must_monster_jaw_large.dds,174928,referenced-basename
texture/eqp_bones_must_monster_jaw_large_cn.dds,174928,referenced-basename
texture/eqp_bones_must_monster_jaw_large_sm.dds,11088,referenced-basename
texture/eqp_bones_must_monster_jaw_small.dds,87536,referenced-basename
texture/eqp_bones_must_monster_jaw_small_cn.dds,87536,referenced-basename
texture/eqp_bones_must_monster_jaw_small_sm.dds,5616,referenced-basename
texture/eqp_booster_pack.dds,87536,referenced-full
texture/eqp_booster_pack_cn.dds,87536,referenced-full
texture/eqp_booster_pack_emis.dds,87536,referenced-full
texture/eqp_booster_pack_sm.dds,5616,referenced-full
texture/eqp_buddy_token.dds,22000,referenced-full
texture/eqp_buddy_token_cn.dds,22000,referenced-full
texture/eqp_buddy_token_cn_sm.dds,22000,referenced-full
texture/eqp_buddy_token_sm.dds,22000,referenced-full
texture/eqp_camping_log_fresh_cn.dds,22000,UNREFERENCED
texture/eqp_camping_tent_packed_s1.dds,87536,referenced-full
texture/eqp_camping_tent_packed_s1_n.dds,87536,referenced-full
texture/eqp_camping_tent_packed_s1_sm.dds,5616,referenced-full
texture/eqp_camping_tent_packed_s1_spec.dds,87536,referenced-full
texture/eqp_canister_blackwing.dds,87536,referenced-full
texture/eqp_canister_blackwing_cn.dds,87536,referenced-full
texture/eqp_canister_blackwing_sm.dds,2872,referenced-full
texture/eqp_chance_dice_s3.dds,2872,referenced-full
texture/eqp_circuit_board_s02.dds,87536,referenced-full
texture/eqp_circuit_board_s02_cn.dds,87536,UNREFERENCED
texture/eqp_collections_comlink_s01.dds,22000,referenced-full
texture/eqp_collections_comlink_s01_cn.dds,22000,referenced-full
texture/eqp_collections_comlink_s01_cn_sm.dds,87536,UNREFERENCED
texture/eqp_collections_comlink_s01_sm.dds,5616,referenced-full
texture/eqp_collections_comlink_s01_spec.dds,22000,referenced-basename
texture/eqp_collections_comlink_s01_spec_sm.dds,87536,UNREFERENCED
texture/eqp_collections_comlink_s02.dds,22000,referenced-full
texture/eqp_collections_comlink_s02_cn.dds,22000,referenced-full
texture/eqp_collections_comlink_s02_cn_sm.dds,5616,referenced-basename
texture/eqp_collections_comlink_s02_sm.dds,5616,referenced-full
texture/eqp_collections_comlink_s02_spec.dds,22000,referenced-basename
texture/eqp_collections_comlink_s02_spec_sm.dds,5616,referenced-basename
texture/eqp_collections_comlink_s03.dds,22000,referenced-full
texture/eqp_collections_comlink_s03_cn.dds,22000,referenced-full
texture/eqp_collections_comlink_s03_cn_sm.dds,5616,referenced-basename
texture/eqp_collections_comlink_s03_sm.dds,5616,referenced-full
texture/eqp_collections_comlink_s03_spec.dds,22000,referenced-basename
texture/eqp_collections_comlink_s03_spec_sm.dds,5616,referenced-basename
texture/eqp_collections_comlink_s04.dds,22000,referenced-full
texture/eqp_collections_comlink_s04_cn.dds,22000,referenced-full
texture/eqp_collections_comlink_s04_cn_sm.dds,5616,referenced-basename
texture/eqp_collections_comlink_s04_sm.dds,5616,referenced-full
texture/eqp_collections_comlink_s04_spec.dds,22000,referenced-basename
texture/eqp_collections_comlink_s04_spec_sm.dds,5616,referenced-basename
texture/eqp_collections_comlink_s05.dds,22000,referenced-full
texture/eqp_collections_comlink_s05_cn.dds,22000,referenced-full
texture/eqp_collections_comlink_s05_cn_sm.dds,5616,referenced-basename
texture/eqp_collections_comlink_s05_sm.dds,5616,referenced-full
texture/eqp_collections_comlink_s05_spec.dds,22000,referenced-basename
texture/eqp_collections_comlink_s05_spec_sm.dds,5616,referenced-basename
texture/eqp_collections_datapad_s01.dds,22000,referenced-full
texture/eqp_collections_datapad_s01_sm.dds,5616,referenced-full
texture/eqp_collections_datapad_s01_spec.dds,22000,referenced-basename
texture/eqp_collections_datapad_s01_spec_sm.dds,5616,referenced-basename
texture/eqp_collections_datapad_s02.dds,22000,referenced-full
texture/eqp_collections_datapad_s02_cn.dds,22000,referenced-full
texture/eqp_collections_datapad_s02_sm.dds,5616,referenced-full
texture/eqp_collections_datapad_s02_spec.dds,22000,referenced-basename
texture/eqp_collections_datapad_s03.dds,22000,referenced-full
texture/eqp_collections_datapad_s03_cn.dds,22000,referenced-full
texture/eqp_collections_datapad_s03_spec.dds,22000,referenced-basename
texture/eqp_collections_datapad_s04.dds,22000,referenced-full
texture/eqp_collections_datapad_s04_sm.dds,5616,referenced-full
texture/eqp_collections_datapad_s04_spec.dds,22000,referenced-basename
texture/eqp_collections_datapad_s05.dds,22000,referenced-full
texture/eqp_collections_datapad_s05_cn.dds,22000,referenced-full
texture/eqp_collections_datapad_s05_sm.dds,2872,referenced-full
texture/eqp_collections_datapad_s05_spec.dds,22000,referenced-basename
texture/eqp_credit_stick.dds,43856,referenced-full
texture/eqp_credit_stick_emis.dds,43856,referenced-full
texture/eqp_credit_stick_emis_sm.dds,2896,referenced-full
texture/eqp_credit_stick_mask.dds,43856,referenced-full
texture/eqp_credit_stick_mask_sm.dds,2896,referenced-full
texture/eqp_credit_stick_sm.dds,2896,referenced-full
texture/eqp_crystal_green.dds,1520,referenced-full
texture/eqp_crystal_green_sm.dds,496,referenced-full
texture/eqp_crystal_s04.dds,87536,referenced-full
texture/eqp_crystal_s05.dds,87536,referenced-full
texture/eqp_data_cube_s01.dds,22000,referenced-full
texture/eqp_data_cube_s01_alpha.dds,22000,referenced-full
texture/eqp_data_cube_s01_alpha_sm.dds,1520,referenced-full
texture/eqp_data_cube_s01_alpha_specenv.dds,22000,referenced-full
texture/eqp_data_cube_s01_alpha_specenv_sm.dds,1520,referenced-basename
texture/eqp_data_cube_s01_sm.dds,1520,referenced-full
texture/eqp_data_cube_s01_spec.dds,22000,referenced-full
texture/eqp_data_cube_s01_spec_sm.dds,1520,referenced-full
texture/eqp_dog_whistle.dds,87536,referenced-full
texture/eqp_dog_whistle_cn.dds,87536,referenced-full
texture/eqp_dog_whistle_sm.dds,2872,referenced-full
texture/eqp_droid_module_s01_a.dds,87536,referenced-full
texture/eqp_droid_module_s01_b.dds,87536,referenced-full
texture/eqp_droid_module_s01_cn.dds,87536,referenced-full
texture/eqp_droid_module_s01_emis.dds,87536,referenced-full
texture/eqp_droid_module_s01_sm_a.dds,5616,referenced-full
texture/eqp_droid_module_s01_sm_b.dds,5616,referenced-full
texture/eqp_droid_module_s01_spec.dds,87536,referenced-full
texture/eqp_droid_module_s02_a.dds,65664,referenced-full
texture/eqp_droid_module_s02_b.dds,87536,referenced-full
texture/eqp_droid_module_s02_cn.dds,87536,referenced-full
texture/eqp_droid_module_s02_emis.dds,87536,referenced-full
texture/eqp_droid_module_s02_sm_a.dds,5616,referenced-full
texture/eqp_droid_module_s02_sm_b.dds,5616,referenced-full
texture/eqp_droid_module_s02_spec.dds,87536,referenced-full
texture/eqp_droid_module_s03_a.dds,87536,referenced-full
texture/eqp_droid_module_s03_b.dds,87536,referenced-full
texture/eqp_droid_module_s03_cn.dds,87536,referenced-full
texture/eqp_droid_module_s03_emis.dds,87536,referenced-full
texture/eqp_droid_module_s03_sm_a.dds,5616,referenced-full
texture/eqp_droid_module_s03_sm_b.dds,5616,referenced-full
texture/eqp_droid_module_s03_spec.dds,87536,referenced-full
texture/eqp_element_gas.01.dds,5616,referenced-full
texture/eqp_element_gas.02.dds,5616,referenced-basename
texture/eqp_element_gas.03.dds,5616,referenced-basename
texture/eqp_element_gas.04.dds,5616,referenced-basename
texture/eqp_element_gas.05.dds,5616,referenced-basename
texture/eqp_element_gas.06.dds,5616,referenced-basename
texture/eqp_element_gas.07.dds,5616,referenced-basename
texture/eqp_element_gas.08.dds,5616,referenced-basename
texture/eqp_element_gas_cartridge.dds,87536,referenced-full
texture/eqp_element_gas_cartridge_cn.dds,87536,referenced-full
texture/eqp_element_gas_cartridge_sm.dds,5616,referenced-full
texture/eqp_element_processing_canister.dds,87536,referenced-full
texture/eqp_element_processing_canister_cn.dds,87536,referenced-basename
texture/eqp_element_processing_canister_emis.dds,87536,referenced-basename
texture/eqp_element_processing_canister_hue_s02.dds,87536,referenced-basename
texture/eqp_element_processing_canister_hue_s02_emis.dds,87536,referenced-basename
texture/eqp_element_processing_canister_hue_s02_sm.dds,5616,referenced-basename
texture/eqp_element_processing_canister_sm.dds,22000,referenced-basename
texture/eqp_element_processor.dds,87536,referenced-full
texture/eqp_element_processor_cn.dds,87536,UNREFERENCED
texture/eqp_element_processor_emis.dds,87536,referenced-full
texture/eqp_element_processor_sm.dds,22000,UNREFERENCED
texture/eqp_enhanced_treasure_item.dds,87536,referenced-full
texture/eqp_enhanced_treasure_item_beam.dds,87536,referenced-full
texture/eqp_enhanced_treasure_item_cn.dds,87536,referenced-full
texture/eqp_enhanced_treasure_item_emis.dds,87536,referenced-full
texture/eqp_enhanced_treasure_item_gems.dds,87536,referenced-full
texture/eqp_enhanced_treasure_item_gems_sm.dds,22000,referenced-basename
texture/eqp_enhanced_treasure_item_sm.dds,22000,referenced-full
texture/eqp_ent_glowstick.dds,312,referenced-full
texture/eqp_ent_glowstick_blue.dds,312,referenced-full
texture/eqp_ent_glowstick_hue.dds,496,referenced-full
texture/eqp_ent_glowstick_hue_emis.dds,496,referenced-full
texture/eqp_ent_glowstick_hue_spec.dds,496,referenced-full
texture/eqp_ent_glowstick_orange.dds,312,UNREFERENCED
texture/eqp_ent_glowstick_purple.dds,312,UNREFERENCED
texture/eqp_ent_glowstick_red.dds,312,referenced-full
texture/eqp_ent_glowstick_turquoise.dds,312,referenced-full
texture/eqp_ent_glowstick_yellow.dds,312,UNREFERENCED
texture/eqp_enzyme_capsule.dds,22000,referenced-full
texture/eqp_enzyme_capsule_sm.dds,5616,referenced-full
texture/eqp_enzyme_centrifuge.dds,87536,referenced-full
texture/eqp_enzyme_centrifuge_cn.dds,87536,UNREFERENCED
texture/eqp_enzyme_centrifuge_glass.dds,22000,referenced-full
texture/eqp_enzyme_centrifuge_sm.dds,5616,UNREFERENCED
texture/eqp_enzyme_element.dds,22000,referenced-full
texture/eqp_enzyme_element_cap.dds,5616,referenced-full
texture/eqp_enzyme_element_cap_cn.dds,5616,referenced-full
texture/eqp_enzyme_element_hue.dds,22000,referenced-full
texture/eqp_enzyme_element_sm.dds,5616,referenced-full
texture/eqp_enzyme_extractor.dds,22000,referenced-full
texture/eqp_enzyme_extractor_cn.dds,22000,referenced-full
texture/eqp_enzyme_reprocessor.dds,87536,referenced-full
texture/eqp_enzyme_reprocessor_cn.dds,87536,referenced-full
texture/eqp_enzyme_reprocessor_sm.dds,5616,referenced-full
texture/eqp_enzyme_tray.dds,87536,referenced-full
texture/eqp_enzyme_tray_beakers.dds,22000,referenced-full
texture/eqp_enzyme_tray_cn.dds,87536,referenced-full
texture/eqp_enzyme_tray_sm.dds,5616,referenced-full
texture/eqp_enzyme_vial.dds,5616,referenced-full
texture/eqp_enzyme_vial_gel.dds,22000,referenced-full
texture/eqp_enzyme_vial_gel_hue.dds,22000,referenced-full
texture/eqp_enzyme_vial_gel_hue_sm.dds,5616,referenced-full
texture/eqp_enzyme_vial_gel_sm.dds,5616,referenced-full
texture/eqp_enzyme_vial_sm.dds,1520,referenced-full
texture/eqp_enzyme_vial_spec.dds,5616,referenced-full
texture/eqp_enzyme_vial_spec_sm.dds,1520,referenced-full
texture/eqp_exar_kun_token.dds,22000,referenced-full
texture/eqp_exar_kun_token_cn.dds,22000,referenced-full
texture/eqp_exar_kun_token_sm.dds,5616,referenced-full
texture/eqp_feather_duster_feathers.dds,87536,referenced-full
texture/eqp_feather_duster_feathers_alpha.dds,87536,referenced-basename
texture/eqp_feather_duster_handle.dds,87536,referenced-full
texture/eqp_firework_s2.dds,22000,referenced-full
texture/eqp_fryer.dds,349680,referenced-full
texture/eqp_fryer_cn.dds,349680,referenced-full
texture/eqp_fryer_repair_kit.dds,87536,referenced-full
texture/eqp_fryer_repair_kit_cn.dds,349652,referenced-full
texture/eqp_fryer_sm.dds,87536,referenced-full
texture/eqp_gcw_imp_token.dds,22000,referenced-full
texture/eqp_gcw_imp_token_cn.dds,22000,referenced-full
texture/eqp_gcw_imp_token_sm.dds,1520,referenced-full
texture/eqp_gcw_reb_token.dds,22000,referenced-full
texture/eqp_gcw_reb_token_cn.dds,22000,referenced-full
texture/eqp_gcw_reb_token_sm.dds,1520,referenced-full
texture/eqp_gcw_stimpack.dds,22000,referenced-full
texture/eqp_gcw_stimpack_cn.dds,22000,referenced-full
texture/eqp_holocron_s03_bars.dds,22000,referenced-full
texture/eqp_hologram_recorder_s01.dds,87536,referenced-full
texture/eqp_hologram_recorder_s01_spec.dds,87536,referenced-full
texture/eqp_hologram_recorder_s02.dds,87536,referenced-full
texture/eqp_hologram_recorder_s02_spec.dds,87536,referenced-full
texture/eqp_holopet_emitter.dds,349680,referenced-full
texture/eqp_holopet_emitter_cn.dds,349680,referenced-full
texture/eqp_holopet_emitter_s02.dds,87536,referenced-full
texture/eqp_holopet_emitter_s02_cn.dds,87536,referenced-full
texture/eqp_holopet_emitter_s02_sm.dds,5616,referenced-full
texture/eqp_holopet_emitter_sm.dds,22000,referenced-full
texture/eqp_holopet_emitter_spec.dds,349680,UNREFERENCED
texture/eqp_holopet_emitter_spec_sm.dds,5616,referenced-full
texture/eqp_hoth_camo_net.dds,87536,referenced-full
texture/eqp_hoth_camo_net_sm.dds,5616,referenced-full
texture/eqp_hoth_token.dds,22000,referenced-full
texture/eqp_hoth_token_cn.dds,22000,referenced-full
texture/eqp_hoth_token_sm.dds,1520,referenced-full
texture/eqp_hoth_token_spec.dds,22000,referenced-full
texture/eqp_hyperspanner_s01.dds,87536,referenced-full
texture/eqp_hyperspanner_s01_cn.dds,87536,referenced-full
texture/eqp_hyperspanner_s01_emis.dds,87536,referenced-full
texture/eqp_imperial_rank_cylinder.dds,87536,referenced-full
texture/eqp_imperial_rank_cylinder_cn.dds,87536,referenced-full
texture/eqp_imperial_rank_cylinder_hueb.dds,87536,referenced-full
texture/eqp_imperial_rank_cylinder_hueb_sm.dds,22000,referenced-basename
texture/eqp_imperial_rank_cylinder_sm.dds,22000,referenced-full
texture/eqp_imperial_rank_cylinder_spec.dds,87536,referenced-full
texture/eqp_imperial_rank_cylinder_spec_sm.dds,22000,referenced-basename
texture/eqp_jedi_holocron_s02.dds,87536,referenced-full
texture/eqp_jedi_holocron_s02_cn.dds,87536,UNREFERENCED
texture/eqp_jedi_holocron_s02_emis.dds,87536,referenced-full
texture/eqp_jedi_holocron_s02_emis_sm.dds,5616,referenced-full
texture/eqp_jedi_holocron_s02_sm.dds,5616,UNREFERENCED
texture/eqp_jedi_holocron_s02_spec.dds,87536,referenced-full
texture/eqp_jedi_holocron_s02_spec_sm.dds,5616,referenced-full
texture/eqp_jedi_holocron_s03.dds,22000,referenced-full
texture/eqp_jedi_holocron_s03_cn.dds,22000,UNREFERENCED
texture/eqp_jedi_holocron_s03_emis.dds,5616,referenced-full
texture/eqp_jedi_relic_s01.dds,22000,referenced-full
texture/eqp_jedi_relic_s01_cn.dds,22000,referenced-full
texture/eqp_jedi_relic_s01_glow.dds,1552,referenced-full
texture/eqp_jedi_relic_s01_sm.dds,1520,referenced-full
texture/eqp_jedi_relic_s01_spec.dds,22000,referenced-full
texture/eqp_jedi_relic_s01_spec_sm.dds,1520,referenced-full
texture/eqp_jedi_relic_s02.dds,43856,referenced-full
texture/eqp_jedi_relic_s02_cn.dds,43856,referenced-full
texture/eqp_jedi_relic_s02_e.dds,43856,referenced-full
texture/eqp_jedi_relic_s02_e_sm.dds,2896,referenced-full
texture/eqp_jedi_relic_s02_sm.dds,2896,referenced-full
texture/eqp_jedi_relic_s02_spec.dds,43856,referenced-full
texture/eqp_jedi_relic_s02_spec_sm.dds,2896,referenced-full
texture/eqp_jedi_relic_s03_1.dds,43856,referenced-full
texture/eqp_jedi_relic_s03_1_cn.dds,43856,referenced-full
texture/eqp_jedi_relic_s03_1_sm.dds,2896,referenced-full
texture/eqp_jedi_relic_s03_1_spec.dds,43856,referenced-full
texture/eqp_jedi_relic_s03_1_spec_sm.dds,2896,referenced-full
texture/eqp_jedi_relic_s03_2.dds,2872,referenced-full
texture/eqp_jedi_relic_s03_2_sm.dds,312,referenced-full
texture/eqp_jedi_sith_holocron_s02.dds,22000,referenced-full
texture/eqp_jedi_sith_holocron_s02_cn.dds,22000,referenced-full
texture/eqp_jedi_sith_holocron_s02_emis.dds,22000,referenced-full
texture/eqp_jedi_sith_holocron_s02_spec.dds,22000,referenced-full
texture/eqp_lifeday_imp_token.dds,22000,referenced-full
texture/eqp_lifeday_imp_token_b.dds,22000,referenced-full
texture/eqp_lifeday_imp_token_b_cn.dds,22000,referenced-full
texture/eqp_lifeday_imp_token_b_sm.dds,1520,referenced-full
texture/eqp_lifeday_imp_token_cn.dds,22000,UNREFERENCED
texture/eqp_lifeday_imp_token_sm.dds,1520,UNREFERENCED
texture/eqp_lifeday_reb_token.dds,22000,referenced-full
texture/eqp_lifeday_reb_token_b.dds,22000,referenced-full
texture/eqp_lifeday_reb_token_b_cn.dds,22000,referenced-full
texture/eqp_lifeday_reb_token_b_sm.dds,1520,referenced-full
texture/eqp_lifeday_reb_token_cn.dds,22000,UNREFERENCED
texture/eqp_lifeday_reb_token_sm.dds,1520,UNREFERENCED
texture/eqp_mandalorian_pistol_cn_s01.dds,22000,UNREFERENCED
texture/eqp_mandalorian_pistol_mask_s01_sm.dds,1520,UNREFERENCED
texture/eqp_mandalorian_pistol_s01.dds,43856,referenced-full
texture/eqp_mandalorian_pistol_s01_sm.dds,2896,referenced-full
texture/eqp_mandalorian_pistol_s01_spec.dds,43856,referenced-full
texture/eqp_mandalorian_pistol_s01_spec_sm.dds,5616,referenced-basename
texture/eqp_meatlump_lump_s01.dds,87536,referenced-full
texture/eqp_meatlump_lump_s02.dds,87536,referenced-full
texture/eqp_monitor_screen_base_sm.dds,22000,referenced-full
texture/eqp_monitor_screen_s03_text.01.dds,87536,referenced-full
texture/eqp_monitor_screen_s03_text.02.dds,87536,referenced-basename
texture/eqp_monitor_screen_s03_text.03.dds,87536,referenced-basename
texture/eqp_monitor_screen_s03_text.04.dds,87536,referenced-basename
texture/eqp_monitor_screen_text_sm.dds,22000,referenced-full
texture/eqp_mulch01_cn.dds,349680,referenced-full
texture/eqp_mulch01_spec.dds,349680,referenced-full
texture/eqp_mulch01_tx.dds,349680,referenced-full
texture/eqp_mulch01_tx_sm.dds,22000,referenced-full
texture/eqp_mulch02_cn.dds,349680,referenced-full
texture/eqp_mulch02_spec.dds,349680,referenced-full
texture/eqp_mulch02_tx.dds,349680,referenced-full
texture/eqp_mulch02_tx_sm.dds,22000,referenced-full
texture/eqp_mulch03_cn.dds,349680,referenced-full
texture/eqp_mulch03_spec.dds,349680,referenced-full
texture/eqp_mulch03_tx.dds,349680,referenced-full
texture/eqp_mulch03_tx_sm.dds,22000,referenced-full
texture/eqp_mulch04_cn.dds,349680,referenced-full
texture/eqp_mulch04_spec.dds,349680,referenced-full
texture/eqp_mulch04_tx.dds,349680,referenced-full
texture/eqp_mulch04_tx_sm.dds,22000,referenced-full
texture/eqp_music_ch9_s01_cn.dds,87536,referenced-full
texture/eqp_music_ch9_s01_hue.dds,87536,referenced-full
texture/eqp_music_ch9_s01_spec.dds,87536,referenced-full
texture/eqp_music_ch9_s02_cn.dds,87536,referenced-full
texture/eqp_music_ch9_s02_hue.dds,87536,referenced-full
texture/eqp_music_ch9_s02_spec.dds,87536,referenced-full
texture/eqp_music_ch9_s03.dds,349680,referenced-full
texture/eqp_music_ch9_s03_em.dds,349680,referenced-full
texture/eqp_music_ch9_s03_em_med.dds,87536,UNREFERENCED
texture/eqp_music_ch9_s03_med.dds,87536,referenced-full
texture/eqp_music_ch9_s03_screen.dds,87536,UNREFERENCED
texture/eqp_music_ch9_s03_sm.dds,22000,referenced-full
texture/eqp_music_ch9_s03_spec.dds,349680,referenced-full
texture/eqp_music_ch9_s03_spec_med.dds,87536,referenced-full
texture/eqp_music_ch9_s03_spec_sm.dds,22000,referenced-full
texture/eqp_music_horn_s01.dds,43856,referenced-full
texture/eqp_music_horn_s01_cn.dds,43856,referenced-full
texture/eqp_music_horn_s01_sm.dds,11088,referenced-full
texture/eqp_music_horn_s01_spec.dds,43856,referenced-full
texture/eqp_music_mandoviol_hue.dds,87536,referenced-full
texture/eqp_music_mandoviol_hue_spec.dds,87536,referenced-full
texture/eqp_music_mandoviol_strings_hue.dds,22000,referenced-full
texture/eqp_music_microphone_hue.dds,87536,UNREFERENCED
texture/eqp_music_microphone_hue_spec.dds,87536,referenced-full
texture/eqp_music_slitherhorn_hue.dds,87536,referenced-full
texture/eqp_music_slitherhorn_hue_spec.dds,87536,referenced-full
texture/eqp_must_force_crystal_2.dds,22000,UNREFERENCED
texture/eqp_must_force_crystal_2_sm.dds,1520,referenced-full
texture/eqp_must_geode_lava.dds,43856,referenced-full
texture/eqp_must_geode_lava_cn.dds,43856,referenced-full
texture/eqp_must_geode_lava_e.dds,43856,referenced-full
texture/eqp_must_geode_lava_e_sm.dds,2896,UNREFERENCED
texture/eqp_must_geode_lava_sm.dds,2896,referenced-full
texture/eqp_must_republic_tech_s01.dds,22000,referenced-full
texture/eqp_must_republic_tech_s01_emis.dds,22000,referenced-full
texture/eqp_must_republic_tech_s01_emis_sm.dds,1520,referenced-basename
texture/eqp_must_republic_tech_s01_s.dds,22000,referenced-full
texture/eqp_must_republic_tech_s01_s_sm.dds,1520,referenced-full
texture/eqp_must_republic_tech_s01_sm.dds,1520,referenced-full
texture/eqp_must_republic_tech_s02.dds,22000,referenced-full
texture/eqp_must_republic_tech_s02_cn.dds,22000,referenced-full
texture/eqp_must_republic_tech_s02_e.dds,22000,referenced-full
texture/eqp_must_republic_tech_s02_e_sm.dds,1520,referenced-full
texture/eqp_must_republic_tech_s02_s.dds,22000,referenced-full
texture/eqp_must_republic_tech_s02_s_sm.dds,1520,referenced-full
texture/eqp_must_republic_tech_s02_sm.dds,1520,referenced-full
texture/eqp_must_republic_tech_s03.dds,22000,referenced-full
texture/eqp_must_republic_tech_s03_cn.dds,22000,referenced-full
texture/eqp_must_republic_tech_s03_s.dds,22000,referenced-full
texture/eqp_must_republic_tech_s03_s_sm.dds,1520,referenced-full
texture/eqp_must_republic_tech_s03_sm.dds,1520,referenced-full
texture/eqp_must_republic_tech_s04.dds,22000,referenced-full
texture/eqp_must_republic_tech_s04_sm.dds,1520,referenced-full
texture/eqp_must_republic_tech_s04_spec.dds,22000,referenced-full
texture/eqp_must_republic_tech_s04_spec_sm.dds,1520,referenced-basename
texture/eqp_must_republic_tech_s05.dds,22000,referenced-full
texture/eqp_must_republic_tech_s05_cn.dds,22000,referenced-full
texture/eqp_must_republic_tech_s05_emis.dds,22000,referenced-full
texture/eqp_must_republic_tech_s05_emis_sm.dds,1520,referenced-basename
texture/eqp_must_republic_tech_s05_sm.dds,1520,referenced-full
texture/eqp_must_republic_tech_s05_spec.dds,22000,referenced-full
texture/eqp_must_republic_tech_s05_spec_sm.dds,1520,referenced-basename
texture/eqp_must_republic_tech_s06.dds,22000,referenced-full
texture/eqp_must_republic_tech_s06_cn.dds,22000,referenced-full
texture/eqp_must_republic_tech_s06_emis.dds,22000,referenced-full
texture/eqp_must_republic_tech_s06_emis_sm.dds,1520,referenced-basename
texture/eqp_must_republic_tech_s06_sm.dds,1520,referenced-full
texture/eqp_must_republic_tech_s06_spec.dds,22000,referenced-full
texture/eqp_must_republic_tech_s06_spec_sm.dds,1520,referenced-basename
texture/eqp_must_republic_tech_s07.dds,43856,referenced-full
texture/eqp_must_republic_tech_s07_cn.dds,43856,referenced-full
texture/eqp_must_republic_tech_s07_sm.dds,2896,referenced-full
texture/eqp_must_republic_tech_s07_spec.dds,43856,referenced-full
texture/eqp_must_republic_tech_s07_spec_sm.dds,2896,referenced-basename
texture/eqp_must_republic_tech_s08.dds,43856,referenced-full
texture/eqp_must_republic_tech_s08_cn.dds,43856,referenced-full
texture/eqp_must_republic_tech_s08_sm.dds,2896,referenced-full
texture/eqp_must_republic_tech_s08_spec.dds,43856,referenced-full
texture/eqp_must_republic_tech_s08_spec_sm.dds,2896,referenced-basename
texture/eqp_must_republic_tech_s09.dds,43856,referenced-full
texture/eqp_must_republic_tech_s09_cn.dds,43856,referenced-full
texture/eqp_must_republic_tech_s09_emis.dds,43856,referenced-full
texture/eqp_must_republic_tech_s09_emis_sm.dds,2896,referenced-basename
texture/eqp_must_republic_tech_s09_sm.dds,2896,referenced-full
texture/eqp_must_republic_tech_s09_spec.dds,43856,referenced-full
texture/eqp_must_republic_tech_s09_spec_sm.dds,2896,referenced-basename
texture/eqp_must_republic_tech_s10.dds,22000,referenced-full
texture/eqp_must_republic_tech_s10_sm.dds,1520,referenced-full
texture/eqp_must_republic_tech_s10_spec.dds,22000,referenced-full
texture/eqp_must_republic_tech_s10_spec_sm.dds,1520,referenced-basename
texture/eqp_must_satellite_uplink.dds,87536,referenced-full
texture/eqp_must_satellite_uplink_cn.dds,87536,referenced-full
texture/eqp_must_satellite_uplink_sm.dds,5616,referenced-full
texture/eqp_must_satellite_uplink_spec.dds,87536,referenced-full
texture/eqp_must_satellite_uplink_spec_sm.dds,5616,referenced-basename
texture/eqp_muzzle.dds,87536,referenced-full
texture/eqp_muzzle_cn.dds,87536,referenced-full
texture/eqp_muzzle_sm.dds,2872,referenced-full
texture/eqp_notebook_s02.dds,22000,referenced-full
texture/eqp_notebook_s02_spec.dds,22000,referenced-full
texture/eqp_organ_rancor_eye.dds,22000,referenced-full
texture/eqp_organ_rancor_eye_spec.dds,11064,referenced-full
texture/eqp_organ_rancorfinger.dds,43832,referenced-full
texture/eqp_organ_rancorfinger_cn.dds,87536,referenced-full
texture/eqp_organ_rancorfinger_sm.dds,2872,referenced-full
texture/eqp_organ_rancorfinger_spec.dds,43832,referenced-full
texture/eqp_organ_rancortooth_s02.dds,11064,referenced-full
texture/eqp_organ_rancortooth_s02_cn.dds,22000,referenced-full
texture/eqp_organ_rancortooth_s02_cn_sm.dds,5616,referenced-full
texture/eqp_organ_rancortooth_s02_sm.dds,2872,referenced-full
texture/eqp_pak_thm_nboo_imprv_garden_gazebo_sml_s01_l2.dds,87536,referenced-full
texture/eqp_pak_thm_nboo_imprv_garden_gazebo_sml_s01_l3.dds,87536,referenced-full
texture/eqp_ponda_babas_arm.dds,87536,referenced-full
texture/eqp_ponda_babas_arm_cn.dds,87536,referenced-full
texture/eqp_ponda_babas_arm_fur.dds,22000,referenced-full
texture/eqp_ponda_babas_arm_sm.dds,2872,referenced-full
texture/eqp_pvp_imp_token.dds,22000,referenced-full
texture/eqp_pvp_imp_token_cn.dds,22000,referenced-full
texture/eqp_pvp_imp_token_sm.dds,1520,referenced-full
texture/eqp_pvp_reb_token.dds,22000,referenced-full
texture/eqp_pvp_reb_token_cn.dds,22000,referenced-full
texture/eqp_pvp_reb_token_sm.dds,1520,referenced-full
texture/eqp_republic_junk_analyzer.dds,87536,referenced-full
texture/eqp_republic_junk_analyzer_cn.dds,87536,referenced-full
texture/eqp_republic_junk_analyzer_s.dds,87536,referenced-full
texture/eqp_republic_junk_analyzer_s_sm.dds,5616,referenced-full
texture/eqp_republic_junk_analyzer_sm.dds,5616,referenced-full
texture/eqp_rocket_launcher.dds,87536,referenced-full
texture/eqp_rocket_launcher_cn.dds,87536,referenced-full
texture/eqp_rocket_launcher_sm.dds,2872,referenced-full
texture/eqp_scrapbook.dds,349680,UNREFERENCED
texture/eqp_scrapbook_scraps.dds,349680,referenced-full
texture/eqp_scrapbook_sm.dds,87536,referenced-full
texture/eqp_screen_dna.01.dds,22000,referenced-full
texture/eqp_screen_dna.02.dds,22000,referenced-basename
texture/eqp_screen_dna.03.dds,22000,referenced-basename
texture/eqp_screen_dna.04.dds,22000,referenced-basename
texture/eqp_screen_dna_s01.dds,87536,referenced-full
texture/eqp_screen_dna_s01_cn.dds,87536,referenced-full
texture/eqp_screen_dna_s01_sm.dds,5616,referenced-full
texture/eqp_shock_collar.dds,87536,referenced-full
texture/eqp_shock_collar_cn.dds,87536,referenced-full
texture/eqp_shock_collar_sm.dds,2872,referenced-full
texture/eqp_shock_collar_spec.dds,87536,referenced-full
texture/eqp_signal_unit.dds,22000,referenced-full
texture/eqp_signal_unit_sm.dds,1520,referenced-full
texture/eqp_snow_maker_machine.dds,87536,referenced-full
texture/eqp_snow_maker_machine_sm.dds,5616,referenced-full
texture/eqp_speaker_hue.dds,87536,referenced-full
texture/eqp_speaker_hue_spec.dds,87536,referenced-full
texture/eqp_story_token_effect_immediate.dds,22000,referenced-basename
texture/eqp_story_token_effect_immediate_cn.dds,22000,referenced-basename
texture/eqp_story_token_effect_immediate_cn_sm.dds,5616,referenced-basename
texture/eqp_story_token_effect_immediate_sm.dds,5616,referenced-basename
texture/eqp_story_token_effect_static.dds,22000,referenced-full
texture/eqp_story_token_effect_static_cn.dds,22000,referenced-basename
texture/eqp_story_token_effect_static_cn_sm.dds,5616,referenced-basename
texture/eqp_story_token_effect_static_sm.dds,5616,referenced-basename
texture/eqp_story_token_npc_combat.dds,22000,referenced-full
texture/eqp_story_token_npc_combat_cn.dds,22000,referenced-full
texture/eqp_story_token_npc_combat_cn_sm.dds,5616,referenced-basename
texture/eqp_story_token_npc_combat_sm.dds,5616,referenced-full
texture/eqp_story_token_npc_flavor.dds,22000,referenced-full
texture/eqp_story_token_npc_flavor_cn.dds,22000,referenced-full
texture/eqp_story_token_npc_flavor_cn_sm.dds,5616,referenced-basename
texture/eqp_story_token_npc_flavor_sm.dds,5616,referenced-full
texture/eqp_story_token_prop.dds,22000,referenced-full
texture/eqp_story_token_prop_cn.dds,22000,referenced-full
texture/eqp_story_token_prop_cn_sm.dds,5616,referenced-full
texture/eqp_story_token_prop_sm.dds,5616,referenced-full
texture/eqp_story_token_theater.dds,22000,referenced-full
texture/eqp_story_token_theater_cn.dds,22000,referenced-full
texture/eqp_story_token_theater_cn_sm.dds,5616,referenced-full
texture/eqp_story_token_theater_sm.dds,5616,referenced-full
texture/eqp_story_token_theater_spec.dds,22000,referenced-full
texture/eqp_story_token_theater_spec_sm.dds,5616,referenced-full
texture/eqp_storyteller_token.dds,22000,referenced-full
texture/eqp_storyteller_token_cn.dds,22000,UNREFERENCED
texture/eqp_storyteller_token_spec.dds,22000,referenced-full
texture/eqp_teleport_device.dds,349680,referenced-full
texture/eqp_teleport_device_cn.dds,349680,referenced-full
texture/eqp_teleport_device_emis.dds,349680,UNREFERENCED
texture/eqp_theater_buildout_schematic.dds,87536,referenced-full
texture/eqp_thed_ivy_a2.dds,87536,referenced-full
texture/eqp_thed_ivy_a4.dds,87536,referenced-full
texture/eqp_thed_patinaroof.dds,87536,referenced-full
texture/eqp_thed_relief_a1.dds,87536,referenced-full
texture/eqp_thed_relief_a1_n.dds,349652,referenced-full
texture/eqp_thed_trim_white_n.dds,174892,referenced-full
texture/eqp_thed_whitemarble.dds,87536,referenced-full
texture/eqp_thed_whitemarble_gazebo.dds,87536,referenced-full
texture/eqp_thed_whitemarble_trim.dds,43856,referenced-full
texture/eqp_tie_glass.dds,22000,referenced-full
texture/eqp_tie_main.dds,349680,referenced-full
texture/eqp_tie_main_med.dds,87536,referenced-full
texture/eqp_tie_main_med_n.dds,87508,referenced-full
texture/eqp_tie_main_n.dds,349652,referenced-full
texture/eqp_tie_main_sm.dds,22000,referenced-full
texture/eqp_vet_beacon.dds,349680,referenced-full
texture/eqp_vet_beacon_cn.dds,349680,referenced-full
texture/eqp_vet_beacon_em.dds,349680,referenced-full
texture/eqp_weapon_augment_bit.dds,22000,referenced-full
texture/eqp_weapon_core_electric.01.dds,5616,referenced-full
texture/eqp_weapon_core_electric.02.dds,5616,referenced-basename
texture/eqp_weapon_core_electric.03.dds,5616,referenced-basename
texture/eqp_weapon_core_electric.04.dds,5616,referenced-basename
texture/eqp_weapon_core_electric.05.dds,5616,referenced-basename
texture/eqp_weapon_core_electric.06.dds,5616,referenced-basename
texture/eqp_weapon_core_electric.07.dds,5616,referenced-basename
texture/eqp_weapon_core_electric.08.dds,5616,referenced-basename
texture/eqp_weapon_core_electric.09.dds,5616,referenced-basename
texture/eqp_weapon_core_electric.10.dds,5616,referenced-basename
texture/eqp_weapon_core_electric.11.dds,5616,referenced-basename
texture/eqp_weapon_core_electric.12.dds,5616,referenced-basename
texture/eqp_weapon_core_electric.13.dds,5616,referenced-basename
texture/eqp_weapon_core_electric.14.dds,5616,referenced-basename
texture/eqp_weapon_core_electric.15.dds,5616,referenced-basename
texture/eqp_weapon_core_electric.16.dds,5616,referenced-basename
texture/eqp_weapon_enhancement_bit.dds,22000,referenced-full
texture/eqp_weapon_extra_bit.dds,22000,referenced-full
texture/eqp_weapon_power_bit.dds,22000,referenced-full
texture/eqp_weapon_ranged_core.dds,87536,referenced-full
texture/eqp_weapon_ranged_core_cn.dds,87536,referenced-full
texture/eqp_weapon_ranged_core_emis.dds,87536,referenced-full
texture/eqp_weapon_ranged_core_glass.dds,5616,referenced-full
texture/eqp_weapon_ranged_core_glass_sm.dds,496,referenced-full
texture/eqp_weapon_ranged_core_sm.dds,5616,referenced-full
texture/eqp_wookiee_shield_deco.dds,174928,referenced-full
texture/eqp_wookiee_shield_deco_cn.dds,174928,referenced-full
texture/eqp_wookiee_shield_deco_sm.dds,11088,referenced-full
texture/eqp_worm_statue.dds,87536,referenced-full
texture/eqp_worm_statue_base.dds,87536,referenced-full
texture/eqp_worm_statue_cn.dds,87536,referenced-full
texture/eqp_worm_statue_hueb.dds,87536,referenced-full
texture/eqp_worm_statue_spec.dds,87536,referenced-full
texture/eqp_xantha_cn.dds,349680,referenced-full
texture/eqp_xantha_emis.dds,22000,referenced-full
texture/eqp_xantha_hue01.dds,349680,referenced-full
texture/eqp_xantha_hue01_sm.dds,22000,referenced-full
texture/eqp_xantha_hue02.dds,349680,referenced-full
texture/eqp_xantha_hue02_sm.dds,22000,referenced-full
texture/eqp_xantha_spec_sm.dds,22000,referenced-full
texture/eqp_xantha_specenv.dds,349680,referenced-full
texture/eqp_xantha_strings.dds,11152,referenced-full
texture/eqp_xantha_strings_spec.dds,11152,referenced-full
texture/eqp_yt1300_static_a_cn.dds,349680,referenced-full
texture/eqp_yt1300_static_a_patterna_s01.dds,1398256,referenced-basename
texture/eqp_yt1300_static_b_cn.dds,43856,referenced-full
texture/eqp_yt1300_static_b_patterna_s01.dds,174928,referenced-basename
texture/eqp_yt1300_static_cannon_s01.dds,87536,referenced-full
texture/eqp_yt1300_static_cannon_s01_cn.dds,22000,referenced-full
texture/eqp_yt1300_static_combined_sm.dds,87536,referenced-full
texture/eqp_yt1300_static_dish_s01.dds,43856,referenced-full
texture/eqp_yt1300_static_dish_s01_cn.dds,11088,referenced-full
texture/eqp_yt1300_static_engine.dds,5616,UNREFERENCED
texture/eqp_yt1300_static_interior.dds,349680,referenced-full
texture/eqp_yt1300_static_landing.dds,87536,referenced-full
texture/eqp_yt1300_static_pattern_detail.dds,174928,referenced-basename
texture/eqp_yt1300_static_pattern_detail_cn.dds,174928,referenced-basename
texture/eqp_yt2400_static_detail_ground.dds,87536,referenced-full
texture/eralam_crystal_shard.dds,87536,referenced-full
texture/eralam_crystal_shard_sm.dds,22000,referenced-full
texture/esb_30_logo.dds,262272,UNREFERENCED
texture/ever_palmtree_dirt.dds,22000,referenced-full
texture/ever_palmtree_rocks.dds,11064,referenced-full
texture/ever_palmtree_rocks_cn.dds,22000,referenced-full
texture/ewok_cupid_alpha_hair_s01.dds,2896,referenced-full
texture/ewok_cupid_cigar.dds,11088,referenced-full
texture/ewok_cupid_feathers_s01.dds,22000,referenced-full
texture/ewok_cupid_fur_s01.dds,174928,referenced-full
texture/ewok_cupid_fur_s01_sm.dds,87536,referenced-full
texture/ewok_cupid_wing.dds,43856,referenced-full
texture/ewok_cupid_wings_s01.dds,87536,referenced-full
texture/ewok_cupid_wings_s01_cn.dds,87536,referenced-full
texture/ewok_cupid_wings_s02.dds,87536,referenced-full
texture/ewok_disillusioned_cupid.dds,174928,UNREFERENCED
texture/ewok_disillusioned_cupid_cn.dds,174928,referenced-full
texture/ewok_lovebow.dds,174928,referenced-full
texture/ewok_lovebow_bolt.dds,152,referenced-full
texture/ewok_lovebow_feather.dds,11088,referenced-full
texture/ewok_loveday_cards.dds,349680,referenced-full
texture/ewok_loveday_painting.dds,43832,referenced-full
texture/ewok_loveday_painting_frame.dds,87536,referenced-full
texture/exar_design.dds,21992,referenced-full
texture/exar_door_01.dds,87536,referenced-full
texture/exar_floor01.dds,349680,referenced-full
texture/exar_floor02.dds,349680,referenced-full
texture/exar_floor3.dds,349680,referenced-full
texture/exar_frame.dds,349680,referenced-full
texture/exar_indoor_torch_s02.dds,87536,referenced-full
texture/exar_kun_cultist_robe.dds,349680,referenced-full
texture/exar_kun_cultist_robe_medallion.dds,22000,referenced-full
texture/exar_kun_cultist_robe_medallion_cn.dds,22000,referenced-basename
texture/exar_kun_cultist_robe_n.dds,1398228,referenced-full
texture/exar_kun_cultist_robe_sm.dds,87536,UNREFERENCED
texture/exar_marblestars.dds,87536,referenced-full
texture/exar_misc.dds,87536,referenced-full
texture/exar_misc_outdoor.dds,87536,referenced-full
texture/exar_painting.dds,349680,referenced-full
texture/exar_reward_frame.dds,87536,referenced-full
texture/exar_reward_painting.dds,87536,referenced-full
texture/exar_roots.dds,349680,referenced-full
texture/exar_rubble_dark.dds,43832,referenced-full
texture/exar_rubble_light.dds,87536,referenced-full
texture/exar_sithstuff.dds,87536,referenced-full
texture/exar_spikes.dds,5616,referenced-full
texture/exar_stone_broke.dds,87536,referenced-full
texture/exar_torch_s01.dds,87536,referenced-full
texture/exar_torch_s02.dds,87536,referenced-full
texture/exar_wall.dds,87536,referenced-full
texture/exar_wall02.dds,87536,referenced-full
texture/exar_wall03.dds,87536,referenced-full
texture/exar_wall06.dds,87536,referenced-full
texture/exar_wall07.dds,43832,referenced-full
texture/exar_wall4.dds,87536,referenced-full
texture/exarkun_alter.dds,174904,referenced-full
texture/exarkun_fresco.dds,349672,referenced-full
texture/exarkun_generator.dds,349680,referenced-full
texture/exarkun_pillar_01.dds,174904,referenced-full
texture/exarkun_pillar_02.dds,174904,referenced-full
texture/exarkun_pillar_02_outdoor.dds,174904,referenced-full
texture/exarkun_sarcophagus.dds,174904,referenced-full
texture/exarkun_sarcophagus_base.dds,174904,UNREFERENCED
texture/exarkun_scaffolding.dds,87528,referenced-full
texture/exarkun_worklamp.dds,349680,referenced-full
texture/exarkun_worklamp_em.dds,349680,referenced-full
texture/exarkuun_wall3.dds,87536,referenced-full
texture/fanfar_hue.dds,22000,referenced-full
texture/fanfar_hue_spec.dds,22000,referenced-full
texture/fd_ptower_cannon.dds,1398256,referenced-full
texture/fd_ptower_cannon_cn.dds,1398256,referenced-full
texture/fd_ptower_cannon_destroyed.dds,1398256,referenced-full
texture/fg_8t8_podracer.dds,349680,referenced-full
texture/fg_8t8_podracer_cn.dds,349680,referenced-full
texture/fg_8t8_podracer_sm.dds,2872,referenced-full
texture/fg_8t8_podracer_turbine.dds,349680,referenced-full
texture/fg_8t8_podracer_turbine_cn.dds,349680,referenced-full
texture/fg_8t8_podracer_turbine_sm.dds,2872,referenced-full
texture/finned_blaggart.dds,87536,referenced-full
texture/finned_blaggart_cn.dds,87536,referenced-full
texture/finned_blaggart_sm.dds,5616,referenced-full
texture/fizz_a_hue.dds,22000,referenced-full
texture/fizz_a_hue_spec.dds,22000,referenced-full
texture/fizz_b_hue.dds,5616,referenced-full
texture/flare_s_swoop.dds,349680,referenced-full
texture/flare_s_swoop_2.dds,349680,referenced-full
texture/flare_s_swoop_body.dds,349680,referenced-full
texture/flare_s_swoop_body_2.dds,349680,referenced-full
texture/flare_s_swoop_body_cn.dds,349680,referenced-full
texture/flare_s_swoop_body_spec.dds,349680,referenced-full
texture/flare_s_swoop_cn.dds,349680,referenced-full
texture/flare_s_swoop_sm.dds,87536,referenced-full
texture/flare_s_swoop_sm_pv.dds,1520,referenced-full
texture/flare_s_swoop_sm_spec.dds,87536,referenced-full
texture/flare_s_swoop_spec.dds,349680,referenced-full
texture/flash_h.dds,5616,referenced-full
texture/flash_h_cn.dds,5616,referenced-full
texture/flow_tatt_funnel_dead.dds,21992,referenced-full
texture/flow_tatt_funnel_deadcard.dds,2896,referenced-full
texture/flow_tatt_funnel_petal_dead.dds,43856,referenced-full
texture/font/ja/bit_gothic_12_000.dds,262272,font-live
texture/font/ja/bit_gothic_12_001.dds,262272,font-live
texture/font/ja/bit_gothic_12_002.dds,262272,font-live
texture/font/ja/bit_gothic_12_003.dds,262272,font-live
texture/font/ja/bit_gothic_12_004.dds,262272,font-live
texture/font/ja/bit_gothic_12_005.dds,262272,font-live
texture/font/ja/bit_gothic_12_006.dds,262272,font-live
texture/font/ja/bit_gothic_12_007.dds,262272,font-live
texture/font/ja/bit_gothic_12_008.dds,262272,font-live
texture/font/ja/bit_gothic_12_009.dds,262272,font-live
texture/font/ja/bit_gothic_12_010.dds,262272,font-live
texture/font/ja/bit_gothic_12_011.dds,262272,font-live
texture/font/ja/bit_gothic_12_012.dds,262272,font-live
texture/font/ja/bit_gothic_12_013.dds,262272,font-live
texture/font/ja/bit_gothic_12_014.dds,262272,font-live
texture/font/ja/bit_gothic_12_015.dds,262272,font-live
texture/font/ja/bit_gothic_12_016.dds,262272,font-live
texture/font/ja/bit_gothic_12_017.dds,262272,font-live
texture/font/ja/bit_gothic_12_018.dds,262272,font-live
texture/font/ja/bit_gothic_12_019.dds,262272,font-live
texture/font/ja/bit_gothic_12_020.dds,262272,font-live
texture/font/ja/bit_gothic_12_021.dds,262272,font-live
texture/font/ja/bit_gothic_12_022.dds,262272,font-live
texture/font/ja/bit_gothic_14_000.dds,262272,font-live
texture/font/ja/bit_gothic_14_001.dds,262272,font-live
texture/font/ja/bit_gothic_14_002.dds,262272,font-live
texture/font/ja/bit_gothic_14_003.dds,262272,font-live
texture/font/ja/bit_gothic_14_004.dds,262272,font-live
texture/font/ja/bit_gothic_14_005.dds,262272,font-live
texture/font/ja/bit_gothic_14_006.dds,262272,font-live
texture/font/ja/bit_gothic_14_007.dds,262272,font-live
texture/font/ja/bit_gothic_14_008.dds,262272,font-live
texture/font/ja/bit_gothic_14_009.dds,262272,font-live
texture/font/ja/bit_gothic_14_010.dds,262272,font-live
texture/font/ja/bit_gothic_14_011.dds,262272,font-live
texture/font/ja/bit_gothic_14_012.dds,262272,font-live
texture/font/ja/bit_gothic_14_013.dds,262272,font-live
texture/font/ja/bit_gothic_14_014.dds,262272,font-live
texture/font/ja/bit_gothic_14_015.dds,262272,font-live
texture/font/ja/bit_gothic_14_016.dds,262272,font-live
texture/font/ja/bit_gothic_14_017.dds,262272,font-live
texture/font/ja/bit_gothic_14_018.dds,262272,font-live
texture/font/ja/bit_gothic_14_019.dds,262272,font-live
texture/font/ja/bit_gothic_14_020.dds,262272,font-live
texture/font/ja/bit_gothic_14_021.dds,262272,font-live
texture/font/ja/bit_gothic_14_022.dds,262272,font-live
texture/font/ja/bit_gothic_14_023.dds,262272,font-live
texture/font/ja/bit_gothic_14_024.dds,262272,font-live
texture/font/ja/bit_gothic_14_025.dds,262272,font-live
texture/font/ja/bit_gothic_14_026.dds,262272,font-live
texture/font/ja/bit_gothic_14_027.dds,262272,font-live
texture/font/ja/bit_gothic_14_028.dds,262272,font-live
texture/font/ja/bit_gothic_16_000.dds,262272,font-live
texture/font/ja/bit_gothic_16_001.dds,262272,font-live
texture/font/ja/bit_gothic_16_002.dds,262272,font-live
texture/font/ja/bit_gothic_16_003.dds,262272,font-live
texture/font/ja/bit_gothic_16_004.dds,262272,font-live
texture/font/ja/bit_gothic_16_005.dds,262272,font-live
texture/font/ja/bit_gothic_16_006.dds,262272,font-live
texture/font/ja/bit_gothic_16_007.dds,262272,font-live
texture/font/ja/bit_gothic_16_008.dds,262272,font-live
texture/font/ja/bit_gothic_16_009.dds,262272,font-live
texture/font/ja/bit_gothic_16_010.dds,262272,font-live
texture/font/ja/bit_gothic_16_011.dds,262272,font-live
texture/font/ja/bit_gothic_16_012.dds,262272,font-live
texture/font/ja/bit_gothic_16_013.dds,262272,font-live
texture/font/ja/bit_gothic_16_014.dds,262272,font-live
texture/font/ja/bit_gothic_16_015.dds,262272,font-live
texture/font/ja/bit_gothic_16_016.dds,262272,font-live
texture/font/ja/bit_gothic_16_017.dds,262272,font-live
texture/font/ja/bit_gothic_16_018.dds,262272,font-live
texture/font/ja/bit_gothic_16_019.dds,262272,font-live
texture/font/ja/bit_gothic_16_020.dds,262272,font-live
texture/font/ja/bit_gothic_16_021.dds,262272,font-live
texture/font/ja/bit_gothic_16_022.dds,262272,font-live
texture/font/ja/bit_gothic_16_023.dds,262272,font-live
texture/font/ja/bit_gothic_16_024.dds,262272,font-live
texture/font/ja/bit_gothic_16_025.dds,262272,font-live
texture/font/ja/bit_gothic_16_026.dds,262272,font-live
texture/font/ja/bit_gothic_16_027.dds,262272,font-live
texture/font/ja/bit_gothic_16_028.dds,262272,font-live
texture/font/ja/bit_gothic_16_029.dds,262272,font-live
texture/font/ja/bit_gothic_16_030.dds,262272,font-live
texture/font/ja/bit_gothic_16_031.dds,262272,font-live
texture/font/ja/bit_gothic_16_032.dds,262272,font-live
texture/font/ja/bit_gothic_16_033.dds,262272,font-live
texture/font/ja/bit_gothic_16_034.dds,262272,font-live
texture/font/ja/bit_gothic_16_035.dds,262272,font-live
texture/font/ja/bit_gothic_16_036.dds,262272,font-live
texture/font/starwarslogo_optimized_12_000.dds,65664,referenced-full
texture/font/starwarslogo_optimized_18_000.dds,65664,referenced-full
texture/font/starwarslogo_optimized_21_000.dds,65664,referenced-full
texture/font/starwarslogo_optimized_26_000.dds,65664,referenced-full
texture/font/starwarslogo_optimized_32_000.dds,65664,referenced-full
texture/font/starwarslogo_optimized_56_000.dds,262272,referenced-full
texture/font/starwarslogo_optimized_56_001.dds,262272,referenced-full
texture/font/starwarslogo_optimized_56_002.dds,65664,referenced-full
texture/forearm_cyber_anakin.dds,87536,referenced-full
texture/forearm_cyber_anakin_cn.dds,87536,referenced-full
texture/forearm_cyber_anakin_cn_sm.dds,5616,referenced-full
texture/forearm_cyber_anakin_sm.dds,5616,referenced-full
texture/forearm_cyber_aotc.dds,87536,referenced-full
texture/forearm_cyber_aotc_alpha.dds,87536,UNREFERENCED
texture/forearm_cyber_aotc_cn.dds,87536,referenced-full
texture/forearm_cyber_aotc_sm.dds,2872,referenced-full
texture/frn_all_armoire_efol11_a.dds,87536,UNREFERENCED
texture/frn_all_armoire_efol11_b.dds,87536,UNREFERENCED
texture/frn_all_armoire_efol11_cn.dds,87536,referenced-full
texture/frn_all_auto_feeder.dds,87536,referenced-full
texture/frn_all_auto_feeder_cn.dds,87536,referenced-full
texture/frn_all_auto_feeder_emis.dds,87536,UNREFERENCED
texture/frn_all_auto_feeder_sm.dds,2872,referenced-full
texture/frn_all_bed_efol11.dds,87536,referenced-full
texture/frn_all_bed_efol11_a.dds,87536,referenced-full
texture/frn_all_bed_efol11_b.dds,87536,referenced-full
texture/frn_all_bed_efol11_cn.dds,87536,referenced-full
texture/frn_all_bed_lg_post_s1_hue.dds,87536,referenced-full
texture/frn_all_bed_lg_post_s1_sm_hue.dds,5616,referenced-full
texture/frn_all_bed_lg_s1_hue.dds,349680,referenced-full
texture/frn_all_bed_lg_s1_sm_hue.dds,22000,UNREFERENCED
texture/frn_all_bed_sm_s1_hue.dds,349680,referenced-full
texture/frn_all_bed_sm_s1_sm_hue.dds,22000,UNREFERENCED
texture/frn_all_bed_sm_s2_hue.dds,349680,referenced-full
texture/frn_all_bed_sm_s2_sm_hue.dds,22000,UNREFERENCED
texture/frn_all_bespin_hologram.dds,43832,referenced-full
texture/frn_all_bespin_hologram_cn.dds,87536,referenced-full
texture/frn_all_bespin_hologram_sm.dds,2872,referenced-full
texture/frn_all_bespin_shelves.dds,2872,referenced-full
texture/frn_all_body_zombie.dds,174904,referenced-full
texture/frn_all_body_zombie_sm.dds,2872,referenced-full
texture/frn_all_chair_kitchen_s1_hue.dds,87536,referenced-full
texture/frn_all_chair_metal_s1_hue.dds,87536,referenced-full
texture/frn_all_chair_metal_wheeled_s1_hue.dds,87536,referenced-basename
texture/frn_all_chair_recliner_s1_hue.dds,87536,referenced-full
texture/frn_all_chair_upholstered_s1_hue.dds,87536,referenced-basename
texture/frn_all_chair_upholstered_s1_sm_hue.dds,5616,referenced-basename
texture/frn_all_chep_love_seat_s01_hue.dds,87536,referenced-full
texture/frn_all_chewbacca_statue_stand.dds,22000,referenced-full
texture/frn_all_claw_fish_tank.dds,87536,referenced-full
texture/frn_all_claw_fish_tank_cn.dds,87536,referenced-full
texture/frn_all_claw_fish_tank_glass.dds,5616,referenced-full
texture/frn_all_claw_fish_tank_glass_spec.dds,5616,referenced-basename
texture/frn_all_claw_fish_tank_sm.dds,2872,referenced-full
texture/frn_all_computer_terminal_hangar.dds,87536,referenced-basename
texture/frn_all_computer_terminal_hangar_cn.dds,87536,referenced-basename
texture/frn_all_computer_terminal_hangar_emis.dds,87536,referenced-basename
texture/frn_all_computer_terminal_hangar_lights.dds,87536,referenced-basename
texture/frn_all_computer_terminal_hangar_sm.dds,2872,referenced-basename
texture/frn_all_couch_divan_s1_hue.dds,349680,referenced-full
texture/frn_all_couch_divan_s1_sm_hue.dds,22000,referenced-full
texture/frn_all_couch_futon_s1_hue.dds,87536,referenced-full
texture/frn_all_couch_futon_s1_sm_hue.dds,22000,referenced-full
texture/frn_all_couch_lg_s1_hue.dds,87536,referenced-full
texture/frn_all_couch_lg_s1_sm_hue.dds,22000,referenced-full
texture/frn_all_couch_lg_s2_hue.dds,87536,referenced-full
texture/frn_all_couch_love_seat_s1_hue.dds,87536,referenced-full
texture/frn_all_couch_love_seat_s1_sm_hue.dds,22000,referenced-basename
texture/frn_all_couch_ottoman_s1_hue.dds,87536,referenced-full
texture/frn_all_couch_sm_s1_hue.dds,87536,referenced-full
texture/frn_all_couch_sm_s1_sm_hue.dds,22000,referenced-full
texture/frn_all_crafting_assistance_terminal.dds,87536,referenced-basename
texture/frn_all_crafting_assistance_terminal_cn.dds,87536,referenced-basename
texture/frn_all_crafting_assistance_terminal_sm.dds,2872,referenced-basename
texture/frn_all_crafting_screen_a.01.dds,22000,referenced-full
texture/frn_all_crafting_screen_a.02.dds,22000,referenced-basename
texture/frn_all_crafting_screen_a.03.dds,22000,referenced-basename
texture/frn_all_crafting_screen_a.04.dds,22000,referenced-basename
texture/frn_all_crafting_screen_a.05.dds,22000,referenced-basename
texture/frn_all_crafting_screen_b.01.dds,22000,referenced-full
texture/frn_all_crafting_screen_b.02.dds,22000,referenced-basename
texture/frn_all_crafting_screen_b.03.dds,22000,referenced-basename
texture/frn_all_crafting_screen_b.04.dds,22000,referenced-basename
texture/frn_all_crafting_screen_b.05.dds,22000,referenced-basename
texture/frn_all_darth_maul_statue.dds,349680,referenced-full
texture/frn_all_darth_maul_statue_cn.dds,349680,referenced-full
texture/frn_all_darth_maul_statue_saber.dds,87536,referenced-full
texture/frn_all_darth_maul_statue_saber_cn.dds,87536,referenced-basename
texture/frn_all_darth_maul_statue_saber_emis.dds,87536,referenced-basename
texture/frn_all_darth_maul_statue_saber_sm.dds,5616,referenced-basename
texture/frn_all_darth_maul_statue_sm.dds,5616,referenced-full
texture/frn_all_deathtrooper_pile.dds,349680,referenced-full
texture/frn_all_deathtrooper_pile_sm.dds,2872,referenced-full
texture/frn_all_duel_recorder_alpha.dds,87536,referenced-full
texture/frn_all_duel_recorder_saber.dds,87536,referenced-full
texture/frn_all_duel_recorder_saber_cn.dds,87536,referenced-full
texture/frn_all_duel_recorder_sm.dds,5616,UNREFERENCED
texture/frn_all_dust_bunny_s01.dds,22000,referenced-full
texture/frn_all_dust_bunny_s02.dds,22000,referenced-full
texture/frn_all_dust_bunny_s03.dds,22000,referenced-full
texture/frn_all_eleg_armoire_s01_hue.dds,87536,referenced-full
texture/frn_all_eleg_armoire_s01_sm_hue.dds,5616,referenced-full
texture/frn_all_eleg_bookcase_s01_hue.dds,87536,referenced-full
texture/frn_all_eleg_bookcase_s01_sm_hue.dds,22000,referenced-basename
texture/frn_all_eleg_cabinet_s01_hue.dds,87536,referenced-full
texture/frn_all_eleg_cabinet_s01_sm_hue.dds,22000,referenced-full
texture/frn_all_eleg_chair_s01_hue.dds,87536,referenced-full
texture/frn_all_eleg_chest_s01_hue.dds,87536,referenced-full
texture/frn_all_eleg_coffee_table_s01_hue.dds,87536,referenced-basename
texture/frn_all_eleg_coffee_table_s01_sm_hue.dds,22000,referenced-basename
texture/frn_all_eleg_couch_s01_hue.dds,87536,referenced-full
texture/frn_all_eleg_end_table_s01_hue.dds,87536,referenced-full
texture/frn_all_eleg_love_seat_s01_hue.dds,87536,referenced-full
texture/frn_all_escape_pod_statuette.dds,87536,referenced-full
texture/frn_all_escape_pod_statuette_cn.dds,87536,referenced-full
texture/frn_all_escape_pod_statuette_sm.dds,5616,referenced-full
texture/frn_all_exceptional_meat_rack_01.dds,87536,referenced-basename
texture/frn_all_exceptional_meat_rack_02.dds,43856,referenced-basename
texture/frn_all_face_zombie.dds,43832,referenced-full
texture/frn_all_face_zombie_sm.dds,2872,referenced-full
texture/frn_all_fishtank.dds,22000,referenced-full
texture/frn_all_fishtank_panels.dds,22000,referenced-full
texture/frn_all_fishtank_plants.dds,11088,referenced-full
texture/frn_all_fishtank_sm.dds,2872,referenced-full
texture/frn_all_galaxy_kiosk.dds,87536,referenced-full
texture/frn_all_galaxy_kiosk_cn.dds,87536,referenced-full
texture/frn_all_galaxy_kiosk_corl.dds,87536,referenced-full
texture/frn_all_galaxy_kiosk_dant.dds,87536,referenced-full
texture/frn_all_galaxy_kiosk_dath.dds,87536,referenced-full
texture/frn_all_galaxy_kiosk_endor.dds,87536,referenced-full
texture/frn_all_galaxy_kiosk_globe.dds,87536,referenced-full
texture/frn_all_galaxy_kiosk_globe_sm.dds,5616,referenced-full
texture/frn_all_galaxy_kiosk_lines.dds,5616,referenced-full
texture/frn_all_galaxy_kiosk_lok.dds,87536,UNREFERENCED
texture/frn_all_galaxy_kiosk_naboo.dds,87536,referenced-full
texture/frn_all_galaxy_kiosk_rori.dds,87536,referenced-full
texture/frn_all_galaxy_kiosk_sm.dds,5616,referenced-full
texture/frn_all_galaxy_kiosk_talus.dds,87536,referenced-full
texture/frn_all_galaxy_kiosk_tatt.dds,87536,referenced-full
texture/frn_all_galaxy_kiosk_yavin.dds,87536,referenced-full
texture/frn_all_gcw_kiosk_meta_dark.dds,87536,referenced-full
texture/frn_all_gcw_kiosk_metal.dds,87536,referenced-full
texture/frn_all_gcw_kiosk_metal_cn.dds,87536,referenced-full
texture/frn_all_gcw_kiosk_metal_dark_sm.dds,5616,referenced-full
texture/frn_all_gcw_kiosk_metal_sm.dds,5616,referenced-full
texture/frn_all_gcw_kiosk_poster_imp.dds,43856,referenced-full
texture/frn_all_gcw_kiosk_poster_imp_deface.dds,43856,referenced-basename
texture/frn_all_gcw_kiosk_poster_imp_mara_jade.dds,43856,referenced-basename
texture/frn_all_gcw_kiosk_poster_reb.dds,43856,referenced-full
texture/frn_all_gcw_kiosk_poster_reb_deface.dds,43856,referenced-basename
texture/frn_all_gcw_kiosk_poster_reb_deface_metal.dds,43856,referenced-basename
texture/frn_all_gcw_kiosk_poster_reb_wedge_antilles.dds,43856,referenced-basename
texture/frn_all_gcw_table_bestine_imp.dds,349680,referenced-full
texture/frn_all_gcw_table_bestine_reb.dds,349680,referenced-full
texture/frn_all_gcw_table_dearic_imp.dds,349680,referenced-full
texture/frn_all_gcw_table_dearic_reb.dds,349680,referenced-full
texture/frn_all_gcw_table_keren_imp.dds,349680,referenced-full
texture/frn_all_gcw_table_keren_reb.dds,349680,referenced-full
texture/frn_all_glow_statue_a.dds,87536,referenced-full
texture/frn_all_glow_statue_b.dds,87536,referenced-full
texture/frn_all_glow_statue_cn.dds,87536,referenced-full
texture/frn_all_glow_statue_emis.dds,87536,UNREFERENCED
texture/frn_all_guild_registry.dds,349680,referenced-full
texture/frn_all_guild_registry_imp.dds,349680,referenced-full
texture/frn_all_guild_registry_imp_s02.dds,349680,referenced-full
texture/frn_all_guild_registry_reb_s02.dds,349680,referenced-full
texture/frn_all_guild_registry_screen.01.dds,43856,referenced-basename
texture/frn_all_guild_registry_screen.02.dds,43856,referenced-basename
texture/frn_all_guild_registry_screen.03.dds,43856,referenced-basename
texture/frn_all_guild_registry_screen.04.dds,43856,referenced-basename
texture/frn_all_guild_registry_screen.05.dds,43856,referenced-basename
texture/frn_all_guild_registry_screen.06.dds,43856,referenced-basename
texture/frn_all_guild_registry_screen_imp.01.dds,43856,referenced-basename
texture/frn_all_guild_registry_screen_imp.02.dds,43856,referenced-basename
texture/frn_all_guild_registry_screen_imp.03.dds,43856,referenced-basename
texture/frn_all_guild_registry_screen_imp.04.dds,43856,referenced-basename
texture/frn_all_guild_registry_screen_imp.05.dds,43856,referenced-basename
texture/frn_all_guild_registry_screen_imp.06.dds,43856,referenced-basename
texture/frn_all_guild_registry_screen_imp_s02.01.dds,43856,referenced-basename
texture/frn_all_guild_registry_screen_imp_s02.02.dds,43856,referenced-basename
texture/frn_all_guild_registry_screen_imp_s02.03.dds,43856,referenced-basename
texture/frn_all_guild_registry_screen_imp_s02.04.dds,43856,referenced-basename
texture/frn_all_guild_registry_screen_imp_s02.05.dds,43856,referenced-basename
texture/frn_all_guild_registry_screen_imp_s02.06.dds,43856,referenced-basename
texture/frn_all_guild_registry_screen_reb.01.dds,43856,referenced-basename
texture/frn_all_guild_registry_screen_reb.02.dds,43856,referenced-basename
texture/frn_all_guild_registry_screen_reb.03.dds,43856,referenced-basename
texture/frn_all_guild_registry_screen_reb.04.dds,43856,referenced-basename
texture/frn_all_guild_registry_screen_reb.05.dds,43856,referenced-basename
texture/frn_all_guild_registry_screen_reb.06.dds,43856,referenced-basename
texture/frn_all_guild_registry_screen_reb_s02.01.dds,43856,referenced-basename
texture/frn_all_guild_registry_screen_reb_s02.02.dds,43856,referenced-basename
texture/frn_all_guild_registry_screen_reb_s02.03.dds,43856,referenced-basename
texture/frn_all_guild_registry_screen_reb_s02.04.dds,43856,referenced-basename
texture/frn_all_guild_registry_screen_reb_s02.05.dds,43856,referenced-basename
texture/frn_all_guild_registry_screen_reb_s02.06.dds,43856,referenced-basename
texture/frn_all_hasty_walls_a.dds,87536,referenced-full
texture/frn_all_hasty_walls_a_cn.dds,87536,UNREFERENCED
texture/frn_all_hasty_walls_a_sm.dds,2872,UNREFERENCED
texture/frn_all_hasty_walls_b.dds,87536,referenced-full
texture/frn_all_hasty_walls_b_cn.dds,87536,UNREFERENCED
texture/frn_all_hasty_walls_b_sm.dds,2872,UNREFERENCED
texture/frn_all_hazard_sign_01.dds,87536,referenced-full
texture/frn_all_hazard_sign_01_cn.dds,87536,referenced-full
texture/frn_all_hazard_sign_02.dds,87536,referenced-full
texture/frn_all_hazard_sign_03.dds,43832,referenced-full
texture/frn_all_head_zombie.dds,43832,referenced-full
texture/frn_all_head_zombie_sm.dds,2872,referenced-full
texture/frn_all_intr_hoteldeco_b.dds,43832,UNREFERENCED
texture/frn_all_jedi_council_floor.dds,87536,referenced-full
texture/frn_all_jedi_council_walls.dds,22000,referenced-full
texture/frn_all_jedi_council_walls_cn.dds,22000,referenced-full
texture/frn_all_jedi_relic_statue_s01.dds,349680,referenced-full
texture/frn_all_jedi_relic_statue_s01_cn.dds,349680,referenced-basename
texture/frn_all_jedi_relic_statue_s01_sm.dds,22000,referenced-basename
texture/frn_all_jedi_relic_statue_s01_spec.dds,87536,referenced-basename
texture/frn_all_jedi_relic_statue_s01_spec_sm.dds,5616,referenced-basename
texture/frn_all_jedi_temple.dds,87536,referenced-full
texture/frn_all_jedi_temple_cn.dds,87536,referenced-full
texture/frn_all_jedi_temple_destroyed.dds,87536,referenced-full
texture/frn_all_jedi_temple_destroyed_sm.dds,5616,referenced-basename
texture/frn_all_jedi_temple_sm.dds,5616,referenced-full
texture/frn_all_kissing_booth_sign.dds,87536,referenced-full
texture/frn_all_kissing_booth_sign_cn.dds,87536,referenced-full
texture/frn_all_kissing_booth_sign_sm.dds,5616,referenced-full
texture/frn_all_lamp_bespin_emis.dds,43856,UNREFERENCED
texture/frn_all_lamp_bespin_off.dds,43856,referenced-full
texture/frn_all_lamp_bespin_on.dds,43856,referenced-full
texture/frn_all_lando_poster.dds,43832,referenced-full
texture/frn_all_lifeday_09_painting.dds,43832,referenced-full
texture/frn_all_lifeday_fireplace.dds,87536,referenced-full
texture/frn_all_lifeday_fireplace_02.dds,43832,referenced-full
texture/frn_all_lifeday_fireplace_02_cn.dds,87536,referenced-full
texture/frn_all_lifeday_fireplace_02_sm.dds,2872,referenced-full
texture/frn_all_lifeday_fireplace_cn.dds,87536,referenced-full
texture/frn_all_lifeday_fireplace_rock.dds,87536,referenced-full
texture/frn_all_lifeday_fireplace_rock_cn.dds,87536,referenced-basename
texture/frn_all_lifeday_fireplace_rock_sm.dds,5616,referenced-basename
texture/frn_all_lifeday_fireplace_sm.dds,5616,referenced-full
texture/frn_all_lifeday_fireplace_stco.dds,87536,referenced-full
texture/frn_all_lifeday_fireplace_stco_brn.dds,87536,referenced-basename
texture/frn_all_lifeday_fireplace_stco_brn_sm.dds,5616,referenced-basename
texture/frn_all_lifeday_fireplace_stco_cn.dds,87536,referenced-basename
texture/frn_all_lifeday_fireplace_stco_sm.dds,5616,referenced-basename
texture/frn_all_lifeday_hanging_lamps_large.dds,349680,referenced-basename
texture/frn_all_lifeday_hanging_lamps_large_cn.dds,349680,referenced-basename
texture/frn_all_lifeday_hanging_lamps_large_emis.dds,349680,referenced-basename
texture/frn_all_lifeday_hanging_lamps_large_sm.dds,5616,referenced-basename
texture/frn_all_lifeday_hanging_lamps_large_solid.dds,349680,referenced-basename
texture/frn_all_lifeday_hanging_lamps_large_spec.dds,349680,referenced-basename
texture/frn_all_lifeday_hanging_lamps_small_acessories.dds,87536,referenced-full
texture/frn_all_lifeday_hanging_lamps_small_acessories_cn.dds,87536,referenced-full
texture/frn_all_lifeday_hanging_lamps_small_acessories_emis.dds,87536,referenced-full
texture/frn_all_lifeday_hanging_lamps_small_acessories_sm.dds,5616,referenced-full
texture/frn_all_lifeday_hanging_lamps_small_acessories_solid.dds,87536,referenced-basename
texture/frn_all_lifeday_hanging_lamps_small_acessories_spec.dds,87536,referenced-full
texture/frn_all_lifeday_hanging_lamps_small_tree.dds,87536,referenced-basename
texture/frn_all_lifeday_hanging_lamps_small_tree_cn.dds,87536,referenced-basename
texture/frn_all_lifeday_hanging_lamps_small_tree_sm.dds,2872,referenced-basename
texture/frn_all_lifeday_pocket_aquarium_bottom.dds,1520,referenced-basename
texture/frn_all_lifeday_pocket_aquarium_glass.dds,1520,referenced-basename
texture/frn_all_lifeday_proton_chair.dds,87536,referenced-full
texture/frn_all_lifeday_proton_chair_sm.dds,5616,referenced-full
texture/frn_all_lung_vat.dds,349680,referenced-full
texture/frn_all_lung_vat_cn.dds,349680,referenced-full
texture/frn_all_lung_vat_glass.dds,87536,referenced-full
texture/frn_all_lung_vat_glass_sm.dds,5616,referenced-full
texture/frn_all_lung_vat_sm.dds,2872,referenced-full
texture/frn_all_mace_windu_statue.dds,349680,referenced-full
texture/frn_all_mace_windu_statue_cn.dds,349680,referenced-full
texture/frn_all_mace_windu_statue_sm.dds,5616,referenced-full
texture/frn_all_macewindu_statue_sabre.dds,22000,referenced-full
texture/frn_all_mobile_tie.dds,22000,referenced-full
texture/frn_all_mobile_xwing.dds,22000,referenced-full
texture/frn_all_mosaic_tile_reward.dds,43856,referenced-full
texture/frn_all_mosaic_tile_reward_cn.dds,43856,referenced-full
texture/frn_all_nyms_ship_cn.dds,87536,referenced-full
texture/frn_all_nyms_ship_sm.dds,2872,referenced-full
texture/frn_all_otoh_gunga_house_lamp.dds,87536,referenced-full
texture/frn_all_otoh_gunga_house_lamp_cn.dds,87536,referenced-basename
texture/frn_all_otoh_gunga_house_lamp_emis.dds,87536,referenced-basename
texture/frn_all_otoh_gunga_house_lamp_sm.dds,5616,referenced-basename
texture/frn_all_painting_256x128_gift_reward_emperor.dds,87528,referenced-basename
texture/frn_all_painting_256x128_gift_reward_reb_imp.dds,87528,UNREFERENCED
texture/frn_all_painting_256x128_mystic_corellia.dds,43856,referenced-basename
texture/frn_all_painting_256x128_rebel_gift.dds,87528,referenced-basename
texture/frn_all_painting_256x128_rryatt_trail.dds,174928,referenced-basename
texture/frn_all_painting_256x256_gathering_2008.dds,87536,referenced-basename
texture/frn_all_painting_256x256_mustafar.dds,87536,referenced-basename
texture/frn_all_painting_anniversary_5th.dds,174928,referenced-basename
texture/frn_all_painting_anniversary_6th.dds,174928,referenced-basename
texture/frn_all_painting_anniversary_gift30.dds,174928,referenced-basename
texture/frn_all_painting_buddy_ep1.dds,87536,referenced-full
texture/frn_all_painting_buddy_ep2.dds,87536,referenced-full
texture/frn_all_painting_buddy_ep3.dds,87536,referenced-full
texture/frn_all_painting_ch7_gift_s02.dds,43856,referenced-full
texture/frn_all_painting_ch7_publish_gift_s01.dds,87536,referenced-basename
texture/frn_all_painting_change_01.dds,43856,referenced-full
texture/frn_all_painting_change_02.dds,43856,referenced-full
texture/frn_all_painting_change_03.dds,43856,referenced-full
texture/frn_all_painting_change_04.dds,43856,referenced-full
texture/frn_all_painting_change_05.dds,43856,referenced-full
texture/frn_all_painting_change_06.dds,43856,referenced-full
texture/frn_all_painting_change_07.dds,43856,referenced-full
texture/frn_all_painting_change_08.dds,43856,referenced-full
texture/frn_all_painting_change_09.dds,43856,referenced-full
texture/frn_all_painting_change_10.dds,43856,referenced-full
texture/frn_all_painting_comm_summit.dds,87536,referenced-full
texture/frn_all_painting_contest_01.dds,174904,referenced-full
texture/frn_all_painting_contest_02.dds,87528,referenced-full
texture/frn_all_painting_contest_imp.dds,349680,referenced-full
texture/frn_all_painting_contest_reb.dds,174928,referenced-full
texture/frn_all_painting_cts_plaque_corbantis.dds,22000,referenced-basename
texture/frn_all_painting_cts_plaque_infinity.dds,22000,referenced-basename
texture/frn_all_painting_cts_plaque_intrepid.dds,22000,referenced-basename
texture/frn_all_painting_cts_plaque_kauri.dds,22000,referenced-basename
texture/frn_all_painting_cts_plaque_kettemoor.dds,22000,referenced-basename
texture/frn_all_painting_cts_plaque_lowca.dds,22000,referenced-basename
texture/frn_all_painting_cts_plaque_naritus.dds,22000,referenced-basename
texture/frn_all_painting_cts_plaque_scylla.dds,22000,referenced-basename
texture/frn_all_painting_cts_plaque_tarquinas.dds,22000,referenced-basename
texture/frn_all_painting_cts_plaque_tempest.dds,22000,referenced-basename
texture/frn_all_painting_cts_plaque_valcyn.dds,22000,referenced-basename
texture/frn_all_painting_cts_plaque_wanderhome.dds,22000,referenced-basename
texture/frn_all_painting_cts_travel_ship.dds,131200,referenced-basename
texture/frn_all_painting_cts_travel_ship_frame.dds,22000,referenced-basename
texture/frn_all_painting_deathtroopers.dds,87528,referenced-full
texture/frn_all_painting_efol_10.dds,43832,UNREFERENCED
texture/frn_all_painting_efol_11.dds,87536,UNREFERENCED
texture/frn_all_painting_efol_11_s01.dds,87536,referenced-full
texture/frn_all_painting_efol_11_s02.dds,87536,referenced-full
texture/frn_all_painting_efol_11_s03.dds,87536,referenced-full
texture/frn_all_painting_efol_11_s04.dds,87536,referenced-full
texture/frn_all_painting_efol_11_s05.dds,87536,referenced-full
texture/frn_all_painting_empire_day_2010_imperial.dds,43832,referenced-basename
texture/frn_all_painting_empire_day_2010_rebel.dds,43832,referenced-basename
texture/frn_all_painting_empire_day_2011_imperial.dds,43832,referenced-basename
texture/frn_all_painting_empire_day_2011_rebel.dds,43832,referenced-basename
texture/frn_all_painting_esb_30_final_imperial.dds,87536,referenced-basename
texture/frn_all_painting_esb_30_final_neutral.dds,87536,referenced-basename
texture/frn_all_painting_esb_30_final_rebel.dds,87536,referenced-basename
texture/frn_all_painting_fanfair_09.dds,174928,referenced-full
texture/frn_all_painting_fanfaire_2011_explosion.dds,87536,referenced-basename
texture/frn_all_painting_fanfaire_2011_sd.dds,87536,referenced-basename
texture/frn_all_painting_fanfaire_2011_ship.dds,87536,referenced-basename
texture/frn_all_painting_galactic_gathering_10.dds,174928,referenced-basename
texture/frn_all_painting_galactic_hunters.dds,43832,referenced-basename
texture/frn_all_painting_gathering_2011_large_ship.dds,87536,referenced-basename
texture/frn_all_painting_gathering_2011_planet.dds,87536,referenced-basename
texture/frn_all_painting_gathering_2011_small_ship.dds,87536,referenced-basename
texture/frn_all_painting_gcw_change_imp.dds,43832,referenced-full
texture/frn_all_painting_gcw_change_reb.dds,43832,referenced-full
texture/frn_all_painting_gmf_2010_sayormi_witch.dds,43832,referenced-basename
texture/frn_all_painting_heroic_axkva_min.dds,21992,referenced-basename
texture/frn_all_painting_heroic_exar_kun.dds,21992,referenced-basename
texture/frn_all_painting_heroic_ig88.dds,43832,referenced-full
texture/frn_all_painting_heroic_marauder_king.dds,87536,referenced-basename
texture/frn_all_painting_heroic_tusken_king.dds,21992,referenced-basename
texture/frn_all_painting_hoth_reward.dds,174928,referenced-full
texture/frn_all_painting_imp_agent.dds,43832,referenced-full
texture/frn_all_painting_intense_perform.dds,43832,referenced-basename
texture/frn_all_painting_jedi_techniques.dds,174928,referenced-basename
texture/frn_all_painting_lifeday08.dds,349680,referenced-full
texture/frn_all_painting_lifeday_2007.dds,174904,referenced-full
texture/frn_all_painting_lifeday_wookie_s01.dds,43832,referenced-basename
texture/frn_all_painting_lifeday_wookie_s02.dds,43832,referenced-basename
texture/frn_all_painting_lifeday_wookie_s03.dds,43832,referenced-basename
texture/frn_all_painting_lifeday_wookie_s04.dds,43832,referenced-basename
texture/frn_all_painting_mnt_clan_witch.dds,43832,referenced-full
texture/frn_all_painting_nightsister_sentry.dds,43832,referenced-basename
texture/frn_all_painting_packup_reward.dds,174928,referenced-full
texture/frn_all_painting_padwan_train.dds,43832,referenced-full
texture/frn_all_painting_rebo_band.dds,43856,referenced-full
texture/frn_all_painting_schematic_comlink.dds,43856,referenced-basename
texture/frn_all_painting_schematic_datapad.dds,43856,referenced-basename
texture/frn_all_painting_schematic_star_destroyer.dds,43832,referenced-basename
texture/frn_all_painting_set5.dds,65664,referenced-full
texture/frn_all_painting_tcg7.dds,43832,referenced-full
texture/frn_all_painting_tcg8_hanleia.dds,43832,referenced-full
texture/frn_all_painting_tcg8_victory.dds,65664,referenced-full
texture/frn_all_painting_tcg8_vintage.dds,87536,referenced-full
texture/frn_all_painting_tcg8_yoda.dds,43832,referenced-full
texture/frn_all_painting_tcg_key_art.dds,349680,referenced-full
texture/frn_all_painting_tcg_nightsister.dds,43832,referenced-basename
texture/frn_all_painting_wod_nightsister_outcast.dds,43832,referenced-basename
texture/frn_all_palpatines_chair.dds,87536,UNREFERENCED
texture/frn_all_palpatines_chair_cn.dds,87536,referenced-full
texture/frn_all_palpatines_chair_sm.dds,2872,referenced-full
texture/frn_all_palpatines_desk.dds,349680,referenced-full
texture/frn_all_palpatines_desk_cn.dds,349680,referenced-full
texture/frn_all_palpatines_desk_emis.dds,349680,referenced-full
texture/frn_all_palpatines_desk_sm.dds,2872,referenced-full
texture/frn_all_palpatines_lamp.dds,87536,referenced-full
texture/frn_all_palpatines_lamp_cn.dds,87536,referenced-full
texture/frn_all_palpatines_lamp_emis.dds,87536,referenced-full
texture/frn_all_palpatines_lamp_sm.dds,2872,referenced-full
texture/frn_all_pictureframe_s04.dds,5608,UNREFERENCED
texture/frn_all_pillow_efol11.dds,87536,referenced-full
texture/frn_all_pillow_efol11_cn.dds,87536,UNREFERENCED
texture/frn_all_pillow_efol11_spec.dds,87536,referenced-full
texture/frn_all_planet_mobile_metal.dds,1520,referenced-full
texture/frn_all_planet_mobile_planet.dds,87536,referenced-full
texture/frn_all_r2d2_dogobah_body.dds,174928,referenced-full
texture/frn_all_r2d2_dogobah_body_cn.dds,174928,referenced-full
texture/frn_all_r2d2_dogobah_body_sm.dds,5608,referenced-full
texture/frn_all_r2d2_dogobah_head.dds,87536,referenced-full
texture/frn_all_r2d2_dogobah_head_cn.dds,87536,referenced-full
texture/frn_all_r2d2_dogobah_head_sm.dds,2872,referenced-full
texture/frn_all_rancor_zombie.dds,349680,referenced-full
texture/frn_all_rancor_zombie_cn.dds,349680,UNREFERENCED
texture/frn_all_rancor_zombie_sm.dds,22000,UNREFERENCED
texture/frn_all_rock_chair.dds,87536,referenced-full
texture/frn_all_rock_chair_cn.dds,87536,referenced-full
texture/frn_all_rock_chair_sm.dds,5616,referenced-full
texture/frn_all_rocks_smooth_lava_s04_med.dds,87536,referenced-basename
texture/frn_all_rocks_smooth_lava_s04_med_cn.dds,87536,referenced-basename
texture/frn_all_rocks_smooth_lava_s04_med_emis.dds,87536,referenced-basename
texture/frn_all_rocks_smooth_lava_s04_sm.dds,22000,referenced-basename
texture/frn_all_rocks_smooth_lava_s04_sm_emis.dds,22000,referenced-basename
texture/frn_all_rug_gcw_imp_s01.dds,87536,referenced-full
texture/frn_all_rug_gcw_reb_s01.dds,87536,referenced-full
texture/frn_all_rug_nym.dds,87536,referenced-full
texture/frn_all_rug_nym_cn.dds,87536,referenced-full
texture/frn_all_sclpt_stuffed_dewback.dds,21992,referenced-full
texture/frn_all_sclpt_stuffed_dewback_sm.dds,1512,referenced-basename
texture/frn_all_sclpt_stuffed_rancor.dds,21992,referenced-full
texture/frn_all_sclpt_stuffed_rancor_sm.dds,1512,referenced-full
texture/frn_all_sing_mt_clan_mask_s01.dds,87536,referenced-full
texture/frn_all_sing_mt_clan_mask_s01_n.dds,349652,referenced-full
texture/frn_all_sing_mt_clan_mask_s01_sm.dds,5616,referenced-basename
texture/frn_all_snowglobe.dds,22000,referenced-full
texture/frn_all_snowglobe_base.dds,22000,referenced-full
texture/frn_all_snowglobe_base_cn.dds,22000,referenced-full
texture/frn_all_snowglobe_esb_base_cn.dds,22000,referenced-full
texture/frn_all_snowglobe_gcw.dds,22000,referenced-full
texture/frn_all_snowglobe_gcw_base.dds,22000,referenced-full
texture/frn_all_snowglobe_nym.dds,22000,referenced-full
texture/frn_all_snowglobe_nym_base.dds,22000,referenced-full
texture/frn_all_stand_s01.dds,2872,referenced-full
texture/frn_all_table_deathtrooper.dds,349680,referenced-full
texture/frn_all_table_deathtrooper_cn.dds,349680,referenced-full
texture/frn_all_table_deathtrooper_sm.dds,2872,referenced-full
texture/frn_all_table_deathtrooper_spec.dds,349680,referenced-full
texture/frn_all_tapestry_wod_nightsister_portrait.dds,87536,referenced-basename
texture/frn_all_tapestry_wod_nightsister_portrait_full.dds,87536,referenced-full
texture/frn_all_tapestry_wod_scenary_s01.dds,87536,referenced-basename
texture/frn_all_tapestry_wod_scenary_s02.dds,87536,referenced-basename
texture/frn_all_tapestry_wod_scenary_s03.dds,87536,referenced-basename
texture/frn_all_tapestry_wod_scenary_s04.dds,87536,referenced-basename
texture/frn_all_tapestry_wod_singing_portrait.dds,87536,referenced-basename
texture/frn_all_tapestry_wod_singing_portrait_full.dds,87536,referenced-basename
texture/frn_all_tcg_atat_attack_diorama.dds,349680,referenced-full
texture/frn_all_tcg_atat_attack_diorama_sm.dds,5616,referenced-basename
texture/frn_all_tcg_battle_droid_statuette.dds,87536,referenced-basename
texture/frn_all_tcg_battle_droid_statuette_base.dds,87536,referenced-basename
texture/frn_all_tcg_bed_sw_pattern_01.dds,174904,referenced-full
texture/frn_all_tcg_bed_sw_pattern_02.dds,174904,referenced-full
texture/frn_all_tcg_bed_sw_pattern_02_sm.dds,5616,referenced-basename
texture/frn_all_tcg_corv_gray_metal_seam.dds,87536,referenced-basename
texture/frn_all_tcg_corv_steelpipe.dds,87536,referenced-full
texture/frn_all_tcg_corv_structural_grating.dds,87536,referenced-basename
texture/frn_all_tcg_corv_techhall_divider.dds,43856,referenced-basename
texture/frn_all_tcg_corv_techie_wall_a.dds,87536,referenced-full
texture/frn_all_tcg_cryoroom_diorama_main_floor.dds,349680,referenced-basename
texture/frn_all_tcg_cryoroom_diorama_main_floor_emis.dds,349680,referenced-basename
texture/frn_all_tcg_cryoroom_diorama_main_floor_sm.dds,2872,referenced-basename
texture/frn_all_tcg_cryoroom_diorama_main_floor_tile.dds,87536,referenced-basename
texture/frn_all_tcg_cryoroom_diorama_main_floor_tile_sm.dds,2872,referenced-full
texture/frn_all_tcg_cryoroom_diorama_props.dds,349680,referenced-basename
texture/frn_all_tcg_cryoroom_diorama_props_emis.dds,349680,referenced-basename
texture/frn_all_tcg_cryoroom_diorama_props_sm.dds,2872,referenced-basename
texture/frn_all_tcg_cryoroom_diorama_stripes.dds,349680,referenced-basename
texture/frn_all_tcg_cryoroom_diorama_stripes_emis.dds,349680,referenced-basename
texture/frn_all_tcg_cryoroom_diorama_stripes_sm.dds,2872,referenced-basename
texture/frn_all_tcg_cryoroom_diorama_tile_02.dds,87536,referenced-basename
texture/frn_all_tcg_cryoroom_diorama_tile_02_sm.dds,2872,referenced-basename
texture/frn_all_tcg_diner_booth_01.dds,87536,referenced-full
texture/frn_all_tcg_diner_booth_02.dds,87536,referenced-full
texture/frn_all_tcg_diner_booth_03.dds,87536,referenced-full
texture/frn_all_tcg_diner_stool.dds,87536,referenced-full
texture/frn_all_tcg_dio_9118.dds,87536,referenced-full
texture/frn_all_tcg_dio_9118_sm.dds,5616,referenced-full
texture/frn_all_tcg_dio_m5.dds,87536,referenced-full
texture/frn_all_tcg_dio_m5_sm.dds,5616,referenced-full
texture/frn_all_tcg_dioimp_backpack.dds,87536,referenced-full
texture/frn_all_tcg_dioimp_backpack_sm.dds,2872,referenced-full
texture/frn_all_tcg_dioimp_belt.dds,87536,referenced-full
texture/frn_all_tcg_dioimp_bicep.dds,87536,UNREFERENCED
texture/frn_all_tcg_dioimp_bicep_sm.dds,2872,referenced-full
texture/frn_all_tcg_dioimp_boots.dds,87536,UNREFERENCED
texture/frn_all_tcg_dioimp_boots_sm.dds,2872,referenced-full
texture/frn_all_tcg_dioimp_bracer.dds,87536,referenced-full
texture/frn_all_tcg_dioimp_bracer_sm.dds,2872,referenced-full
texture/frn_all_tcg_dioimp_chest_plate.dds,349680,referenced-full
texture/frn_all_tcg_dioimp_chest_plate_sm.dds,2872,referenced-basename
texture/frn_all_tcg_dioimp_gloves.dds,87536,referenced-full
texture/frn_all_tcg_dioimp_gloves_sm.dds,2872,referenced-full
texture/frn_all_tcg_dioimp_helmet.dds,87536,referenced-full
texture/frn_all_tcg_dioimp_helmet_sm.dds,2872,referenced-full
texture/frn_all_tcg_dioimp_leggings.dds,87536,referenced-full
texture/frn_all_tcg_dioimp_leggings_sm.dds,2872,referenced-full
texture/frn_all_tcg_dioimp_plant.dds,43856,UNREFERENCED
texture/frn_all_tcg_dioimp_plant_sm.dds,2896,referenced-full
texture/frn_all_tcg_dioimp_terrain.dds,87536,referenced-full
texture/frn_all_tcg_dioimp_terrain_sm.dds,5616,referenced-full
texture/frn_all_tcg_diorama_bespin_01.dds,87536,referenced-full
texture/frn_all_tcg_diorama_bespin_01_cn.dds,87536,referenced-basename
texture/frn_all_tcg_diorama_bespin_01_sm.dds,5616,referenced-basename
texture/frn_all_tcg_diorama_bespin_02.dds,87536,referenced-full
texture/frn_all_tcg_diorama_bespin_02_cn.dds,87536,referenced-basename
texture/frn_all_tcg_diorama_bespin_03.dds,87536,referenced-full
texture/frn_all_tcg_diorama_crater.dds,87536,referenced-full
texture/frn_all_tcg_diorama_crater_cn.dds,87536,referenced-full
texture/frn_all_tcg_diorama_crater_emis.dds,87536,referenced-full
texture/frn_all_tcg_diorama_crater_exogorth.dds,87536,referenced-basename
texture/frn_all_tcg_diorama_crater_exogorth_cn.dds,87536,referenced-basename
texture/frn_all_tcg_diorama_crater_exogorth_sm.dds,5616,referenced-basename
texture/frn_all_tcg_diorama_crater_sm.dds,5616,referenced-full
texture/frn_all_tcg_diorama_frgndan_characters.dds,87536,referenced-basename
texture/frn_all_tcg_diorama_frgndan_characters_sm.dds,2872,referenced-basename
texture/frn_all_tcg_diorama_frgndan_instruments.dds,87536,referenced-basename
texture/frn_all_tcg_diorama_frgndan_instruments_cn.dds,87536,referenced-basename
texture/frn_all_tcg_diorama_frgndan_instruments_sm.dds,2872,referenced-basename
texture/frn_all_tcg_diorama_frgndan_stage.dds,87536,referenced-basename
texture/frn_all_tcg_diorama_frgndan_stage_cn.dds,87536,referenced-basename
texture/frn_all_tcg_diorama_frgndan_stage_sm.dds,2872,referenced-basename
texture/frn_all_tcg_diorama_greedo_metal.dds,87536,referenced-basename
texture/frn_all_tcg_diorama_greedo_metal_cn.dds,87536,referenced-basename
texture/frn_all_tcg_diorama_greedo_stone.dds,43832,referenced-basename
texture/frn_all_tcg_diorama_greedo_stone_cn.dds,87536,referenced-basename
texture/frn_all_tcg_diorama_greedo_stone_sm.dds,2872,referenced-basename
texture/frn_all_tcg_diorama_maxrebo_blue_yellow.dds,87536,referenced-basename
texture/frn_all_tcg_diorama_maxrebo_blue_yellow_cn.dds,87536,referenced-basename
texture/frn_all_tcg_diorama_maxrebo_blue_yellow_sm.dds,5616,referenced-basename
texture/frn_all_tcg_diorama_maxrebo_pink_stage.dds,87536,referenced-basename
texture/frn_all_tcg_diorama_maxrebo_pink_stage_cn.dds,87536,referenced-basename
texture/frn_all_tcg_diorama_maxrebo_pink_stage_sm.dds,2872,referenced-basename
texture/frn_all_tcg_diorama_obidarth_blue_saber.dds,1520,referenced-basename
texture/frn_all_tcg_diorama_obidarth_red_saber.dds,1520,referenced-basename
texture/frn_all_tcg_dioreb_belt.dds,87536,referenced-full
texture/frn_all_tcg_dioreb_bicep.dds,87536,UNREFERENCED
texture/frn_all_tcg_dioreb_bicep_sm.dds,2872,referenced-full
texture/frn_all_tcg_dioreb_boot.dds,87536,referenced-full
texture/frn_all_tcg_dioreb_boot_sm.dds,2872,referenced-full
texture/frn_all_tcg_dioreb_bracer.dds,87536,referenced-full
texture/frn_all_tcg_dioreb_bracer_sm.dds,2872,referenced-full
texture/frn_all_tcg_dioreb_chest.dds,87536,UNREFERENCED
texture/frn_all_tcg_dioreb_chest_sm.dds,2872,referenced-full
texture/frn_all_tcg_dioreb_gloves.dds,87536,referenced-full
texture/frn_all_tcg_dioreb_gloves_sm.dds,2872,referenced-full
texture/frn_all_tcg_dioreb_helmet.dds,87536,referenced-full
texture/frn_all_tcg_dioreb_helmet_sm.dds,2872,referenced-full
texture/frn_all_tcg_dioreb_leggings.dds,87536,referenced-full
texture/frn_all_tcg_dioreb_leggings_sm.dds,2872,referenced-full
texture/frn_all_tcg_dogabah_garden_indoor_01.dds,43832,referenced-basename
texture/frn_all_tcg_dogabah_garden_indoor_01_sm.dds,2872,referenced-basename
texture/frn_all_tcg_dogabah_garden_indoor_02.dds,87536,referenced-basename
texture/frn_all_tcg_dogabah_garden_indoor_02_sm.dds,2872,referenced-basename
texture/frn_all_tcg_dress_s07_bottom.dds,87536,referenced-full
texture/frn_all_tcg_dress_s07_bottom_n.dds,87536,referenced-full
texture/frn_all_tcg_dress_s07_top.dds,87536,referenced-full
texture/frn_all_tcg_dress_s07_top_n.dds,87536,referenced-full
texture/frn_all_tcg_game_cabinet.dds,87536,UNREFERENCED
texture/frn_all_tcg_game_cabinet_chair.dds,87536,referenced-full
texture/frn_all_tcg_game_cabinet_chair_sm.dds,2872,referenced-basename
texture/frn_all_tcg_game_cabinet_sm.dds,2872,referenced-full
texture/frn_all_tcg_jango_fett_gun.dds,43832,referenced-full
texture/frn_all_tcg_jango_fett_gun_cn.dds,87536,referenced-full
texture/frn_all_tcg_jango_fett_jetpack.dds,43832,referenced-full
texture/frn_all_tcg_jango_fett_jetpack_cn.dds,87536,referenced-basename
texture/frn_all_tcg_jango_fett_statue.dds,349680,referenced-full
texture/frn_all_tcg_jango_fett_statue_cn.dds,349680,referenced-basename
texture/frn_all_tcg_leia_hair.dds,87536,referenced-full
texture/frn_all_tcg_leia_organa.dds,87536,referenced-full
texture/frn_all_tcg_leia_organa_hand.dds,5616,referenced-full
texture/frn_all_tcg_medic_table.dds,87536,referenced-full
texture/frn_all_tcg_medic_table_cn.dds,87536,referenced-full
texture/frn_all_tcg_medic_table_sm.dds,5616,referenced-full
texture/frn_all_tcg_obi_wan_glowie.dds,349680,referenced-full
texture/frn_all_tcg_oil_bath.dds,349680,referenced-full
texture/frn_all_tcg_oil_bath_cn.dds,349680,referenced-full
texture/frn_all_tcg_oil_bath_emis.dds,349680,referenced-full
texture/frn_all_tcg_oil_bath_sm.dds,2872,referenced-full
texture/frn_all_tcg_painting_01.dds,87528,referenced-full
texture/frn_all_tcg_painting_02.dds,87528,referenced-full
texture/frn_all_tcg_painting_03.dds,87528,referenced-full
texture/frn_all_tcg_painting_04.dds,87528,referenced-full
texture/frn_all_tcg_painting_05.dds,87528,referenced-full
texture/frn_all_tcg_palpatine_amulet.dds,5616,referenced-full
texture/frn_all_tcg_palpatine_head.dds,43832,referenced-full
texture/frn_all_tcg_palpatine_head_n.dds,349652,referenced-full
texture/frn_all_tcg_palpatine_head_sm.dds,2872,referenced-full
texture/frn_all_tcg_palpatine_robe.dds,43832,referenced-full
texture/frn_all_tcg_palpatine_robe_n.dds,349652,referenced-full
texture/frn_all_tcg_palpatine_robe_sm.dds,2872,referenced-full
texture/frn_all_tcg_r2body.dds,87536,referenced-full
texture/frn_all_tcg_r2head.dds,87536,referenced-full
texture/frn_all_tcg_r2leg.dds,87536,referenced-full
texture/frn_all_tcg_rug_body.dds,349680,referenced-full
texture/frn_all_tcg_rug_hair.dds,87536,referenced-full
texture/frn_all_tcg_rug_horns.dds,174928,referenced-full
texture/frn_all_tcg_rug_horns_cn.dds,174928,UNREFERENCED
texture/frn_all_tcg_rug_s01.dds,87536,referenced-full
texture/frn_all_tcg_rug_wampa.dds,349680,referenced-full
texture/frn_all_tcg_rug_wampa_sm.dds,87536,UNREFERENCED
texture/frn_all_tcg_sabre_obi.dds,22000,referenced-full
texture/frn_all_tcg_sabre_vader.dds,22000,referenced-full
texture/frn_all_tcg_sd_mainwall.dds,174928,referenced-full
texture/frn_all_tcg_sd_metal_decal2.dds,87536,referenced-full
texture/frn_all_tcg_sd_metal_smk.dds,87536,UNREFERENCED
texture/frn_all_tcg_sd_metal_smk_decal.dds,349680,referenced-full
texture/frn_all_tcg_star_destroyer_lightstrip.dds,174928,referenced-basename
texture/frn_all_tcg_statue_greedo.dds,5616,referenced-full
texture/frn_all_tcg_statue_greedo_pants.dds,87536,referenced-full
texture/frn_all_tcg_statue_greedo_pants_cn.dds,87536,referenced-basename
texture/frn_all_tcg_statue_greedo_shirt.dds,87536,referenced-full
texture/frn_all_tcg_statue_greedo_shirt_cn.dds,87536,referenced-basename
texture/frn_all_tcg_statue_greedo_shoes.dds,87536,referenced-full
texture/frn_all_tcg_statue_gun.dds,22000,referenced-full
texture/frn_all_tcg_statue_luke_skywalker_base.dds,87536,referenced-basename
texture/frn_all_tcg_statue_luke_skywalker_base_sm.dds,5616,referenced-basename
texture/frn_all_tcg_statue_luke_skywalker_boots.dds,43856,referenced-basename
texture/frn_all_tcg_statue_luke_skywalker_boots_sm.dds,2896,referenced-basename
texture/frn_all_tcg_statue_luke_skywalker_bottom.dds,87536,referenced-basename
texture/frn_all_tcg_statue_luke_skywalker_bottom_sm.dds,5616,referenced-basename
texture/frn_all_tcg_statue_luke_skywalker_face.dds,87536,referenced-basename
texture/frn_all_tcg_statue_luke_skywalker_face_sm.dds,5616,referenced-basename
texture/frn_all_tcg_statue_luke_skywalker_hair.dds,87536,referenced-basename
texture/frn_all_tcg_statue_luke_skywalker_hair_sm.dds,5616,referenced-basename
texture/frn_all_tcg_statue_luke_skywalker_hand.dds,5616,referenced-basename
texture/frn_all_tcg_statue_luke_skywalker_hand_sm.dds,1520,referenced-basename
texture/frn_all_tcg_statue_luke_skywalker_helmet_rebel.dds,87536,referenced-full
texture/frn_all_tcg_statue_luke_skywalker_helmet_rebel_sm.dds,5616,referenced-full
texture/frn_all_tcg_statue_luke_skywalker_neck.dds,22000,referenced-basename
texture/frn_all_tcg_statue_luke_skywalker_neck_sm.dds,22000,referenced-basename
texture/frn_all_tcg_statue_luke_skywalker_top.dds,87536,referenced-basename
texture/frn_all_tcg_statue_luke_skywalker_top_sm.dds,5616,referenced-basename
texture/frn_all_tcg_statue_solo_base.dds,87536,referenced-full
texture/frn_all_tcg_statue_solo_base_cn.dds,87536,referenced-full
texture/frn_all_tcg_statue_solo_base_em.dds,87536,referenced-full
texture/frn_all_tcg_statue_solo_boots.dds,87536,referenced-full
texture/frn_all_tcg_statue_solo_boots_cn.dds,87536,referenced-basename
texture/frn_all_tcg_statue_solo_face.dds,87536,referenced-full
texture/frn_all_tcg_statue_solo_face_cn.dds,349652,referenced-full
texture/frn_all_tcg_statue_solo_hair.dds,87536,referenced-full
texture/frn_all_tcg_statue_solo_hands.dds,22000,referenced-full
texture/frn_all_tcg_statue_solo_lod.dds,11088,referenced-full
texture/frn_all_tcg_statue_solo_neck.dds,22000,referenced-full
texture/frn_all_tcg_statue_solo_pants.dds,87536,referenced-full
texture/frn_all_tcg_statue_solo_pants_blue.dds,87536,referenced-basename
texture/frn_all_tcg_statue_solo_pants_cn.dds,349652,referenced-basename
texture/frn_all_tcg_statue_solo_shirt.dds,87536,referenced-full
texture/frn_all_tcg_statue_solo_shirt_cn.dds,349652,referenced-basename
texture/frn_all_tcg_statue_solo_shoes.dds,87536,referenced-full
texture/frn_all_tcg_statue_solo_vest.dds,87536,referenced-full
texture/frn_all_tcg_statue_solo_vest_cn.dds,349652,referenced-full
texture/frn_all_tcg_stuffed_tauntaun.dds,43832,referenced-full
texture/frn_all_tcg_stuffed_tauntaun_cn.dds,87536,referenced-full
texture/frn_all_tcg_stuffed_tauntaun_sm.dds,2872,referenced-full
texture/frn_all_tcg_stuffed_wampa.dds,43832,referenced-full
texture/frn_all_tcg_stuffed_wampa_cn.dds,87536,referenced-full
texture/frn_all_tcg_stuffed_wampa_sm.dds,2872,referenced-full
texture/frn_all_tcg_t16_toy.dds,43832,referenced-full
texture/frn_all_tcg_t16_toy_cn.dds,87536,referenced-full
texture/frn_all_tcg_t16_toy_sm.dds,2872,referenced-full
texture/frn_all_tcg_vader.dds,349680,referenced-full
texture/frn_all_tcg_vader_assembly_table.dds,349680,referenced-basename
texture/frn_all_tcg_vader_assembly_table_cn.dds,349680,referenced-basename
texture/frn_all_tcg_vader_assembly_table_sm.dds,2872,referenced-basename
texture/frn_all_tcg_vader_assembly_table_spec.dds,174904,referenced-basename
texture/frn_all_tcg_vader_helmet.dds,349680,UNREFERENCED
texture/frn_all_tcg_yoda_xwing_diorama.dds,174904,referenced-full
texture/frn_all_tcg_yoda_xwing_diorama_sm.dds,2872,referenced-basename
texture/frn_all_tech_terminal_bank_floor_s01_cn.dds,174928,referenced-full
texture/frn_all_tech_terminal_bank_floor_s01_detail.dds,43832,referenced-full
texture/frn_all_tech_terminal_bank_floor_s01_emis.dds,174928,referenced-full
texture/frn_all_tech_terminal_bank_floor_s01_emis_sm.dds,11088,referenced-full
texture/frn_all_tech_terminal_bank_floor_s01_off.dds,174928,referenced-full
texture/frn_all_tech_terminal_bank_floor_s01_off_sm.dds,11088,referenced-full
texture/frn_all_tech_terminal_bank_floor_s01_on.dds,174928,referenced-full
texture/frn_all_tech_terminal_bank_floor_s01_on_sm.dds,11088,referenced-full
texture/frn_all_tech_terminal_bank_floor_s02_cn.dds,174928,referenced-basename
texture/frn_all_tech_terminal_bank_floor_s02_emis.dds,174928,referenced-basename
texture/frn_all_tech_terminal_bank_floor_s02_emis_sm.dds,11088,referenced-basename
texture/frn_all_tech_terminal_bank_floor_s02_off.dds,174928,referenced-basename
texture/frn_all_tech_terminal_bank_floor_s02_off_sm.dds,11088,referenced-basename
texture/frn_all_tech_terminal_bank_floor_s02_on.dds,174928,referenced-basename
texture/frn_all_tech_terminal_bank_floor_s02_on_sm.dds,11088,referenced-basename
texture/frn_all_tech_terminal_bank_wall_s01_cn.dds,174928,referenced-basename
texture/frn_all_tech_terminal_bank_wall_s01_emis.dds,174928,referenced-basename
texture/frn_all_tech_terminal_bank_wall_s01_emis_sm.dds,11088,referenced-basename
texture/frn_all_tech_terminal_bank_wall_s01_off.dds,174928,referenced-basename
texture/frn_all_tech_terminal_bank_wall_s01_off_sm.dds,11088,referenced-basename
texture/frn_all_tech_terminal_bank_wall_s01_on.dds,174928,referenced-basename
texture/frn_all_tech_terminal_bank_wall_s01_on_sm.dds,11088,referenced-basename
texture/frn_all_tech_terminal_bank_wall_s02_cn.dds,174928,referenced-basename
texture/frn_all_tech_terminal_bank_wall_s02_emis.dds,174928,referenced-basename
texture/frn_all_tech_terminal_bank_wall_s02_emis_sm.dds,11088,referenced-basename
texture/frn_all_tech_terminal_bank_wall_s02_off.dds,174928,referenced-basename
texture/frn_all_tech_terminal_bank_wall_s02_off_sm.dds,11088,referenced-basename
texture/frn_all_tech_terminal_bank_wall_s02_on.dds,174928,referenced-basename
texture/frn_all_tech_terminal_bank_wall_s02_on_sm.dds,11088,referenced-basename
texture/frn_all_theater_posters.dds,43832,referenced-full
texture/frn_all_tiefighter_chair.dds,87536,UNREFERENCED
texture/frn_all_tiefighter_chair_cn.dds,87536,referenced-full
texture/frn_all_tiefighter_chair_sm.dds,2872,referenced-full
texture/frn_all_torture_table.dds,87536,referenced-full
texture/frn_all_torture_table_cn.dds,87536,UNREFERENCED
texture/frn_all_torture_table_sm.dds,5616,UNREFERENCED
texture/frn_all_torture_table_spec.dds,87536,referenced-full
texture/frn_all_trophy_blistmok_skin.dds,349680,referenced-full
texture/frn_all_trophy_blistmok_skin_cn.dds,349680,referenced-full
texture/frn_all_trophy_blistmok_skin_sm.dds,22000,referenced-full
texture/frn_all_trophy_blistmok_skin_spec.dds,349680,referenced-basename
texture/frn_all_trophy_blistmok_skin_spec_sm.dds,22000,referenced-basename
texture/frn_all_trophy_lava_beetle.dds,174928,referenced-full
texture/frn_all_trophy_lava_beetle_cn.dds,174928,referenced-full
texture/frn_all_trophy_lava_beetle_sm.dds,5616,referenced-full
texture/frn_all_trophy_lava_flea.dds,174928,UNREFERENCED
texture/frn_all_trophy_lava_flea_cn.dds,174928,referenced-full
texture/frn_all_trophy_lava_flea_sm.dds,5616,referenced-full
texture/frn_all_trophy_lava_lizard_heart.dds,87536,referenced-basename
texture/frn_all_trophy_lava_lizard_heart_cn.dds,87536,referenced-basename
texture/frn_all_trophy_lava_lizard_heart_sm.dds,5616,referenced-basename
texture/frn_all_trophy_lava_lizard_heart_spec.dds,87536,referenced-basename
texture/frn_all_trophy_lava_lizard_heart_spec_sm.dds,5616,referenced-basename
texture/frn_all_trophy_spike_tail_blurrg.dds,87536,referenced-basename
texture/frn_all_trophy_spike_tail_blurrg_cn.dds,87536,referenced-basename
texture/frn_all_trophy_xandank.dds,174928,referenced-full
texture/frn_all_trophy_xandank_cn.dds,174928,referenced-full
texture/frn_all_trophy_xandank_sm.dds,5616,referenced-full
texture/frn_all_vader_pod.dds,349680,referenced-full
texture/frn_all_vader_pod_cn.dds,349680,referenced-full
texture/frn_all_vader_pod_emis.dds,349680,referenced-full
texture/frn_all_vader_pod_sm.dds,2872,referenced-full
texture/frn_all_weapon_rack_s01.dds,349680,referenced-full
texture/frn_all_weapon_rack_s01_cn.dds,349680,referenced-full
texture/frn_all_weapon_rack_s01_sm.dds,5616,referenced-full
texture/frn_all_weapon_rack_s01_spec.dds,349680,referenced-full
texture/frn_all_wod_planter_s01_leaves.dds,87536,referenced-full
texture/frn_all_wod_planter_s01_opaque.dds,43832,referenced-full
texture/frn_all_zombie_wall.dds,87536,referenced-full
texture/frn_all_zombie_wall_cn.dds,87536,referenced-full
texture/frn_all_zombie_wall_sm.dds,2872,referenced-full
texture/frn_aotc_cyberarm_hologram.dds,43832,referenced-full
texture/frn_aotc_cyberarm_hologram_cn.dds,87536,referenced-full
texture/frn_aotc_cyberarm_hologram_sm.dds,2872,referenced-full
texture/frn_atat_head_01_sm.dds,87536,referenced-full
texture/frn_atat_head_02_sm.dds,87536,referenced-full
texture/frn_atat_head_a.dds,174928,referenced-full
texture/frn_atat_head_b.dds,87536,referenced-full
texture/frn_atat_head_d.dds,174928,referenced-full
texture/frn_atat_head_e.dds,87536,referenced-full
texture/frn_beetle_collection.dds,22000,referenced-full
texture/frn_beetle_collection_sm.dds,5616,UNREFERENCED
texture/frn_bespin_glass_sculpture.dds,22000,referenced-full
texture/frn_display_stand.dds,349680,referenced-full
texture/frn_display_stand_cn.dds,349680,referenced-full
texture/frn_display_stand_sm.dds,22000,referenced-full
texture/frn_display_stand_spec.dds,87536,referenced-full
texture/frn_display_stand_spec_sm.dds,5616,referenced-full
texture/frn_exar_brazier.dds,349680,referenced-full
texture/frn_exar_brazier_sm.dds,43832,referenced-full
texture/frn_exar_roots.dds,87536,referenced-full
texture/frn_exar_roots_cn.dds,87536,referenced-full
texture/frn_exar_torch_s01.dds,87536,referenced-full
texture/frn_exar_torch_s01_cn.dds,87536,referenced-full
texture/frn_exarkun_alter.dds,349680,referenced-full
texture/frn_exarkun_alter_ceiling.dds,349680,referenced-full
texture/frn_exarkun_alter_cn.dds,349680,referenced-full
texture/frn_fung_genericshroom_stalk.dds,5608,referenced-full
texture/frn_fung_mushroom_caps.dds,87536,referenced-full
texture/frn_holodroid_cle_004.dds,87536,referenced-full
texture/frn_holodroid_cle_004_cn.dds,87536,UNREFERENCED
texture/frn_holodroid_cle_004_cn_sm.dds,22000,UNREFERENCED
texture/frn_holodroid_cle_004_sm.dds,22000,UNREFERENCED
texture/frn_holodroid_cle_004_spec.dds,87536,UNREFERENCED
texture/frn_holodroid_ins_444.dds,87536,referenced-full
texture/frn_holodroid_ins_444_cn.dds,87536,UNREFERENCED
texture/frn_holodroid_ins_444_cn_sm.dds,22000,UNREFERENCED
texture/frn_holodroid_ins_444_sm.dds,11064,UNREFERENCED
texture/frn_holodroid_ins_444_spec.dds,87536,UNREFERENCED
texture/frn_hologram_atat.dds,87536,referenced-full
texture/frn_hologram_atat_cn.dds,87536,referenced-full
texture/frn_hologram_corvette.dds,349680,referenced-full
texture/frn_hologram_corvette_cn.dds,349680,UNREFERENCED
texture/frn_hologram_corvette_sm.dds,22000,UNREFERENCED
texture/frn_hologram_darth_vader.dds,174928,UNREFERENCED
texture/frn_hologram_darth_vader_cn.dds,174928,referenced-full
texture/frn_hologram_display_base_gold.dds,22000,referenced-full
texture/frn_hologram_display_base_gold_cn.dds,22000,referenced-basename
texture/frn_hologram_display_base_gold_sm.dds,1520,referenced-basename
texture/frn_hologram_display_base_gold_spec.dds,22000,referenced-basename
texture/frn_hologram_display_base_gold_spec_sm.dds,1520,referenced-basename
texture/frn_hologram_hk47.dds,174904,referenced-full
texture/frn_hologram_hk47_cn.dds,349680,referenced-full
texture/frn_hologram_hk47_sm.dds,11064,referenced-full
texture/frn_hologram_lambda.dds,349680,referenced-full
texture/frn_hologram_lambda_cn.dds,87536,referenced-full
texture/frn_hologram_lambda_sm.dds,22000,referenced-full
texture/frn_hologram_luke_skywalker.dds,349680,referenced-full
texture/frn_hologram_luke_skywalker_cn.dds,349680,referenced-full
texture/frn_hologram_mustafarian_a.dds,349680,referenced-full
texture/frn_hologram_mustafarian_a_cn.dds,349680,referenced-full
texture/frn_hologram_mustafarian_a_sm.dds,11064,referenced-full
texture/frn_hologram_mustafarian_c.dds,174904,referenced-full
texture/frn_hologram_mustafarian_c_cn.dds,349680,referenced-full
texture/frn_hologram_mustafarian_c_sm.dds,11064,referenced-full
texture/frn_hologram_nebulon_frigate.dds,87536,referenced-full
texture/frn_hologram_nebulon_frigate_cn.dds,87536,referenced-full
texture/frn_hologram_nebulon_frigate_sm.dds,5616,referenced-full
texture/frn_hologram_snowspeeder.dds,22000,UNREFERENCED
texture/frn_hologram_snowspeeder_cn.dds,22000,referenced-full
texture/frn_housepacking_painting_imp.dds,87536,referenced-full
texture/frn_housepacking_painting_reb.dds,87536,referenced-full
texture/frn_jabbas_palace_mini.dds,174928,referenced-full
texture/frn_jabbas_palace_mini_cn.dds,174928,referenced-full
texture/frn_jabbas_palace_mini_sm.dds,11088,referenced-full
texture/frn_jabbas_palace_mini_spec.dds,174928,referenced-full
texture/frn_jedi_chair_light_s01_hue.dds,87536,referenced-full
texture/frn_jedi_chair_light_s01_hue_n.dds,349652,referenced-full
texture/frn_jedi_chair_light_s01_hue_sm.dds,5616,referenced-full
texture/frn_jedi_dark_chair_s01_hue.dds,87536,referenced-full
texture/frn_jedi_dark_chair_s01_spec.dds,87536,referenced-full
texture/frn_jedi_dark_table_s01_hue.dds,87536,referenced-full
texture/frn_jedi_dark_table_s01_hue_sm.dds,5616,referenced-full
texture/frn_jedi_dark_throne_1_huea.dds,349680,referenced-full
texture/frn_jedi_dark_throne_1_hueb.dds,349680,referenced-full
texture/frn_jedi_dark_throne_2_hue.dds,87536,referenced-full
texture/frn_jedi_light_table_hue.dds,87536,UNREFERENCED
texture/frn_jedi_light_table_hue_spec.dds,87536,referenced-full
texture/frn_lifeday_incense_burner.dds,349680,referenced-full
texture/frn_lifeday_incense_burner_cn.dds,349680,referenced-full
texture/frn_lifeday_incense_burner_sm.dds,22000,referenced-full
texture/frn_lifeday_incense_burner_spec.dds,349680,referenced-full
texture/frn_meatlump_crdbrd.dds,174928,referenced-full
texture/frn_metal_detail.dds,87536,referenced-full
texture/frn_must_chair_mining_s01.dds,87536,referenced-full
texture/frn_must_chair_mining_s01_cn.dds,87536,referenced-full
texture/frn_must_chair_mining_s01_sm.dds,5616,referenced-full
texture/frn_must_mapstand_s01_display.dds,87536,referenced-full
texture/frn_must_mapstand_s01_sm.dds,87536,UNREFERENCED
texture/frn_must_mapstand_s01_sm_emis.dds,22000,referenced-full
texture/frn_must_mapstand_s01_stand.dds,87536,referenced-full
texture/frn_must_mapstand_s01_stand_emis.dds,22000,referenced-basename
texture/frn_must_painting_s01.dds,87528,referenced-full
texture/frn_must_painting_s01_sm.dds,5608,UNREFERENCED
texture/frn_must_painting_s02.dds,87528,referenced-full
texture/frn_must_painting_s02_sm.dds,5608,UNREFERENCED
texture/frn_must_painting_s03.dds,87528,referenced-full
texture/frn_must_painting_s03_sm.dds,5608,UNREFERENCED
texture/frn_must_painting_s04.dds,87528,referenced-full
texture/frn_must_painting_s04_sm.dds,5608,UNREFERENCED
texture/frn_must_table_mining_s01.dds,349712,referenced-full
texture/frn_must_table_mining_s01_cn.dds,349712,referenced-full
texture/frn_must_table_mining_s01_emis.dds,87568,referenced-full
texture/frn_must_table_mining_s01_emis_sm.dds,5648,referenced-basename
texture/frn_must_table_mining_s01_sm.dds,22032,referenced-full
texture/frn_must_table_mining_s02.dds,349680,referenced-full
texture/frn_must_table_mining_s02_cn.dds,349680,referenced-full
texture/frn_must_table_mining_s02_emis.dds,87536,referenced-full
texture/frn_must_table_mining_s02_emis_sm.dds,5616,referenced-basename
texture/frn_must_table_mining_s02_sm.dds,22000,referenced-full
texture/frn_ns_bridge_claws.dds,87536,referenced-full
texture/frn_ns_bridge_claws_spec.dds,87536,UNREFERENCED
texture/frn_ns_chains.dds,11152,referenced-full
texture/frn_ns_crystal.dds,87536,referenced-full
texture/frn_ns_crystal_env.dds,87536,referenced-full
texture/frn_nym_mounted_slug.dds,87568,referenced-full
texture/frn_nym_mounted_slug_cn.dds,87568,referenced-full
texture/frn_nym_mounted_slug_sm.dds,22032,referenced-full
texture/frn_painting_chp5.dds,87528,referenced-full
texture/frn_painting_controler.dds,5616,referenced-full
texture/frn_painting_controler_cn.dds,5616,referenced-full
texture/frn_painting_controler_sm.dds,1520,referenced-full
texture/frn_painting_controler_spec.dds,5616,referenced-full
texture/frn_painting_lifeday2005_s01.dds,87528,referenced-full
texture/frn_painting_lifeday2005_s02.dds,87528,referenced-full
texture/frn_painting_lifeday2005_s03.dds,87528,referenced-full
texture/frn_painting_lifeday2006_s01.dds,87528,referenced-full
texture/frn_painting_lifeday2006_s02.dds,87528,referenced-full
texture/frn_painting_lifeday2006_s03.dds,87528,referenced-full
texture/frn_painting_lifeday2006_s04.dds,87528,referenced-full
texture/frn_painting_lifeday2006_s05.dds,87528,referenced-full
texture/frn_painting_meatlump_king.dds,174928,referenced-full
texture/frn_painting_nym.dds,349680,referenced-full
texture/frn_painting_nym_arena.dds,174928,referenced-full
texture/frn_painting_swg_7_year.dds,43832,referenced-full
texture/frn_pgc_fireplace.dds,349680,referenced-full
texture/frn_pgc_fireplace_cn.dds,349680,referenced-full
texture/frn_pgc_fireplace_glass.dds,22000,referenced-full
texture/frn_pgc_fireplace_sm.dds,22000,referenced-full
texture/frn_pillow_a_hue.dds,22000,referenced-full
texture/frn_pillow_b_hue.dds,22000,referenced-full
texture/frn_pillow_c_hue.dds,22000,referenced-full
texture/frn_rug_sc_neutral_s01.dds,174928,referenced-full
texture/frn_rug_sc_neutral_s01_cn.dds,174928,referenced-full
texture/frn_saber_plaque.dds,87536,referenced-full
texture/frn_saber_plaque_alpha.dds,87536,referenced-full
texture/frn_saber_plaque_cn.dds,22000,referenced-full
texture/frn_saber_plaque_sm.dds,5616,referenced-full
texture/frn_saber_plaque_spec.dds,1520,referenced-full
texture/frn_sm_generator_s01.dds,349680,referenced-full
texture/frn_sm_generator_s01_cn.dds,349680,referenced-full
texture/frn_sm_generator_s01_pak_l2.dds,87536,referenced-full
texture/frn_sm_generator_s01_pak_l3.dds,87536,referenced-full
texture/frn_solar_plant_base_s01_a.dds,349680,referenced-full
texture/frn_solar_plant_base_s01_b.dds,87536,referenced-full
texture/frn_solar_plant_s01_a.dds,349680,referenced-full
texture/frn_solar_plant_s01_b.dds,87536,referenced-full
texture/frn_solar_plant_s01_c.dds,87536,referenced-full
texture/frn_solar_plant_s01_glass.dds,22000,referenced-full
texture/frn_solar_plant_s01_glass_alpha.dds,22000,referenced-full
texture/frn_spc_couch_section_s02_em.dds,87536,referenced-full
texture/frn_statue_ig88.dds,349680,referenced-full
texture/frn_statue_ig88_cn.dds,349680,referenced-full
texture/frn_statue_ig88_sm.dds,87536,referenced-full
texture/frn_statue_stormtrooper.dds,349680,referenced-full
texture/frn_statue_stormtrooper_base.dds,349680,referenced-full
texture/frn_statue_stormtrooper_base_cn.dds,349680,referenced-full
texture/frn_statue_stormtrooper_cn.dds,22032,referenced-full
texture/frn_statue_stormtrooper_sm.dds,87536,referenced-full
texture/frn_statue_stormtrooper_spec.dds,349680,referenced-full
texture/frn_statue_stormtrooper_weapon.dds,43856,referenced-full
texture/frn_tcg_chon_bust.dds,87536,referenced-full
texture/frn_tcg_chon_bust_cn.dds,87536,referenced-full
texture/frn_tcg_chon_bust_sm.dds,2872,referenced-full
texture/frn_tcg_chon_bust_spec.dds,87536,referenced-full
texture/frn_tcg_display_case_01.dds,87536,referenced-full
texture/frn_tcg_display_case_01_cn.dds,87536,referenced-full
texture/frn_tcg_display_case_01_glass.dds,87536,referenced-full
texture/frn_tcg_display_case_01_glass_spec.dds,87536,referenced-basename
texture/frn_tcg_display_case_01_sm.dds,2872,referenced-full
texture/frn_tcg_display_case_01_spec.dds,87536,referenced-full
texture/frn_tcg_display_case_02.dds,87536,referenced-full
texture/frn_tcg_display_case_02_cn.dds,87536,referenced-full
texture/frn_tcg_display_case_02_glass.dds,87536,referenced-full
texture/frn_tcg_display_case_02_glass_spec.dds,87536,referenced-basename
texture/frn_tcg_display_case_02_sm.dds,2872,referenced-full
texture/frn_tcg_display_case_02_spec.dds,87536,referenced-full
texture/frn_tcg_dooku_bust.dds,87536,referenced-full
texture/frn_tcg_dooku_bust_cn.dds,87536,referenced-full
texture/frn_tcg_dooku_bust_sm.dds,2872,referenced-full
texture/frn_tcg_dooku_bust_spec.dds,87536,referenced-full
texture/frn_tcg_drink_dispenser.dds,87536,referenced-full
texture/frn_tcg_drink_dispenser_cn.dds,87536,referenced-full
texture/frn_tcg_drink_dispenser_glass.dds,87536,referenced-full
texture/frn_tcg_drink_dispenser_glass_sm.dds,5616,referenced-basename
texture/frn_tcg_drink_dispenser_glass_spec.dds,87536,referenced-basename
texture/frn_tcg_drink_dispenser_sm.dds,2872,referenced-full
texture/frn_tcg_drink_dispenser_spec.dds,87536,referenced-full
texture/frn_tcg_fish_tank.dds,43832,referenced-full
texture/frn_tcg_fish_tank_cn.dds,87536,referenced-full
texture/frn_tcg_fish_tank_glass.dds,87536,referenced-full
texture/frn_tcg_fish_tank_glass_sm.dds,5616,referenced-full
texture/frn_tcg_fish_tank_glass_spec.dds,43832,referenced-full
texture/frn_tcg_fish_tank_sm.dds,2872,referenced-full
texture/frn_tcg_fountain_01.dds,349680,referenced-full
texture/frn_tcg_fountain_01_cn.dds,349680,referenced-full
texture/frn_tcg_fountain_01_sm.dds,2872,referenced-full
texture/frn_tcg_fountain_02.dds,349680,referenced-full
texture/frn_tcg_fountain_02_sm.dds,2872,referenced-full
texture/frn_tcg_fountain_water.dds,5616,referenced-full
texture/frn_tcg_game_table.dds,87536,referenced-full
texture/frn_tcg_game_table_cn.dds,87536,referenced-full
texture/frn_tcg_game_table_sm.dds,2872,referenced-full
texture/frn_tcg_garden_01.dds,43832,referenced-full
texture/frn_tcg_garden_01_cn.dds,87536,referenced-full
texture/frn_tcg_garden_01_sm.dds,2872,referenced-full
texture/frn_tcg_garden_02.dds,43832,referenced-full
texture/frn_tcg_garden_02_cn.dds,87536,referenced-full
texture/frn_tcg_garden_02_foliage.dds,22000,referenced-full
texture/frn_tcg_garden_02_foliage_cn.dds,22000,referenced-full
texture/frn_tcg_garden_02_foliage_sm.dds,5616,referenced-full
texture/frn_tcg_garden_02_sm.dds,2872,referenced-full
texture/frn_tcg_mandalorian_skull_banner.dds,87536,referenced-basename
texture/frn_tcg_mandalorian_skull_banner_pole.dds,1520,referenced-basename
texture/frn_tcg_mandalorian_skull_banner_sm.dds,5616,referenced-basename
texture/frn_tcg_palpatine_frieze.dds,174904,UNREFERENCED
texture/frn_tcg_palpatine_frieze_cn.dds,349680,referenced-full
texture/frn_tcg_palpatine_frieze_sm.dds,2872,referenced-full
texture/frn_tcg_pedestal_bust.dds,43832,referenced-full
texture/frn_tcg_pedestal_bust_cn.dds,87536,UNREFERENCED
texture/frn_tcg_pedestal_bust_sm.dds,2872,UNREFERENCED
texture/frn_tcg_target_dummy.dds,349680,referenced-full
texture/frn_tcg_target_dummy_cn.dds,349680,referenced-full
texture/frn_tcg_target_dummy_sm.dds,2872,referenced-full
texture/frn_tcg_target_dummy_spec.dds,349680,referenced-full
texture/frn_tcg_terminal_01.dds,349680,referenced-full
texture/frn_tcg_terminal_01_cn.dds,349680,referenced-full
texture/frn_tcg_terminal_01_sm.dds,2872,referenced-full
texture/frn_tcg_terminal_02.dds,87536,referenced-full
texture/frn_tcg_terminal_02_cn.dds,87536,referenced-full
texture/frn_tcg_terminal_02_sm.dds,2872,referenced-full
texture/frn_tech_console_deathstar.1.dds,349680,referenced-full
texture/frn_tech_console_deathstar.2.dds,349680,referenced-basename
texture/frn_tech_droid_rack_arm.dds,349680,referenced-full
texture/frn_tech_droid_rack_arm_cn.dds,349680,referenced-full
texture/frn_tech_droid_rack_arm_sm.dds,22000,referenced-full
texture/frn_tech_droid_rack_base.dds,349680,UNREFERENCED
texture/frn_tech_droid_rack_base_cn.dds,349680,referenced-full
texture/frn_tech_droid_rack_base_emis.dds,174928,referenced-full
texture/frn_tech_droid_rack_base_emis_sm.dds,11088,referenced-basename
texture/frn_tech_droid_rack_base_sm.dds,22000,referenced-full
texture/frn_treasurechest.dds,87536,referenced-full
texture/frn_treasurechest_c.dds,87536,referenced-full
texture/frn_tuskan_braided_bracelet.dds,22000,referenced-full
texture/frn_tuskan_braided_bracelet_cn.dds,22000,referenced-full
texture/frn_tuskan_braided_bracelet_sm.dds,5616,referenced-full
texture/frn_tuskan_braided_sling.dds,22000,UNREFERENCED
texture/frn_tuskan_braided_sling_cn.dds,87508,referenced-full
texture/frn_tuskan_braided_sling_sm.dds,5616,referenced-full
texture/frn_tuskan_broken_gaderffi.dds,22000,referenced-full
texture/frn_tuskan_broken_gaderffi_cn.dds,22000,referenced-full
texture/frn_tuskan_broken_gaderffi_sm.dds,5616,referenced-full
texture/frn_tuskan_demon_doll.dds,22000,referenced-full
texture/frn_tuskan_demon_doll_cn.dds,22000,UNREFERENCED
texture/frn_tuskan_demon_doll_sm.dds,5616,UNREFERENCED
texture/frn_tuskan_hubba_gourd.dds,22000,referenced-full
texture/frn_tuskan_hubba_gourd_cn.dds,87508,referenced-full
texture/frn_tuskan_hubba_gourd_sm.dds,5616,referenced-full
texture/frn_tuskan_massif_thorn.dds,22000,referenced-full
texture/frn_tuskan_massif_thorn_sm.dds,5616,referenced-full
texture/frn_tuskan_scavenged_metal.dds,22000,referenced-full
texture/frn_tuskan_scavenged_metal_cn.dds,22000,referenced-full
texture/frn_tuskan_scavenged_metal_sm.dds,2872,referenced-full
texture/frn_tuskan_scavenged_metal_spec.dds,22000,referenced-full
texture/frn_tuskan_spirit_mask.dds,22000,referenced-full
texture/frn_tuskan_spirit_mask_cn.dds,22000,referenced-full
texture/frn_tuskan_spirit_mask_sm.dds,5616,referenced-full
texture/frn_tuskan_stone_talisman.dds,22000,referenced-full
texture/frn_tuskan_stone_talisman_cn.dds,22000,referenced-full
texture/frn_tuskan_stone_talisman_sm.dds,5616,referenced-full
texture/frn_twing_sm.dds,11064,referenced-full
texture/frn_vet_couch_section_s02.dds,87536,referenced-full
texture/frn_vet_couch_section_s02_em.dds,87536,referenced-full
texture/frn_vet_couch_section_s02_hueb.dds,87536,referenced-full
texture/frn_vet_couch_section_s02_hueb_sm.dds,22000,referenced-basename
texture/frn_vet_couch_section_s02_sm.dds,22000,referenced-full
texture/frn_vet_couch_section_s02_spec_sm.dds,22000,referenced-basename
texture/frn_vet_geonosian_carbonite.dds,349680,referenced-full
texture/frn_vet_geonosian_carbonite_cn.dds,349680,referenced-full
texture/frn_vet_geonosian_carbonite_sm.dds,5616,referenced-full
texture/frn_vet_gungan_carbonite.dds,349680,UNREFERENCED
texture/frn_vet_gungan_carbonite_cn.dds,349680,referenced-full
texture/frn_vet_gungan_carbonite_sm.dds,5616,referenced-full
texture/frn_vet_painting_s011_obiwan.dds,87528,referenced-full
texture/frn_vet_pvp_flag_imperial.dds,174928,referenced-full
texture/frn_vet_pvp_flag_imperial_spec.dds,174928,referenced-full
texture/frn_vet_pvp_flag_rebel.dds,174928,referenced-full
texture/frn_vet_pvp_flag_rebel_spec.dds,174928,referenced-full
texture/frn_vet_pvp_painting_imperial.dds,174928,referenced-full
texture/frn_vet_pvp_painting_rebel.dds,87528,referenced-full
texture/frn_vet_salacious_crumb.dds,87536,referenced-full
texture/frn_vet_salacious_crumb_hair.dds,22000,referenced-full
texture/frn_vet_salacious_crumb_lod.dds,5616,referenced-full
texture/frn_vet_salacious_crumb_n.dds,87508,referenced-full
texture/frn_vet_tusken_raider_toy_body.dds,349680,referenced-full
texture/frn_vet_tusken_raider_toy_body_cn.dds,349680,referenced-basename
texture/frn_vet_tusken_raider_toy_body_sm.dds,22000,referenced-basename
texture/frn_vet_ugnaughts_carbonite.dds,349680,referenced-full
texture/frn_vet_ugnaughts_carbonite_cn.dds,349680,referenced-full
texture/frn_vet_ugnaughts_carbonite_sm.dds,5616,referenced-full
texture/frn_wookiee_rifle_display_case.dds,87536,referenced-full
texture/frn_wroshyr_tree_small.dds,22000,referenced-full
texture/frn_wroshyr_tree_small_base.dds,43832,referenced-full
texture/frn_wroshyr_tree_small_base_cn.dds,87536,referenced-full
texture/frn_wroshyr_tree_small_cn.dds,22000,referenced-full
texture/frn_wroshyr_tree_small_leaves.dds,87536,referenced-full
texture/frn_wroshyr_tree_small_leaves_sm.dds,5616,referenced-basename
texture/frn_xeno_couch_s01.dds,87536,referenced-full
texture/frn_xeno_couch_s01_cn.dds,87536,referenced-full
texture/frn_xeno_couch_s01_sm.dds,22000,referenced-full
texture/frn_xeno_couch_s01_spec.dds,87536,referenced-full
texture/frn_xeno_desk_s01.dds,87536,referenced-full
texture/frn_xeno_desk_s01_cn.dds,87536,referenced-full
texture/frn_xeno_desk_s01_glass.dds,87536,referenced-full
texture/frn_xeno_desk_s01_glass_spec.dds,87536,referenced-full
texture/frn_xeno_desk_s01_sm.dds,22000,referenced-full
texture/frn_xeno_desk_s01_spec.dds,87536,referenced-full
texture/frn_xeno_dsk_lamp_s01.dds,87536,referenced-full
texture/frn_xeno_dsk_lamp_s01_cn.dds,87536,UNREFERENCED
texture/frn_xeno_dsk_lamp_s01_sm.dds,22000,UNREFERENCED
texture/frn_xeno_dsk_lamp_s01_spec.dds,87536,referenced-full
texture/frn_xeno_rug_s01.dds,43856,referenced-full
texture/frn_xeno_rug_s01_cn.dds,43856,referenced-full
texture/frn_xeno_table_s01.dds,349680,referenced-full
texture/frn_xeno_table_s01_cn.dds,349680,referenced-full
texture/frn_xeno_table_s01_glass.dds,349680,UNREFERENCED
texture/frn_xeno_table_s01_sm.dds,87536,referenced-full
texture/frn_xeno_table_s01_spec.dds,349680,referenced-full
texture/frn_xeno_table_s01_spec_sm.dds,87536,referenced-full
texture/frn_xeno_throne_s01.dds,87536,referenced-full
texture/frn_xeno_throne_s01_cn.dds,87536,referenced-full
texture/frn_xeno_throne_s01_sm.dds,22000,referenced-full
texture/frn_xeno_throne_s01_spec.dds,87536,UNREFERENCED
texture/frst_deadjungleaves_a1_spec.dds,87536,referenced-full
texture/frst_deadjungleaves_spec.dds,87536,UNREFERENCED
texture/frst_dirtwtwigs_a1_cn.dds,87536,referenced-full
texture/frst_dirtwtwigs_a1_spec.dds,87536,referenced-full
texture/frst_dirtwtwigs_a2_cn.dds,87536,referenced-full
texture/frst_dirtwtwigs_a2_spec.dds,87536,referenced-full
texture/frst_dirtwtwigs_cn.dds,87536,referenced-full
texture/frst_dirtwtwigs_spec.dds,87536,referenced-full
texture/frst_endorcliff_a1_spec.dds,87536,referenced-full
texture/frst_endorcliff_a2_n.dds,87536,referenced-full
texture/frst_endorcliff_a2_spec.dds,87536,referenced-full
texture/frst_endorcliff_a3_n.dds,87536,referenced-full
texture/frst_endorcliff_a3_spec.dds,87536,referenced-full
texture/frst_endorcliff_a4_n.dds,87536,referenced-full
texture/frst_endorcliff_a4_spec.dds,87536,referenced-full
texture/frst_endorcliff_spec.dds,87536,referenced-full
texture/frst_endr_cliffcool_a1_spec.dds,87536,referenced-full
texture/frst_endr_cliffcool_a2_spec.dds,87536,referenced-full
texture/frst_endr_cliffcool_spec.dds,87536,UNREFERENCED
texture/frst_endr_moistdirt_spec.dds,87536,UNREFERENCED
texture/frst_endr_mossygreen_a1_spec.dds,87536,referenced-full
texture/frst_endr_mossygreen_spec.dds,87536,referenced-full
texture/frst_endr_needles_a1_spec.dds,87536,referenced-full
texture/frst_endr_needles_a2_spec.dds,87536,referenced-full
texture/frst_endr_needles_spec.dds,87536,referenced-full
texture/frst_endr_yellowdirt_spec.dds,87536,referenced-full
texture/frst_everneedles_a1_n.dds,87536,referenced-full
texture/frst_everneedles_a1_spec.dds,87536,UNREFERENCED
texture/frst_everneedles_a2_n.dds,87536,referenced-full
texture/frst_everneedles_a2_spec.dds,87536,UNREFERENCED
texture/frst_everneedles_a3_n.dds,87536,referenced-full
texture/frst_everneedles_a3_spec.dds,87536,UNREFERENCED
texture/frst_everneedles_a4_n.dds,87536,referenced-full
texture/frst_everneedles_a4_spec.dds,87536,UNREFERENCED
texture/frst_everneedles_spec.dds,87536,referenced-full
texture/frst_fallenleaves_cn.dds,87536,referenced-full
texture/frst_fallenleaves_spec.dds,87536,referenced-full
texture/frst_fallleafcover_a1_spec.dds,87536,referenced-full
texture/frst_fallleafcover_a2_spec.dds,87536,referenced-full
texture/frst_fallleafcover_a3_spec.dds,87536,referenced-full
texture/frst_fallleafcover_spec.dds,87536,referenced-full
texture/frst_fallleafcover_warm_a1_spec.dds,87536,referenced-full
texture/frst_fallleafcover_warm_a3_spec.dds,87536,referenced-full
texture/frst_fallleafcover_warm_spec.dds,87536,referenced-full
texture/frst_falllenleaves_a1_cn.dds,87536,UNREFERENCED
texture/frst_falllenleaves_a1_spec.dds,87536,referenced-full
texture/frst_falllenleaves_a2_cn.dds,87536,UNREFERENCED
texture/frst_falllenleaves_a2_spec.dds,87536,referenced-full
texture/fruit_tree_healthy_s02.dds,349680,referenced-full
texture/fruit_tree_healthy_s02_cn.dds,349680,referenced-full
texture/fruit_tree_healthy_s02_sm.dds,22000,referenced-full
texture/fruit_tree_leaves_healthy_s02.dds,22000,referenced-full
texture/fruit_tree_leaves_healthy_s02_sm.dds,5616,referenced-basename
texture/fruit_tree_leaves_healthy_s02_spec.dds,22000,referenced-basename
texture/fruit_tree_leaves_sick_s02.dds,22000,referenced-full
texture/fruit_tree_leaves_sick_s02_sm.dds,5616,referenced-full
texture/fruit_tree_sick_s02.dds,349680,referenced-full
texture/fruit_tree_sick_s02_sm.dds,22000,referenced-full
texture/fruitcake.dds,87536,referenced-full
texture/fruitcake_cn.dds,87536,referenced-full
texture/fruitcake_sm.dds,5616,referenced-full
texture/fx_7.dds,349680,referenced-full
texture/fx_7_env.dds,87536,referenced-full
texture/fx_7_light.dds,824,referenced-full
texture/galaxy_map.dds,349680,referenced-full
texture/garage_floor_01.dds,87536,referenced-full
texture/garage_floor_01_cn.dds,87536,referenced-full
texture/garage_floor_02.dds,87536,referenced-full
texture/garage_floor_02_cn.dds,349652,referenced-full
texture/garage_glass.dds,22000,referenced-full
texture/garage_glass_spec.dds,22000,referenced-full
texture/garage_stripes.dds,87536,referenced-full
texture/garage_stripes_cn.dds,87536,referenced-full
texture/garage_wall_01.dds,87536,referenced-full
texture/garage_wall_01_cn.dds,349652,referenced-full
texture/garage_wall_02.dds,87536,referenced-full
texture/garage_wall_02_cn.dds,87536,referenced-full
texture/garage_wall_02_sm.dds,2872,referenced-full
texture/gasgano_pod_racer_1.dds,349680,referenced-full
texture/gasgano_pod_racer_1_cn.dds,349680,referenced-full
texture/gasgano_pod_racer_1_sm.dds,11088,referenced-full
texture/gasgano_pod_racer_2.dds,349680,referenced-full
texture/gasgano_pod_racer_2_cn.dds,349680,referenced-full
texture/gasgano_pod_racer_3.dds,174928,referenced-full
texture/gcwimp.dds,43856,referenced-full
texture/gcwreb.dds,43856,referenced-full
texture/gen_concrete.dds,87536,referenced-full
texture/gen_roof_s02_a.dds,87536,referenced-full
texture/gen_roof_s02_a_n.dds,87536,referenced-full
texture/gen_roof_s02_b.dds,87536,referenced-full
texture/gen_wall_s02.dds,87536,referenced-full
texture/gen_wall_s02_n.dds,87536,referenced-full
texture/generic_s03_brick_wall.dds,87536,referenced-full
texture/generic_s03_brick_wall_hue.dds,87536,referenced-full
texture/generic_s03_door.dds,43832,referenced-full
texture/generic_s03_door_cn.dds,87536,UNREFERENCED
texture/generic_s03_ext_sm.dds,87536,referenced-full
texture/generic_s03_floor.dds,87536,referenced-full
texture/generic_s03_floor_hue.dds,87536,referenced-full
texture/generic_s03_int_01.dds,87536,referenced-full
texture/generic_s03_int_02.dds,22000,referenced-full
texture/generic_s03_int_03.dds,349680,referenced-full
texture/generic_s03_int_04.dds,87536,referenced-full
texture/generic_s03_int_05.dds,87536,referenced-full
texture/generic_s03_int_06.dds,87536,referenced-full
texture/generic_s03_int_07.dds,87536,referenced-full
texture/generic_s03_misc_02.dds,87536,referenced-full
texture/generic_s03_misc_02_cn.dds,87536,referenced-full
texture/generic_s03_misc_02_hue.dds,87536,referenced-full
texture/generic_s03_msc_sm.dds,87536,referenced-full
texture/generic_s03_player_wall_edge.dds,43856,referenced-full
texture/generic_s03_player_wall_edge_cn.dds,43856,referenced-full
texture/generic_s03_player_wall_edge_hue.dds,43856,referenced-basename
texture/generic_s03_ply_misc_01.dds,87536,referenced-full
texture/generic_s03_ply_misc_01_cn.dds,87536,referenced-full
texture/generic_s03_ply_misc_01_hue.dds,87536,referenced-full
texture/generic_s03_ramp01.dds,87536,referenced-full
texture/generic_s03_ramp01_hue.dds,87536,referenced-full
texture/generic_s03_ramp02.dds,87536,referenced-full
texture/generic_s03_ramp02_cn.dds,349652,referenced-full
texture/generic_s03_roof.dds,87536,referenced-full
texture/generic_s03_roof02.dds,87536,referenced-full
texture/generic_s03_roof02_cn.dds,87536,referenced-full
texture/generic_s03_roof02_hue.dds,87536,referenced-full
texture/generic_s03_roof_cn.dds,87536,referenced-full
texture/generic_s03_roof_hue.dds,87536,referenced-full
texture/generic_s03_stco_wall_drk.dds,87536,referenced-full
texture/generic_s03_stco_wall_lgt.dds,87536,referenced-full
texture/generic_s03_stco_wall_lgt_cn.dds,87536,referenced-full
texture/generic_s03_stco_wall_lgt_hue.dds,87536,referenced-full
texture/generic_s03_tech.dds,87536,referenced-full
texture/generic_s03_tech02.dds,87536,referenced-full
texture/generic_s03_tech_emis.dds,349680,UNREFERENCED
texture/geonosian_speeder.dds,174904,referenced-full
texture/geonosian_speeder_cn.dds,349680,referenced-full
texture/geonosian_speeder_panel.dds,22000,referenced-full
texture/geonosian_speeder_sm.dds,2872,referenced-full
texture/ghaffi_a_elite.dds,87536,referenced-full
texture/ghaffi_a_elite_cnrm.dds,87536,referenced-full
texture/glass_a.dds,43856,referenced-full
texture/glove_exogorth.dds,87536,referenced-full
texture/glove_exogorth_02_cn.dds,87536,referenced-full
texture/glove_exogorth_sm.dds,2872,referenced-full
texture/gmf_huttlet.dds,349680,referenced-full
texture/gmf_huttlet_cn.dds,349680,referenced-full
texture/gmf_huttlet_emis.dds,349680,referenced-full
texture/gmf_huttlet_sm.dds,22000,referenced-full
texture/gmf_jacket.dds,349680,referenced-full
texture/gmf_jacket_cn.dds,349680,referenced-full
texture/gmf_jacket_sm.dds,87536,referenced-full
texture/gmf_wings_backpack.dds,87536,referenced-full
texture/gmf_wings_backpack_cn.dds,87536,referenced-full
texture/gmf_wings_backpack_sm.dds,5616,referenced-full
texture/goggles_5th_anniversary.dds,87536,referenced-full
texture/goggles_5th_anniversary_cn.dds,87536,referenced-full
texture/goggles_5th_anniversary_emis.dds,87536,referenced-full
texture/goggles_5th_anniversary_sm.dds,5616,referenced-full
texture/goggles_anniversary_lens.01.dds,11088,referenced-full
texture/goggles_anniversary_lens.02.dds,11088,referenced-basename
texture/goggles_anniversary_lens.03.dds,11088,referenced-basename
texture/goggles_anniversary_lens.04.dds,11088,referenced-basename
texture/goggles_anniversary_lens.dds,11088,UNREFERENCED
texture/goggles_s05_hueb.dds,22000,referenced-full
texture/goggles_s05_reward.dds,87536,referenced-full
texture/goggles_s05_reward_cn.dds,87536,referenced-full
texture/goggles_s05_reward_emiss.dds,5616,UNREFERENCED
texture/goggles_s05_reward_lens.dds,11088,referenced-full
texture/goggles_s05_reward_sm.dds,5616,referenced-full
texture/goggles_s07.01.dds,87536,referenced-full
texture/goggles_s07.02.dds,87536,UNREFERENCED
texture/goggles_s07.03.dds,87536,UNREFERENCED
texture/goggles_s07.04.dds,87536,UNREFERENCED
texture/goggles_s07.05.dds,87536,UNREFERENCED
texture/goggles_s07.dds,87536,referenced-full
texture/goggles_s07_ith.dds,87536,referenced-full
texture/goggles_s07_ith_sm.dds,22000,referenced-full
texture/goggles_s07_sm.dds,22000,referenced-full
texture/goggles_s07_spec.dds,87536,referenced-full
texture/goggles_tcg_blue.dds,22000,referenced-full
texture/goggles_tcg_blue_sm.dds,1520,referenced-full
texture/goggles_tcg_fire.01.dds,22000,referenced-full
texture/goggles_tcg_fire.02.dds,22000,UNREFERENCED
texture/goggles_tcg_fire.03.dds,22000,UNREFERENCED
texture/goggles_tcg_fire.04.dds,22000,UNREFERENCED
texture/goggles_tcg_fire.05.dds,22000,UNREFERENCED
texture/goggles_tcg_fire.06.dds,22000,UNREFERENCED
texture/goggles_tcg_fire.07.dds,22000,UNREFERENCED
texture/goggles_tcg_fire.08.dds,22000,UNREFERENCED
texture/goggles_tcg_fire.09.dds,22000,UNREFERENCED
texture/goggles_tcg_fire.10.dds,22000,UNREFERENCED
texture/goggles_tcg_fire.11.dds,22000,UNREFERENCED
texture/goggles_tcg_fire.12.dds,22000,UNREFERENCED
texture/goggles_tcg_fire.13.dds,22000,UNREFERENCED
texture/goggles_tcg_fire.14.dds,22000,UNREFERENCED
texture/goggles_tcg_fire.15.dds,22000,UNREFERENCED
texture/goggles_tcg_green.dds,22000,referenced-full
texture/goggles_tcg_ice.01.dds,22000,referenced-full
texture/goggles_tcg_ice.02.dds,22000,UNREFERENCED
texture/goggles_tcg_ice.03.dds,22000,referenced-full
texture/goggles_tcg_ice.04.dds,22000,UNREFERENCED
texture/goggles_tcg_ice.05.dds,22000,UNREFERENCED
texture/goggles_tcg_ice.06.dds,22000,UNREFERENCED
texture/goggles_tcg_ice.07.dds,22000,UNREFERENCED
texture/goggles_tcg_ice.08.dds,22000,UNREFERENCED
texture/goggles_tcg_ice.09.dds,22000,UNREFERENCED
texture/goggles_tcg_ice.10.dds,22000,UNREFERENCED
texture/goggles_tcg_ice.11.dds,22000,UNREFERENCED
texture/goggles_tcg_ice.12.dds,22000,UNREFERENCED
texture/goggles_tcg_ice.13.dds,22000,UNREFERENCED
texture/goggles_tcg_ice.14.dds,22000,UNREFERENCED
texture/goggles_tcg_ice.15.dds,22000,UNREFERENCED
texture/goggles_tcg_purple.dds,22000,referenced-full
texture/goggles_tcg_s01.dds,22000,referenced-full
texture/goggles_tcg_s01_sm.dds,1520,referenced-full
texture/golan_laser_battery.dds,1398256,referenced-full
texture/golan_laser_battery_cn.dds,1398256,referenced-full
texture/golan_laser_battery_destroyed.dds,1398256,referenced-full
texture/golan_laser_battery_emis.dds,1398256,UNREFERENCED
texture/grad_sky_echo_base.dds,8320,referenced-full
texture/grad_sky_echo_base_edge.dds,8320,referenced-full
texture/grad_sky_kashyyyk_hunting_forest.dds,11152,referenced-full
texture/grad_sky_kashyyyk_hunting_jungle.dds,32909,referenced-full
texture/grad_sky_kashyyyk_hunting_lightforest.dds,32909,referenced-full
texture/grad_sky_mustafar.dds,8320,referenced-full
texture/grad_sky_mustafar_cool.dds,24704,referenced-full
texture/grad_sky_mustafar_hot.dds,11152,referenced-full
texture/grad_sky_mustafar_hot_02.dds,8320,referenced-full
texture/grand_admiral_sait_body.dds,349680,referenced-full
texture/grand_admiral_sait_body_cn.dds,349680,referenced-full
texture/grand_admiral_sait_face.dds,174928,referenced-full
texture/grand_admiral_sait_face_02.dds,87536,referenced-full
texture/grand_admiral_sait_hair.dds,87536,referenced-full
texture/grand_admiral_sait_mouth.dds,22000,UNREFERENCED
texture/granite_slug.dds,349680,referenced-full
texture/granite_slug_cn.dds,1398256,referenced-full
texture/granite_slug_sm.dds,22000,referenced-full
texture/granite_slug_spec.dds,349680,referenced-full
texture/green_4_4.dds,384,referenced-full
texture/grenade_reticule.dds,32896,UNREFERENCED
texture/grievous_wheel_bike_a.dds,349680,referenced-full
texture/grievous_wheel_bike_a_cn.dds,349680,UNREFERENCED
texture/grievous_wheel_bike_a_sm.dds,87536,UNREFERENCED
texture/grievous_wheel_bike_b.dds,349680,referenced-full
texture/grievous_wheel_bike_b_cn.dds,349680,UNREFERENCED
texture/grievous_wheel_bike_b_sm.dds,87536,UNREFERENCED
texture/grievous_wheel_bike_light.dds,43856,referenced-full
texture/grievous_wheel_bike_light_a.dds,5616,referenced-full
texture/ground_yt1300_a_cn.dds,349680,referenced-full
texture/ground_yt1300_a_patterna_s01.dds,1398256,referenced-full
texture/ground_yt1300_b_cn.dds,43856,referenced-full
texture/ground_yt1300_b_patterna_s01.dds,174928,referenced-full
texture/ground_yt1300_cannon_s01.dds,87536,referenced-full
texture/ground_yt1300_cannon_s01_cn.dds,22000,referenced-full
texture/ground_yt1300_detail.dds,174928,referenced-full
texture/ground_yt1300_detail_cn.dds,174928,referenced-full
texture/ground_yt1300_dish_s01.dds,43856,referenced-full
texture/ground_yt1300_dish_s01_cn.dds,11088,referenced-full
texture/ground_yt1300_engine.dds,2872,referenced-full
texture/ground_yt1300_interior.dds,349680,referenced-full
texture/ground_yt1300_landing.dds,87536,referenced-full
texture/ground_yt1300_sm.dds,87536,referenced-full
texture/grss_dant_pink_a1_n.dds,87536,referenced-full
texture/grss_dant_pink_a2_n.dds,87536,referenced-full
texture/grss_dant_pink_n.dds,87536,referenced-full
texture/grss_dant_yellow_a1_n.dds,87536,referenced-full
texture/grss_dant_yellow_a2_n.dds,87536,referenced-full
texture/grss_dant_yellow_n.dds,87536,referenced-full
texture/grss_darkforestgrass_a1_cn.dds,87536,referenced-full
texture/grss_darkforestgrass_a2_cn.dds,87536,referenced-full
texture/grss_darkforestgrass_a3_cn.dds,87536,referenced-full
texture/grss_darkforestgrass_a4_cn.dds,87536,referenced-full
texture/grss_darkforestgrass_cn.dds,87536,referenced-full
texture/grss_darkgreengrass_a1_n.dds,87536,UNREFERENCED
texture/grss_darkgreengrass_a2_n.dds,87536,UNREFERENCED
texture/grss_darkgreengrass_n.dds,87536,referenced-full
texture/grss_dath_mintgreen_a1_n.dds,87536,UNREFERENCED
texture/grss_dath_mintgreen_a2_n.dds,87536,UNREFERENCED
texture/grss_dath_mintgreen_n.dds,87536,referenced-full
texture/grss_dsrt_dry_trans_a1_cn.dds,87536,referenced-full
texture/grss_dsrt_dry_trans_a2_cn.dds,87536,referenced-full
texture/grss_dsrt_dry_trans_cn.dds,87536,referenced-full
texture/grss_endr_cliffclumpy_a1_n.dds,87536,referenced-full
texture/grss_endr_cliffclumpy_a2_n.dds,87536,referenced-full
texture/grss_endr_cliffclumpy_a3_n.dds,87536,referenced-full
texture/grss_endr_cliffclumpy_n.dds,87536,referenced-full
texture/grss_lightforestgrass_a1_cn.dds,87536,referenced-full
texture/grss_lightforestgrass_a2_cn.dds,87536,referenced-full
texture/grss_lightforestgrass_a3_cn.dds,87536,referenced-full
texture/grss_lightforestgrass_cn.dds,87536,UNREFERENCED
texture/grss_long_darkgreen_a1_n.dds,87536,UNREFERENCED
texture/grss_long_darkgreen_a2_n.dds,87536,UNREFERENCED
texture/grss_long_darkgreen_n.dds,87536,referenced-full
texture/grss_long_dry_a1_n.dds,87536,referenced-full
texture/grss_long_dry_a2_n.dds,87536,referenced-full
texture/grss_long_dry_n.dds,87536,referenced-full
texture/grss_long_gold_a1_n.dds,87536,referenced-full
texture/grss_long_gold_n.dds,87536,referenced-full
texture/grss_long_green_a1_cn.dds,87536,referenced-full
texture/grss_long_green_a2_cn.dds,87536,referenced-full
texture/grss_long_green_cn.dds,87536,referenced-full
texture/grss_long_olive_cn.dds,87536,referenced-full
texture/grss_long_yellow_cn.dds,87536,referenced-full
texture/grss_mtns_green_a1_n.dds,87536,referenced-full
texture/grss_mtns_green_a2_n.dds,87536,referenced-full
texture/grss_mtns_green_n.dds,87536,referenced-full
texture/grss_ptchjunggrass_a1_cn.dds,87536,UNREFERENCED
texture/grss_ptchjunggrass_cn.dds,87536,referenced-full
texture/gualar.dds,174904,referenced-full
texture/gualar_cn.dds,349680,referenced-full
texture/gualar_sm.dds,2872,referenced-full
texture/gungan_ankura_s02_clothes_hue.dds,43856,referenced-full
texture/gungan_ankura_s02_clothes_n.dds,174892,referenced-full
texture/gungan_ankura_s02_skin_hue.dds,43856,referenced-full
texture/gungan_ankura_s02_skin_n.dds,174892,UNREFERENCED
texture/gungan_ankura_s03_clothes_hue.dds,87536,referenced-full
texture/gungan_ankura_s03_clothes_n.dds,174892,referenced-full
texture/gungan_ankura_s03_skin_hue.dds,87536,referenced-full
texture/gungan_ankura_s03_skin_n.dds,349652,UNREFERENCED
texture/hailfire_driod_1.dds,349680,referenced-full
texture/hailfire_driod_1_cn.dds,349680,referenced-full
texture/hailfire_driod_1_emiss.dds,349680,referenced-full
texture/hailfire_driod_2.dds,349680,referenced-full
texture/hailfire_driod_2_cn.dds,349680,referenced-full
texture/hailfire_driod_sm.dds,22000,referenced-full
texture/hat_cyborg.dds,87536,referenced-full
texture/hat_cyborg_cn.dds,87536,referenced-full
texture/hat_cyborg_em.dds,87536,referenced-full
texture/hat_cyborg_sm.dds,22000,referenced-full
texture/hat_cyborg_spec.dds,87536,referenced-full
texture/hat_cyborg_spec_sm.dds,22000,referenced-full
texture/hat_fedora_a.dds,349680,referenced-full
texture/hat_fedora_a_sm.dds,22000,referenced-full
texture/hat_fedora_b.dds,349680,referenced-full
texture/hat_fedora_b_sm.dds,22000,referenced-full
texture/hat_fedora_cn.dds,349680,referenced-full
texture/hat_fedora_spec.dds,349680,referenced-full
texture/hat_imperial_s01_f.dds,87536,referenced-full
texture/hat_imperial_s01_f_sm.dds,5616,referenced-full
texture/hat_imperial_s01_f_spec.dds,87536,referenced-full
texture/hat_tcg_s01.dds,349680,referenced-full
texture/hat_tcg_s01_cn.dds,349680,referenced-full
texture/hat_tcg_s01_ith.dds,349680,referenced-full
texture/hat_tcg_s01_ith_cn.dds,349680,referenced-full
texture/hat_tcg_s01_ith_sm.dds,5616,referenced-full
texture/hat_tcg_s01_ith_spec.dds,349680,referenced-full
texture/hat_tcg_s01_sm.dds,2872,referenced-full
texture/hat_tcg_s01_spec.dds,349680,referenced-full
texture/heavy_lava_cannon.dds,87536,referenced-full
texture/heavy_lava_cannon_cn.dds,87536,referenced-full
texture/heavy_lava_cannon_emis.dds,22000,referenced-full
texture/heavy_lava_cannon_sm.dds,5616,referenced-full
texture/heavy_republic_flamethrower.dds,87536,referenced-full
texture/heavy_republic_flamethrower_cn.dds,87536,referenced-full
texture/heavy_republic_flamethrower_sm.dds,1520,referenced-full
texture/heavyweapons_reticle.dds,32896,UNREFERENCED
texture/heavyweapons_reticle01.dds,2176,UNREFERENCED
texture/heavyweapons_reticle02.dds,2176,UNREFERENCED
texture/heavyweapons_reticle03.dds,2176,UNREFERENCED
texture/heavyweapons_reticle04.dds,2176,UNREFERENCED
texture/heavyweapons_reticle05.dds,2176,UNREFERENCED
texture/heavyweapons_reticle06.dds,2176,UNREFERENCED
texture/heavyweapons_reticle07.dds,2176,UNREFERENCED
texture/heavyweapons_reticle08.dds,2176,UNREFERENCED
texture/hk47.dds,349680,referenced-full
texture/hk47_cn.dds,349680,referenced-full
texture/hk47_dio_sm.dds,22000,referenced-full
texture/hk47_eye.dds,1520,referenced-full
texture/hk47_eye_dio.dds,1520,referenced-full
texture/hk47_jetpack_tcg.dds,349680,referenced-full
texture/hk47_jetpack_tcg_cn.dds,349680,referenced-full
texture/hk47_sm.dds,22000,referenced-full
texture/hk47_spec.dds,349680,referenced-full
texture/hk47_spec_sm.dds,22000,referenced-full
texture/hk77.dds,349680,referenced-full
texture/hk77_cn.dds,349680,referenced-full
texture/hk77_sm.dds,22000,referenced-full
texture/hk77_spec.dds,349680,referenced-full
texture/hk77_spec_sm.dds,22000,referenced-full
texture/hk_jetpack_screen.01.dds,22000,referenced-full
texture/hk_jetpack_screen.02.dds,22000,UNREFERENCED
texture/hk_jetpack_screen.03.dds,22000,UNREFERENCED
texture/hk_jetpack_screen.04.dds,22000,UNREFERENCED
texture/hk_jetpack_screen.05.dds,22000,UNREFERENCED
texture/hk_jetpack_screen.06.dds,22000,UNREFERENCED
texture/hk_jetpack_screen.07.dds,22000,UNREFERENCED
texture/hk_jetpack_screen.08.dds,22000,UNREFERENCED
texture/hk_jetpack_screen.09.dds,22000,UNREFERENCED
texture/hk_jetpack_screen.10.dds,22000,UNREFERENCED
texture/holo_emis.dds,87536,referenced-full
texture/holo_s01.dds,87536,referenced-full
texture/holo_s02.dds,87536,referenced-full
texture/holo_s03.dds,87536,referenced-full
texture/holodroid_cle_004.dds,87536,referenced-full
texture/holodroid_cle_004_cn.dds,87536,referenced-full
texture/holodroid_cle_004_spec.dds,87536,referenced-full
texture/holodroid_ins_444.dds,87536,referenced-full
texture/holodroid_ins_444_cn.dds,87536,referenced-full
texture/holodroid_ins_444_spec.dds,87536,referenced-full
texture/hologram_planet_cn_sm.dds,22000,referenced-full
texture/hologram_planet_corellia.dds,87536,UNREFERENCED
texture/hologram_planet_corellia_cn.dds,87536,referenced-full
texture/hologram_planet_corellia_sm.dds,5616,referenced-full
texture/hologram_planet_dantooine.dds,87536,referenced-full
texture/hologram_planet_dantooine_cn.dds,87536,referenced-full
texture/hologram_planet_dantooine_sm.dds,5616,referenced-full
texture/hologram_planet_dathomir.dds,87536,UNREFERENCED
texture/hologram_planet_dathomir_cn.dds,87536,referenced-full
texture/hologram_planet_dathomir_sm.dds,5616,referenced-full
texture/hologram_planet_endor.dds,87536,referenced-full
texture/hologram_planet_endor_cn.dds,87536,UNREFERENCED
texture/hologram_planet_endor_sm.dds,5616,UNREFERENCED
texture/hologram_planet_hoth_text.dds,262272,referenced-full
texture/hologram_planet_lok.dds,87536,referenced-full
texture/hologram_planet_lok_cn.dds,87536,referenced-full
texture/hologram_planet_lok_sm.dds,5616,referenced-full
texture/hologram_planet_naboo_s02.dds,87536,referenced-full
texture/hologram_planet_naboo_s02_cn.dds,87536,referenced-full
texture/hologram_planet_naboo_s02_sm.dds,5616,referenced-full
texture/hologram_planet_naboo_text.dds,262272,referenced-full
texture/hologram_planet_rori.dds,87536,referenced-full
texture/hologram_planet_rori_cn.dds,87536,referenced-full
texture/hologram_planet_rori_sm.dds,5616,referenced-full
texture/hologram_planet_talus.dds,87536,referenced-full
texture/hologram_planet_talus_cn.dds,87536,UNREFERENCED
texture/hologram_planet_talus_sm.dds,5616,UNREFERENCED
texture/hologram_planet_tat.dds,87536,referenced-full
texture/hologram_planet_tat_cn.dds,87536,referenced-full
texture/hologram_planet_tat_sm.dds,5616,referenced-full
texture/hologram_planet_yavin4.dds,87536,referenced-full
texture/hologram_planet_yavin4_cn.dds,87536,referenced-full
texture/hologram_planet_yavin4_sm.dds,5616,referenced-full
texture/hologram_projector.dds,349680,referenced-full
texture/hologram_projector_cn.dds,349680,referenced-full
texture/hologram_projector_emis.dds,349680,referenced-full
texture/hologram_projector_s02.dds,349680,referenced-full
texture/hologram_projector_sm.dds,22000,referenced-full
texture/hologram_projector_sm_s02.dds,22000,referenced-full
texture/holonet_noise.dds,16512,referenced-full
texture/hook_chain.dds,87536,referenced-full
texture/hook_chain_alpha.dds,87536,referenced-full
texture/hook_chain_alpha_cn.dds,87536,referenced-full
texture/hook_chain_alpha_spec.dds,87536,referenced-full
texture/hook_chain_cn.dds,87536,referenced-full
texture/hook_chain_sm.dds,2872,referenced-full
texture/hook_chain_spec.dds,87536,referenced-full
texture/hoth_cave_ice_floor.dds,349680,referenced-full
texture/hoth_cave_ice_floor_cn.dds,349680,referenced-full
texture/hoth_cave_ice_roof.dds,349680,referenced-full
texture/hoth_cave_ice_roof_cn.dds,349680,referenced-full
texture/hoth_cave_ice_wall.dds,349680,referenced-full
texture/hoth_cave_ice_wall_blend.dds,349680,UNREFERENCED
texture/hoth_cave_ice_wall_blend_cn.dds,349680,referenced-full
texture/hoth_cave_ice_wall_cn.dds,349680,referenced-full
texture/hoth_crystal.dds,87536,referenced-full
texture/hoth_crystal_cn.dds,87536,referenced-full
texture/hoth_crystal_spec.dds,87536,referenced-full
texture/hoth_elevator_detail_a.dds,87536,referenced-full
texture/hoth_elevator_light.dds,22032,referenced-full
texture/hoth_elevator_roof.dds,87536,referenced-full
texture/hoth_elevator_turquoise.dds,87536,referenced-full
texture/hoth_elevator_walls.dds,43856,referenced-full
texture/houseplant_s01.dds,174928,referenced-full
texture/houseplant_s01_cn.dds,87536,referenced-full
texture/houseplant_s01_sm.dds,11088,referenced-full
texture/hud_ground_radar.dds,262272,referenced-full
texture/hud_ground_skin.dds,262272,referenced-full
texture/hue_sm_stco_sm.dds,5616,referenced-full
texture/hue_sm_tat_concreteb.dds,87536,referenced-full
texture/hue_sm_tat_concreteb_n.dds,87536,referenced-full
texture/hue_sm_tat_stco_filler_b_base.dds,87536,referenced-full
texture/hue_sm_tat_stco_filler_b_bump.dds,87536,referenced-full
texture/hue_sm_tat_stco_filler_d_base.dds,87536,referenced-full
texture/hum_f_body_cn_zombie.dds,349680,referenced-full
texture/hum_f_body_zombie.dds,349680,referenced-full
texture/hum_f_face_cn_zombie.dds,87536,referenced-full
texture/hum_f_face_zombie.dds,87536,referenced-full
texture/hum_f_hair_braid_tail_cn.dds,22032,UNREFERENCED
texture/hum_f_hair_braids_mask.dds,87536,referenced-full
texture/hum_f_hair_ponytail_trim.dds,87536,UNREFERENCED
texture/hum_f_hair_s72.dds,87536,referenced-full
texture/hum_f_head_cn_zombie.dds,87536,referenced-full
texture/hum_f_head_zombie.dds,87536,referenced-full
texture/hum_f_mouth_zombie.dds,11064,referenced-full
texture/hum_f_zombie_sm.dds,11064,referenced-full
texture/hum_hair_bangs_s01.dds,22000,referenced-full
texture/hum_hair_bangs_s01_sm.dds,1520,referenced-full
texture/hum_hair_bangs_s01_spec.dds,22000,referenced-full
texture/hum_m_body_zombie.dds,349680,referenced-full
texture/hum_m_body_zombie_cn.dds,349680,referenced-full
texture/hum_m_face_zombie.dds,87536,referenced-full
texture/hum_m_face_zombie_cn.dds,87536,referenced-full
texture/hum_m_hair_s43b.dds,87536,referenced-full
texture/hum_m_hair_s43b_sm.dds,5616,referenced-full
texture/hum_m_hair_s53.dds,87536,referenced-full
texture/hum_m_head_zombie.dds,87536,referenced-full
texture/hum_m_head_zombie_cn.dds,87536,referenced-full
texture/hum_m_mouth_zombie.dds,11064,referenced-full
texture/hum_m_sm.dds,87536,referenced-full
texture/hum_m_zombie_sm.dds,43832,referenced-full
texture/ic36.dds,349680,referenced-full
texture/ic36_cnrm.dds,349680,referenced-full
texture/ic36_laser.dds,11152,referenced-full
texture/ice.dds,65664,referenced-full
texture/ice_a1.dds,65664,referenced-full
texture/ice_a1_cn.dds,65664,referenced-full
texture/ice_a1_spec.dds,65664,referenced-full
texture/ice_a2.dds,65664,referenced-full
texture/ice_a2_cn.dds,65664,referenced-full
texture/ice_a2_spec.dds,65664,referenced-full
texture/ice_cn.dds,65664,referenced-full
texture/ice_spec.dds,65664,referenced-full
texture/ig88_arena.dds,87536,referenced-full
texture/ig88_bluesky_pipes.dds,174928,referenced-full
texture/ig88_buildings.dds,349680,referenced-full
texture/ig88_dirt_lok.dds,349680,UNREFERENCED
texture/ig88_door.dds,349680,referenced-full
texture/ig88_env_00_up.dds,87536,UNREFERENCED
texture/ig88_env_04_up.dds,87536,UNREFERENCED
texture/ig88_factory.dds,349680,referenced-full
texture/ig88_floor.dds,349680,referenced-full
texture/ig88_grate.dds,43856,referenced-full
texture/ig88_groundsky.dds,699216,referenced-full
texture/ig88_head_trophy.dds,174928,referenced-full
texture/ig88_pob_weapons.dds,87536,referenced-full
texture/ig88_pob_weapons_cn.dds,87536,referenced-full
texture/ig88_pob_weapons_em.dds,87536,referenced-full
texture/ig88_pob_weapons_sm.dds,22000,referenced-full
texture/ig88_shed_s01.dds,349680,referenced-full
texture/ig88_shed_s02.dds,349680,referenced-full
texture/ig88_skybox.dds,699216,referenced-full
texture/ig88_sun.dds,87536,referenced-full
texture/ig88_walls_s01.dds,349680,referenced-full
texture/ig88_walls_s02.dds,349680,referenced-full
texture/ig88_watertank.dds,349680,referenced-full
texture/ig88pob_crane_01.dds,1398256,referenced-full
texture/ig88pob_crane_02.dds,1398256,referenced-full
texture/ig88pob_crane_03.dds,699192,referenced-full
texture/ig88pob_crane_04.dds,87536,referenced-full
texture/iktotchi_m.dds,174928,referenced-full
texture/iktotchi_m_body.dds,349680,referenced-full
texture/iktotchi_m_body_n.dds,1398228,referenced-full
texture/iktotchi_m_body_sm.dds,5616,referenced-full
texture/iktotchi_m_n.dds,699180,referenced-full
texture/iktotchi_m_sm.dds,2896,referenced-full
texture/imp_frigate_cannon_cn.dds,349680,referenced-full
texture/imp_frigate_cannon_sm.dds,5616,referenced-full
texture/imp_frigate_engine_on.dds,43832,referenced-full
texture/imp_gunner_helm.dds,349680,referenced-full
texture/imp_gunner_helm_cn.dds,349680,referenced-full
texture/imp_gunner_helm_sm.dds,22000,referenced-full
texture/imp_gunner_helm_spec.dds,349680,referenced-full
texture/imperial_gunboat_glass_player.dds,87536,referenced-full
texture/imperial_gunboat_int_ceiling_a.dds,43832,referenced-full
texture/imperial_gunboat_int_controls_a.dds,174928,referenced-full
texture/imperial_gunboat_int_controls_b.dds,87536,referenced-full
texture/imperial_gunboat_int_detail_a.dds,43832,referenced-full
texture/imperial_gunboat_int_door_a.dds,43832,referenced-full
texture/imperial_gunboat_int_greeble.dds,43832,referenced-full
texture/imperial_gunboat_int_lights_a.dds,87536,referenced-full
texture/imperial_gunboat_int_metal_a.dds,43832,referenced-full
texture/imperial_gunboat_int_trim_a.dds,43832,referenced-full
texture/imperial_gunboat_int_wall_a.dds,43832,referenced-full
texture/imperial_gunboat_int_wall_b.dds,43832,referenced-full
texture/impfrigate_turret_s01.dds,87536,referenced-full
texture/impfrigate_turret_s01_cn.dds,87536,UNREFERENCED
texture/impfrigate_turret_s01_sm.dds,1520,UNREFERENCED
texture/impl_frigate_light_red.dds,11064,referenced-full
texture/impl_frigate_windows_1.dds,43856,referenced-full
texture/impl_frigate_windows_1_spec.dds,43856,referenced-full
texture/impl_int_wall_a_withdoor.dds,87536,UNREFERENCED
texture/ins_444_a.dds,87536,referenced-full
texture/ins_444_a_sm.dds,5616,referenced-full
texture/ins_444_b.dds,87536,referenced-full
texture/ins_444_b_sm.dds,5616,referenced-full
texture/ins_factory_door_cn.dds,87536,referenced-full
texture/ins_factory_metal_a1_cn.dds,87536,referenced-full
texture/ins_factory_metal_a3_cn.dds,87536,referenced-full
texture/intr_med_trima_destroyed.dds,43832,UNREFERENCED
texture/ipg_podracer.dds,174904,referenced-full
texture/ipg_podracer_sm.dds,2872,referenced-full
texture/ipg_podracer_turbine.dds,174904,referenced-full
texture/ipg_podracer_turbine_sm.dds,2872,referenced-full
texture/item_armored_tauntaun.dds,349680,referenced-full
texture/item_armored_tauntaun_cn.dds,349680,UNREFERENCED
texture/item_armored_tauntaun_sm.dds,11064,UNREFERENCED
texture/item_atat_blueprint.dds,87536,referenced-full
texture/item_avenge_family_book.dds,22000,referenced-full
texture/item_avenge_family_book_cn.dds,22000,referenced-full
texture/item_avenge_family_book_sm.dds,5616,referenced-full
texture/item_city_key.dds,87536,referenced-full
texture/item_city_key_cn.dds,87536,referenced-full
texture/item_city_key_emis.dds,87536,referenced-full
texture/item_city_key_sm.dds,5616,referenced-full
texture/item_collection_bones.dds,43832,referenced-full
texture/item_collection_egg.dds,22000,referenced-full
texture/item_collection_hide.dds,87536,referenced-full
texture/item_collection_hide_cn.dds,87536,referenced-full
texture/item_collection_milk.dds,22000,referenced-full
texture/item_collection_milk_cn.dds,22000,referenced-full
texture/item_collection_milk_spec.dds,22000,referenced-full
texture/item_coronet_map.dds,87536,referenced-full
texture/item_deathstar_hologram_framed_base.dds,87536,referenced-basename
texture/item_deathstar_hologram_framed_base_cn.dds,87536,referenced-basename
texture/item_deathstar_hologram_framed_base_emis.dds,87536,referenced-basename
texture/item_deathstar_hologram_framed_base_sm.dds,5616,referenced-basename
texture/item_deathstar_hologram_framed_center.dds,87536,referenced-basename
texture/item_deathstar_hologram_framed_center_cn.dds,87536,referenced-basename
texture/item_deathstar_hologram_framed_center_sm.dds,5616,referenced-basename
texture/item_deathstar_hologram_framed_sphere.dds,87536,referenced-basename
texture/item_deathstar_hologram_framed_sphere_cn.dds,87536,referenced-basename
texture/item_deathstar_hologram_framed_sphere_sm.dds,5616,referenced-basename
texture/item_deathstar_trench_dio_panel.dds,87536,referenced-full
texture/item_deathstar_trench_dio_panel_cn.dds,87536,referenced-basename
texture/item_deathstar_trench_dio_sm.dds,5616,referenced-full
texture/item_deathstar_trench_dio_turret.dds,87536,referenced-basename
texture/item_deathstar_trench_dio_turret_cn.dds,87536,referenced-basename
texture/item_deathstar_trench_dio_xwing_main.dds,22000,referenced-basename
texture/item_deathstar_trench_dio_xwing_weapon.dds,2896,referenced-basename
texture/item_dejarik_piece_ghhhk.dds,22000,UNREFERENCED
texture/item_dejarik_piece_ghhhk_cn.dds,22000,referenced-full
texture/item_dejarik_piece_ghhhk_sm.dds,5616,referenced-full
texture/item_dejarik_piece_grimtash.dds,22000,referenced-full
texture/item_dejarik_piece_grimtash_cn.dds,22000,referenced-full
texture/item_dejarik_piece_grimtash_sm.dds,5616,referenced-full
texture/item_dejarik_piece_houjix.dds,22000,referenced-full
texture/item_dejarik_piece_houjix_cn.dds,22000,referenced-full
texture/item_dejarik_piece_houjix_cn_sm.dds,22000,referenced-full
texture/item_dejarik_piece_houjix_sm.dds,5616,referenced-full
texture/item_dejarik_piece_kintan.dds,22000,referenced-full
texture/item_dejarik_piece_kintan_cn.dds,22000,referenced-full
texture/item_dejarik_piece_kintan_sm.dds,5616,referenced-full
texture/item_dejarik_piece_klorslug.dds,22000,referenced-full
texture/item_dejarik_piece_klorslug_cn.dds,22000,referenced-full
texture/item_dejarik_piece_klorslug_sm.dds,5616,referenced-full
texture/item_dejarik_piece_mantellian.dds,22000,referenced-full
texture/item_dejarik_piece_mantellian_cn.dds,22000,referenced-basename
texture/item_dejarik_piece_mantellian_sm.dds,5616,referenced-basename
texture/item_dejarik_piece_monnok.dds,22000,referenced-full
texture/item_dejarik_piece_monnok_cn.dds,22000,referenced-full
texture/item_dejarik_piece_monnok_sm.dds,5616,referenced-full
texture/item_dejarik_piece_ngok.dds,22000,referenced-full
texture/item_dejarik_piece_ngok_cn.dds,22000,referenced-full
texture/item_dejarik_piece_ngok_sm.dds,5616,referenced-full
texture/item_exar_kun_arch_notes.dds,22000,UNREFERENCED
texture/item_feather_s01.dds,87536,referenced-full
texture/item_firegem_blue.dds,22000,referenced-full
texture/item_firegem_blue_emis.dds,22000,referenced-full
texture/item_firegem_green.dds,22000,referenced-full
texture/item_firegem_green_emis.dds,22000,referenced-full
texture/item_firegem_purple.dds,22000,referenced-full
texture/item_firegem_purple_emis.dds,22000,UNREFERENCED
texture/item_firegem_red.dds,22000,referenced-full
texture/item_firegem_red_emis.dds,22000,referenced-full
texture/item_fish_burrafish.dds,22000,referenced-full
texture/item_fish_burrafish_alpha.dds,22000,referenced-full
texture/item_fish_burrafish_cn.dds,22000,referenced-full
texture/item_fish_buzzfish.dds,22000,referenced-full
texture/item_fish_buzzfish_alpha.dds,22000,UNREFERENCED
texture/item_fish_buzzfish_sm.dds,22000,referenced-full
texture/item_fish_crawlfish.dds,22000,referenced-full
texture/item_fish_crawlfish_alpha.dds,22000,referenced-full
texture/item_fish_crawlfish_cn.dds,22000,referenced-full
texture/item_fish_crawlfish_sm.dds,5616,referenced-full
texture/item_fish_fatfish.dds,22000,referenced-full
texture/item_fish_fatfish_alpha.dds,22000,referenced-full
texture/item_fish_fatfish_cn.dds,22000,referenced-full
texture/item_fish_fatfish_sm.dds,5616,referenced-full
texture/item_fish_gooberfish.dds,22000,referenced-full
texture/item_fish_gooberfish_alpha.dds,22000,referenced-full
texture/item_fish_gooberfish_cn.dds,22000,referenced-full
texture/item_fish_gooberfish_sm.dds,5616,referenced-full
texture/item_fish_gumfish.dds,11064,referenced-full
texture/item_fish_gumfish_alpha.dds,22000,referenced-full
texture/item_fish_gumfish_cn.dds,22000,referenced-full
texture/item_fish_gumfish_sm.dds,5616,referenced-full
texture/item_fish_mee.dds,22000,referenced-full
texture/item_fish_mee_cn.dds,22000,referenced-full
texture/item_fish_mee_sm.dds,5616,referenced-full
texture/item_fish_see.dds,22000,referenced-full
texture/item_fish_see_alpha.dds,22000,referenced-full
texture/item_fish_see_cn.dds,22000,referenced-full
texture/item_fish_see_sm.dds,5616,referenced-full
texture/item_fish_trout.dds,22000,referenced-full
texture/item_fish_trout_alpha.dds,22000,referenced-full
texture/item_fish_trout_cn.dds,22000,referenced-full
texture/item_fish_trout_sm.dds,5616,referenced-full
texture/item_force_partcile_saber.dds,22000,referenced-full
texture/item_force_partcile_saber_cn.dds,87536,referenced-full
texture/item_frozen_tauntaun.dds,349680,referenced-full
texture/item_frozen_tauntaun_cn.dds,349680,referenced-full
texture/item_frozen_tauntaun_sm.dds,5616,referenced-full
texture/item_garbage_pile.dds,87536,referenced-full
texture/item_garbage_pile_n.dds,349652,referenced-full
texture/item_hat_fedora.dds,349680,referenced-full
texture/item_hat_fedora_sm.dds,22000,referenced-full
texture/item_helmet_tie_fighter.dds,87536,referenced-full
texture/item_historic_landmark.dds,87536,referenced-full
texture/item_historic_landmark_sm.dds,5616,referenced-full
texture/item_hoth_buggy.dds,349680,referenced-full
texture/item_hoth_buggy_cn.dds,349680,referenced-full
texture/item_hoth_buggy_sm.dds,5616,referenced-full
texture/item_hoth_cable_box_s01.dds,87536,referenced-full
texture/item_hoth_cable_box_s01_cn.dds,87536,referenced-full
texture/item_hoth_cable_box_s01_sm.dds,2872,referenced-full
texture/item_hoth_cable_box_s02.dds,87536,referenced-full
texture/item_hoth_cable_box_s02_cn.dds,87536,referenced-full
texture/item_hoth_cable_box_s02_sm.dds,2872,referenced-full
texture/item_hoth_cable_box_s03.dds,43832,referenced-full
texture/item_hoth_cable_box_s03_cn.dds,87536,referenced-full
texture/item_hoth_cable_box_s03_sm.dds,2872,referenced-full
texture/item_hoth_cave_01.dds,43832,referenced-full
texture/item_hoth_crate_s01.dds,43832,referenced-full
texture/item_hoth_crate_s01_cn.dds,87536,referenced-full
texture/item_hoth_crate_s01_sm.dds,2872,referenced-full
texture/item_hoth_crate_s02.dds,43832,referenced-full
texture/item_hoth_crate_s02_cn.dds,87536,referenced-full
texture/item_hoth_crate_s02_sm.dds,2872,referenced-full
texture/item_hoth_crate_s03.dds,43832,referenced-full
texture/item_hoth_crate_s03_cn.dds,87536,referenced-full
texture/item_hoth_crate_s03_sm.dds,2872,referenced-full
texture/item_hoth_droid.dds,43832,referenced-full
texture/item_hoth_droid_cn.dds,87536,referenced-full
texture/item_hoth_droid_sm.dds,2872,referenced-full
texture/item_hoth_generator.dds,349680,referenced-full
texture/item_hoth_generator_cn.dds,349680,referenced-full
texture/item_hoth_generator_destroyed.dds,349680,referenced-full
texture/item_hoth_generator_destroyed_cn.dds,349680,referenced-basename
texture/item_hoth_generator_destroyed_sm.dds,5616,referenced-basename
texture/item_hoth_generator_sm.dds,5616,referenced-full
texture/item_hoth_icicle_s01.dds,87536,referenced-full
texture/item_hoth_icicle_s01_cn.dds,87536,referenced-full
texture/item_hoth_icicle_s01_sm.dds,2872,referenced-full
texture/item_hoth_icicle_s01_spec.dds,87536,referenced-full
texture/item_hoth_light_floor.dds,87536,referenced-full
texture/item_hoth_light_floor_cn.dds,87536,UNREFERENCED
texture/item_hoth_light_floor_emis.dds,87536,referenced-full
texture/item_hoth_light_floor_sm.dds,2872,UNREFERENCED
texture/item_hoth_light_standing.dds,87536,UNREFERENCED
texture/item_hoth_light_standing_cn.dds,87536,referenced-full
texture/item_hoth_light_standing_emis.dds,87536,referenced-full
texture/item_hoth_light_standing_sm.dds,2872,referenced-full
texture/item_hoth_radio.dds,43832,referenced-full
texture/item_hoth_radio_cn.dds,87536,referenced-full
texture/item_hoth_radio_sm.dds,2872,referenced-full
texture/item_hoth_round_turret_base.dds,174904,referenced-full
texture/item_hoth_round_turret_base_cn.dds,349680,referenced-full
texture/item_hoth_round_turret_base_sm.dds,2872,referenced-full
texture/item_hoth_round_turret_cannon.dds,174904,referenced-full
texture/item_hoth_round_turret_cannon_cn.dds,349680,referenced-basename
texture/item_hoth_round_turret_cannon_sm.dds,2872,referenced-basename
texture/item_hoth_scaffold.dds,174904,referenced-full
texture/item_hoth_scaffold_cn.dds,349680,referenced-full
texture/item_hoth_scaffold_sm.dds,2872,referenced-full
texture/item_hoth_snow_trooper_gun.dds,349680,referenced-full
texture/item_hoth_snow_trooper_gun_cn.dds,349680,referenced-full
texture/item_hoth_snow_trooper_gun_emis.dds,349680,referenced-full
texture/item_hoth_snow_trooper_gun_sm.dds,87536,referenced-full
texture/item_hoth_terminal_s01.dds,43832,referenced-full
texture/item_hoth_terminal_s01_cn.dds,87536,referenced-full
texture/item_hoth_toolbox.dds,43832,referenced-full
texture/item_hoth_toolbox_sm.dds,2872,referenced-full
texture/item_house_mini_door.dds,22000,referenced-full
texture/item_house_mini_glass.dds,1520,referenced-full
texture/item_house_mini_nboo_capitol.dds,349680,referenced-full
texture/item_house_mini_nboo_capitol_sm.dds,22000,referenced-full
texture/item_house_mini_roof.dds,22000,referenced-full
texture/item_house_mini_s02_sm.dds,87536,referenced-full
texture/item_house_mini_trim.dds,22000,referenced-full
texture/item_house_mini_walls.dds,22000,referenced-full
texture/item_house_packup_giftbox.dds,87536,referenced-full
texture/item_house_packup_giftbox_2.dds,87536,referenced-full
texture/item_house_packup_giftbox_2_cn.dds,87536,referenced-full
texture/item_house_packup_giftbox_2_sm.dds,5616,referenced-full
texture/item_house_packup_giftbox_cn.dds,87536,referenced-full
texture/item_house_packup_giftbox_sm.dds,5616,referenced-full
texture/item_ice_sculpture.dds,1520,referenced-full
texture/item_ice_sculpture_spec.dds,87536,referenced-full
texture/item_insect_borer_beetle.dds,22000,UNREFERENCED
texture/item_insect_borer_beetle_cn.dds,22000,referenced-full
texture/item_insect_borer_beetle_sm.dds,5616,referenced-full
texture/item_insect_dagobah_ground_beetle.dds,22000,referenced-basename
texture/item_insect_dagobah_ground_beetle_cn.dds,22000,referenced-basename
texture/item_insect_dagobah_ground_beetle_sm.dds,5616,referenced-basename
texture/item_insect_flame_beetle.dds,22000,UNREFERENCED
texture/item_insect_flame_beetle_cn.dds,22000,referenced-full
texture/item_insect_flame_beetle_sm.dds,5616,referenced-full
texture/item_insect_junk_beetle.dds,22000,referenced-full
texture/item_insect_junk_beetle_cn.dds,22000,referenced-full
texture/item_insect_junk_beetle_sm.dds,5616,referenced-full
texture/item_insect_piranha_beetle.dds,22000,referenced-full
texture/item_insect_piranha_beetle_alpha.dds,22000,referenced-basename
texture/item_insect_piranha_beetle_cn.dds,22000,referenced-full
texture/item_insect_piranha_beetle_sm.dds,5616,referenced-full
texture/item_insect_young_cave_beetle.dds,22000,referenced-full
texture/item_insect_young_cave_beetle_cn.dds,22000,referenced-basename
texture/item_insect_young_cave_beetle_sm.dds,5616,referenced-basename
texture/item_klorri_clan_shield.dds,87536,referenced-full
texture/item_klorri_clan_shield_cn.dds,87536,referenced-full
texture/item_klorri_clan_shield_sm.dds,2872,referenced-full
texture/item_lifeday_ornament_09.dds,22000,UNREFERENCED
texture/item_lifeday_ornament_09_cn.dds,22000,referenced-full
texture/item_lifeday_ornament_09_spec.dds,22000,referenced-full
texture/item_lifeday_ornament_10.dds,22000,UNREFERENCED
texture/item_lifeday_ornament_10r2body.dds,174928,referenced-full
texture/item_lifeday_ornament_10r2head.dds,87536,referenced-full
texture/item_love_day_berries.dds,22000,referenced-full
texture/item_love_day_berries_chocolate.dds,22000,referenced-full
texture/item_love_day_berries_chocolate_cn.dds,22000,referenced-basename
texture/item_love_day_berries_cn.dds,22000,UNREFERENCED
texture/item_love_day_berries_leaf.dds,22000,referenced-full
texture/item_love_day_berries_leaf_cn.dds,22000,referenced-full
texture/item_love_day_berries_plate.dds,11064,referenced-full
texture/item_love_day_berries_stick.dds,22000,referenced-full
texture/item_love_day_flowers.dds,87536,referenced-full
texture/item_love_day_flowers_10_alpha.dds,87536,referenced-full
texture/item_love_day_flowers_10_alpha_cn.dds,87536,referenced-basename
texture/item_love_day_flowers_10_handle.dds,87536,referenced-full
texture/item_love_day_flowers_10_handle_cn.dds,87536,referenced-basename
texture/item_love_day_flowers_10_hue.dds,87536,referenced-full
texture/item_love_day_flowers_alpha.dds,87536,referenced-full
texture/item_love_day_flowers_handle.dds,87536,referenced-full
texture/item_love_day_wooden_heart.dds,11064,referenced-full
texture/item_love_day_wooden_heart_cn.dds,22000,referenced-full
texture/item_magnaguard_blueprint.dds,65664,referenced-full
texture/item_magnaguard_blueprint_back.dds,43832,referenced-full
texture/item_magnaguard_blueprint_cn.dds,87536,referenced-full
texture/item_mask_antiox_dolovite_breath.dds,22000,referenced-basename
texture/item_mask_antiox_dolovite_breath_cn.dds,22000,referenced-basename
texture/item_mask_antiox_dolovite_breath_sm.dds,5616,referenced-basename
texture/item_mask_hendanyn.dds,22000,referenced-full
texture/item_mask_hendanyn_cn.dds,22000,referenced-full
texture/item_mask_hendanyn_sm.dds,5616,referenced-full
texture/item_mask_mandalores.dds,22000,referenced-full
texture/item_mask_mandalores_alpha.dds,5616,referenced-full
texture/item_mask_mandalores_cn.dds,22000,referenced-full
texture/item_mask_mandalores_sm.dds,5616,referenced-full
texture/item_mask_sith_torture.dds,22000,referenced-full
texture/item_mask_sith_torture_cn.dds,22000,referenced-full
texture/item_mask_sith_torture_sm.dds,5616,referenced-full
texture/item_max_rebo_book.dds,22000,referenced-full
texture/item_max_rebo_book_cn.dds,22000,referenced-full
texture/item_max_rebo_book_sm.dds,1520,referenced-full
texture/item_meatlump_food.dds,22000,referenced-full
texture/item_meatlump_food_cn.dds,22000,referenced-full
texture/item_meatlump_food_plate.dds,22000,UNREFERENCED
texture/item_meatlump_food_plate_cn.dds,22000,referenced-full
texture/item_meatlump_puddle.dds,87536,referenced-full
texture/item_meatlump_puddle_m.dds,87536,referenced-full
texture/item_meatlump_puddle_sm.dds,5616,referenced-full
texture/item_meatlump_scepter.dds,174928,referenced-full
texture/item_meatlump_scepter_n.dds,174928,referenced-full
texture/item_meatlump_scepter_sm.dds,11088,UNREFERENCED
texture/item_metal_detail_dtl.dds,43832,referenced-full
texture/item_meteorite.dds,87536,referenced-full
texture/item_meteorite_cn.dds,87536,referenced-full
texture/item_meteorite_sm.dds,5616,referenced-full
texture/item_meteorite_spec.dds,87536,referenced-full
texture/item_miniature_cloud_city_house_door.dds,349680,referenced-basename
texture/item_miniature_cloud_city_house_door_cn.dds,349680,referenced-basename
texture/item_miniature_cloud_city_house_floor_int.dds,174904,referenced-basename
texture/item_miniature_cloud_city_house_floor_int_cn.dds,349680,referenced-basename
texture/item_miniature_cloud_city_house_roof.dds,174904,referenced-basename
texture/item_miniature_cloud_city_house_roof_cn.dds,349680,referenced-basename
texture/item_miniature_cloud_city_house_tile_ext.dds,174904,referenced-basename
texture/item_miniature_cloud_city_house_tile_ext_cn.dds,349680,referenced-basename
texture/item_miniature_cloud_city_house_wall_ext.dds,174904,referenced-basename
texture/item_miniature_cloud_city_house_wall_ext_cn.dds,349680,referenced-basename
texture/item_mustafar_diorama.dds,87536,referenced-full
texture/item_mustafar_diorama_cn.dds,87536,UNREFERENCED
texture/item_mustafar_diorama_sm.dds,2872,UNREFERENCED
texture/item_mustafar_diorama_terrain.dds,87536,referenced-full
texture/item_mustafar_diorama_terrain_cn.dds,87536,referenced-basename
texture/item_mustafar_diorama_terrain_emis.dds,87536,referenced-basename
texture/item_mustafar_diorama_terrain_sm.dds,2872,referenced-basename
texture/item_paper_scrap.dds,5616,referenced-full
texture/item_patch_cn.dds,5616,referenced-full
texture/item_patch_imp.dds,22000,referenced-full
texture/item_patch_rebel.dds,22000,referenced-full
texture/item_present_partcile_icon.dds,22000,referenced-full
texture/item_rank_back.dds,5616,referenced-full
texture/item_rank_back_black.dds,5616,referenced-full
texture/item_rank_back_cn.dds,5616,referenced-full
texture/item_rank_back_gey.dds,5616,referenced-full
texture/item_rank_color_blue.dds,1520,referenced-full
texture/item_rank_color_grey.dds,1520,referenced-full
texture/item_rank_color_red.dds,1520,referenced-full
texture/item_rare_gem.dds,5616,referenced-full
texture/item_rare_gem_spec.dds,5616,referenced-full
texture/item_rare_gems_box.dds,87536,referenced-full
texture/item_rare_gems_box_cn.dds,87536,referenced-full
texture/item_rare_gems_box_spec.dds,87536,referenced-full
texture/item_rare_loot_chest.dds,87536,referenced-full
texture/item_rare_loot_chest_cn.dds,87536,referenced-full
texture/item_rare_loot_chest_exquisite.dds,87536,referenced-full
texture/item_rare_loot_chest_legendary.dds,87536,referenced-full
texture/item_rare_loot_chest_spec.dds,87536,referenced-full
texture/item_respirator_tie_fighter.dds,22000,referenced-full
texture/item_sc_aft.dds,174928,referenced-full
texture/item_sc_aft_sm.dds,11088,referenced-full
texture/item_sc_glass.dds,5616,referenced-full
texture/item_sc_glass_sm.dds,1520,referenced-full
texture/item_sc_headlights.dds,11088,referenced-full
texture/item_sc_metal_detail.dds,87536,referenced-full
texture/item_sc_metal_detail_sm.dds,5616,referenced-full
texture/item_sc_side.dds,349680,referenced-full
texture/item_sc_side_sm.dds,22000,referenced-full
texture/item_sc_top.dds,174928,referenced-full
texture/item_sc_top_sm.dds,11088,referenced-full
texture/item_sc_tread.dds,43856,referenced-full
texture/item_shield_generator_blueprint.dds,65664,referenced-full
texture/item_single_pod_airspeeder.dds,349680,referenced-full
texture/item_single_pod_airspeeder_cn.dds,349680,referenced-full
texture/item_snowball.dds,87536,referenced-full
texture/item_snowball_cn.dds,87536,referenced-full
texture/item_snowball_sm.dds,5616,referenced-full
texture/item_statue_braata.dds,87536,referenced-full
texture/item_statue_braata_cn.dds,87536,referenced-full
texture/item_statue_braata_sm.dds,5616,referenced-full
texture/item_statue_braata_spec.dds,87536,referenced-full
texture/item_statue_faya.dds,87536,referenced-full
texture/item_statue_faya_cn.dds,87536,referenced-full
texture/item_statue_faya_sm.dds,5616,referenced-full
texture/item_statue_faya_spec.dds,87536,referenced-full
texture/item_statue_sistros.dds,87536,referenced-full
texture/item_statue_sistros_cn.dds,87536,referenced-full
texture/item_statue_sistros_sm.dds,5616,referenced-full
texture/item_statue_sistros_spec.dds,87536,UNREFERENCED
texture/item_statue_yanjon.dds,87536,referenced-full
texture/item_statue_yanjon_cn.dds,87536,referenced-full
texture/item_statue_yanjon_large.dds,87536,UNREFERENCED
texture/item_statue_yanjon_large_cn.dds,87536,referenced-full
texture/item_statue_yanjon_large_sm.dds,5616,referenced-full
texture/item_statue_yanjon_large_spec.dds,87536,referenced-full
texture/item_statue_yanjon_sm.dds,5616,referenced-full
texture/item_statue_yanjon_spec.dds,87536,referenced-full
texture/item_tcg_ballofpeace.dds,87536,referenced-full
texture/item_tcg_ballofpeace_glass.dds,87536,referenced-full
texture/item_tcg_cookbook.dds,22000,referenced-full
texture/item_tcg_cookbook_cn.dds,22000,referenced-full
texture/item_tcg_cookbook_sm.dds,1520,referenced-full
texture/item_tcg_datapad_s01.dds,22000,referenced-full
texture/item_tcg_datapad_s01_sm.dds,1520,referenced-full
texture/item_tcg_datapad_s01_spec.dds,5616,referenced-full
texture/item_tcg_datapad_s02.dds,22000,referenced-full
texture/item_tcg_datapad_s02_cn.dds,22000,referenced-full
texture/item_tcg_datapad_s02_emis.dds,22000,referenced-full
texture/item_tcg_datapad_s02_sm.dds,1520,referenced-full
texture/item_tcg_dictionary.dds,22000,referenced-full
texture/item_tcg_dictionary_cn.dds,22000,referenced-full
texture/item_tcg_dictionary_sm.dds,1520,referenced-full
texture/item_tcg_falleens_blueprint.dds,43832,referenced-full
texture/item_tcg_falleens_fist_grey.dds,1520,referenced-full
texture/item_tcg_gorax_ear.dds,22000,referenced-full
texture/item_tcg_gorax_ear_cn.dds,22000,referenced-full
texture/item_tcg_gorax_ear_sm.dds,1520,referenced-full
texture/item_tcg_gut_sack.dds,87536,referenced-full
texture/item_tcg_gut_sack_cn.dds,87536,referenced-full
texture/item_tcg_gut_sack_membrane.dds,87536,referenced-full
texture/item_tcg_gut_sack_membrane_cn.dds,87536,referenced-full
texture/item_tcg_gut_sack_membrane_sm.dds,5616,referenced-full
texture/item_tcg_gut_sack_membrane_spec.dds,43832,referenced-full
texture/item_tcg_gut_sack_sm.dds,2872,referenced-full
texture/item_tcg_hh15_warhead.dds,87536,referenced-full
texture/item_tcg_hh15_warhead_cn.dds,87536,UNREFERENCED
texture/item_tcg_hh15_warhead_sm.dds,5616,UNREFERENCED
texture/item_tcg_house_cleaning_kit.dds,87536,referenced-full
texture/item_tcg_jedi_bookshelf.dds,87536,referenced-full
texture/item_tcg_jedi_bookshelf_lights.dds,87536,referenced-full
texture/item_tcg_jedi_bookshelf_lights_sm.dds,5616,referenced-basename
texture/item_tcg_jedi_bookshelf_sm.dds,5616,referenced-full
texture/item_tcg_jedi_bookshelf_trim.dds,87536,referenced-full
texture/item_tcg_jedi_bookshelf_trim_sm.dds,5616,referenced-full
texture/item_tcg_keelkana_tooth.dds,22000,referenced-full
texture/item_tcg_keelkana_tooth_cn.dds,22000,referenced-full
texture/item_tcg_keelkana_tooth_sm.dds,1520,referenced-full
texture/item_tcg_mandalorian_strongbox.dds,87536,referenced-full
texture/item_tcg_mandalorian_strongbox_cn.dds,87536,referenced-basename
texture/item_tcg_mandalorian_strongbox_emis.dds,87536,referenced-basename
texture/item_tcg_merrsoon_jetpack_blueprint.dds,349680,referenced-basename
texture/item_tcg_murr_talisman.dds,22000,referenced-full
texture/item_tcg_murr_talisman_cn.dds,22000,referenced-full
texture/item_tcg_murr_talisman_sm.dds,1520,referenced-full
texture/item_tcg_nuna_ball_add.dds,65664,referenced-full
texture/item_tcg_nuna_ball_add_back.dds,87536,referenced-full
texture/item_tcg_plant_s01_branch.dds,43832,referenced-full
texture/item_tcg_plant_s01_branch_cn.dds,87536,referenced-full
texture/item_tcg_plant_s01_branch_sm.dds,2872,referenced-full
texture/item_tcg_plant_s01_stem.dds,43832,referenced-full
texture/item_tcg_plant_s01_stem_cn.dds,87536,referenced-full
texture/item_tcg_plant_s01_stem_sm.dds,2872,referenced-full
texture/item_tcg_radtrooper_badge.dds,65664,referenced-full
texture/item_tcg_sanyassan_skull.dds,22000,UNREFERENCED
texture/item_tcg_sanyassan_skull_cn.dds,87508,referenced-full
texture/item_tcg_sanyassan_skull_sm.dds,1520,referenced-full
texture/item_tcg_shadow_scroll.dds,22000,referenced-full
texture/item_tcg_shadow_scroll_emis.dds,22000,referenced-full
texture/item_tcg_shadow_scroll_sm.dds,1520,referenced-full
texture/item_tcg_statuette_darth_vader.dds,174928,referenced-full
texture/item_tcg_statuette_darth_vader_base.dds,22000,referenced-basename
texture/item_tcg_statuette_darth_vader_base_cn.dds,22000,referenced-basename
texture/item_tcg_statuette_darth_vader_base_spec.dds,22000,referenced-basename
texture/item_tcg_statuette_leia.dds,87536,referenced-full
texture/item_tcg_statuette_leia_base.dds,22000,referenced-full
texture/item_tcg_statuette_leia_base_cn.dds,22000,referenced-full
texture/item_tcg_statuette_leia_base_spec.dds,22000,referenced-basename
texture/item_tcg_statuette_leia_cn.dds,87536,referenced-full
texture/item_tcg_statuette_leia_sm.dds,5616,referenced-full
texture/item_tcg_statuette_s02_darth_vader.dds,349680,referenced-basename
texture/item_tcg_statuette_s02_darth_vader_cn.dds,349680,referenced-basename
texture/item_tcg_statuette_s02_darth_vader_helmet.dds,349680,referenced-basename
texture/item_tcg_statuette_s02_darth_vader_sm.dds,5616,referenced-basename
texture/item_tcg_tauntaun_ride.dds,174904,referenced-full
texture/item_tcg_tauntaun_ride_cn.dds,349680,referenced-full
texture/item_tcg_tauntaun_ride_sm.dds,2872,referenced-full
texture/item_tcg_travel_add_coruscant.dds,87528,referenced-full
texture/item_tcg_travel_add_hoth.dds,131200,UNREFERENCED
texture/item_tcg_travel_add_kashyyyk.dds,174928,referenced-full
texture/item_tcg_travel_add_mustafar.dds,131200,referenced-full
texture/item_tcg_travel_add_ordmantell.dds,21992,referenced-full
texture/item_tcg_travel_add_tatooine.dds,174928,referenced-full
texture/item_tcg_wookie_pipe.dds,43832,referenced-full
texture/item_tcg_wookie_pipe_cn.dds,87536,referenced-full
texture/item_tcg_wookie_pipe_sm.dds,2872,referenced-full
texture/item_vet_plant_s02_branch.dds,43832,referenced-full
texture/item_vet_plant_s02_branch_cn.dds,87536,referenced-full
texture/item_vet_plant_s02_branch_sm.dds,2872,referenced-full
texture/item_vet_plant_s02_stem.dds,43832,referenced-full
texture/item_vet_plant_s02_stem_cn.dds,87536,referenced-full
texture/item_vet_plant_s02_stem_sm.dds,2872,referenced-full
texture/item_wampa_arm.dds,87536,referenced-full
texture/item_wampa_arm_cn.dds,87536,referenced-full
texture/item_wampa_arm_sm.dds,5616,referenced-full
texture/item_wampa_hair.dds,22000,referenced-full
texture/item_whip.dds,87536,referenced-full
texture/item_whip_cn.dds,87536,referenced-full
texture/item_whip_sm.dds,5616,referenced-full
texture/item_yodahouse_barktree.dds,174904,referenced-full
texture/item_yodahouse_barktree_cn.dds,349680,referenced-full
texture/item_yodahouse_barktree_moss.dds,174904,referenced-full
texture/item_yodahouse_barktree_moss_cn.dds,349680,referenced-full
texture/item_yodahouse_barktree_moss_sm.dds,2872,referenced-full
texture/item_yodahouse_barktree_sm.dds,2872,referenced-full
texture/item_yodahouse_deadleaves.dds,87536,referenced-full
texture/item_yodahouse_deadleaves_cn.dds,87536,referenced-full
texture/item_yodahouse_mudground.dds,43832,UNREFERENCED
texture/item_yodahouse_mudground_cn.dds,87536,referenced-full
texture/item_yodahouse_mudground_sm.dds,2872,referenced-full
texture/item_yodahouse_stucco.dds,43832,referenced-full
texture/item_yodahouse_stucco_cn.dds,87536,UNREFERENCED
texture/item_yodahouse_stucco_dirt.dds,43832,referenced-full
texture/item_yodahouse_stucco_dirt_cn.dds,87536,referenced-full
texture/item_yodahouse_stucco_moss.dds,43832,referenced-full
texture/item_yodahouse_stucco_moss_cn.dds,87536,referenced-full
texture/item_yodahouse_stucco_moss_sm.dds,43832,referenced-full
texture/item_yodahouse_stucco_sm.dds,2872,UNREFERENCED
texture/item_yodas_levitator.dds,87536,referenced-full
texture/item_yodas_levitator_cn.dds,87536,referenced-full
texture/item_yodas_levitator_spec.dds,87536,referenced-full
texture/item_yodas_soup.dds,43832,referenced-full
texture/item_yodas_soup_cn.dds,87536,referenced-full
texture/ith_armor_arm_s01_camo.dds,87536,referenced-full
texture/ith_armor_arm_s01_camo_sm.dds,5616,referenced-full
texture/ith_armor_boots_s01_camo.dds,87536,UNREFERENCED
texture/ith_armor_boots_s01_camo_sm.dds,5616,referenced-full
texture/ith_armor_chest_plate_s01_camo.dds,87536,referenced-full
texture/ith_armor_chest_plate_s01_camo_sm.dds,5616,referenced-basename
texture/ith_armor_forearm_s01_camo.dds,87536,referenced-full
texture/ith_armor_forearm_s01_camo_sm.dds,5616,referenced-full
texture/ith_armor_galactic_marine_helmet.dds,87536,referenced-basename
texture/ith_armor_galactic_marine_helmet_.dds,349680,referenced-basename
texture/ith_armor_galactic_marine_helmet_cn.dds,349680,referenced-basename
texture/ith_armor_galactic_marine_helmet_gcw.dds,87536,referenced-basename
texture/ith_armor_galactic_marine_helmet_gcw_sm.dds,22000,referenced-basename
texture/ith_armor_galactic_marine_helmet_hue.dds,87536,referenced-basename
texture/ith_armor_galactic_marine_helmet_hue_sm.dds,22000,referenced-basename
texture/ith_armor_galactic_marine_helmet_sm.dds,22000,referenced-basename
texture/ith_armor_glove_s01_camo.dds,87536,UNREFERENCED
texture/ith_armor_glove_s01_camo_sm.dds,5616,referenced-full
texture/ith_armor_helmet_s01_camo.dds,87536,referenced-full
texture/ith_armor_helmet_s01_camo_sm.dds,5616,referenced-full
texture/ith_armor_leggings_s01_camo.dds,87536,referenced-full
texture/ith_armor_leggings_s01_camo_sm.dds,5616,referenced-full
texture/ith_armor_rebel_specforce_helmet_.dds,349680,referenced-basename
texture/ith_armor_rebel_specforce_helmet_cn.dds,349680,referenced-basename
texture/ith_armor_rebel_specforce_helmet_gcw.dds,87536,referenced-basename
texture/ith_armor_rebel_specforce_helmet_gcw_sm.dds,22000,referenced-basename
texture/ith_armor_rebel_specforce_helmet_hue.dds,87536,referenced-basename
texture/ith_armor_rebel_specforce_helmet_hue_sm.dds,22000,referenced-basename
texture/ith_armor_rebel_specforce_helmet_sm.dds,22000,referenced-basename
texture/ith_armor_rebel_specforce_helmet_spec.dds,349680,referenced-basename
texture/ith_armor_tcg_arm_s03_ptrn00.dds,87536,referenced-full
texture/ith_armor_tcg_arm_s03_ptrn00_sm.dds,5616,referenced-full
texture/ith_armor_tcg_arm_s03_ptrn01.dds,87536,referenced-full
texture/ith_armor_tcg_arm_s03_ptrn01_sm.dds,5616,referenced-full
texture/ith_armor_tcg_arm_s03_ptrn02.dds,87536,referenced-full
texture/ith_armor_tcg_arm_s03_ptrn02_sm.dds,5616,referenced-full
texture/ith_armor_tcg_arm_s03_ptrn03.dds,87536,referenced-full
texture/ith_armor_tcg_arm_s03_ptrn03_sm.dds,5616,referenced-full
texture/ith_armor_tcg_arm_s03_ptrn04.dds,87536,referenced-full
texture/ith_armor_tcg_arm_s03_ptrn04_sm.dds,5616,referenced-full
texture/ith_armor_tcg_arm_s03_ptrn05.dds,87536,referenced-full
texture/ith_armor_tcg_arm_s03_ptrn05_sm.dds,5616,referenced-full
texture/ith_armor_tcg_boots_s03_ptrn00.dds,22000,referenced-full
texture/ith_armor_tcg_boots_s03_ptrn00_sm.dds,5616,referenced-full
texture/ith_armor_tcg_boots_s03_ptrn01.dds,22000,referenced-full
texture/ith_armor_tcg_boots_s03_ptrn01_sm.dds,5616,referenced-full
texture/ith_armor_tcg_boots_s03_ptrn02.dds,22000,referenced-full
texture/ith_armor_tcg_boots_s03_ptrn02_sm.dds,5616,referenced-full
texture/ith_armor_tcg_boots_s03_ptrn03.dds,22000,referenced-full
texture/ith_armor_tcg_boots_s03_ptrn03_sm.dds,5616,referenced-full
texture/ith_armor_tcg_boots_s03_ptrn04.dds,22000,referenced-full
texture/ith_armor_tcg_boots_s03_ptrn04_sm.dds,5616,referenced-full
texture/ith_armor_tcg_boots_s03_ptrn05.dds,22000,referenced-full
texture/ith_armor_tcg_boots_s03_ptrn05_sm.dds,5616,referenced-full
texture/ith_armor_tcg_chest_plate_s03_ptrn00.dds,87536,referenced-full
texture/ith_armor_tcg_chest_plate_s03_ptrn00_sm.dds,5616,referenced-full
texture/ith_armor_tcg_chest_plate_s03_ptrn01.dds,87536,referenced-full
texture/ith_armor_tcg_chest_plate_s03_ptrn01_sm.dds,5616,referenced-full
texture/ith_armor_tcg_chest_plate_s03_ptrn02.dds,87536,referenced-full
texture/ith_armor_tcg_chest_plate_s03_ptrn02_sm.dds,5616,referenced-full
texture/ith_armor_tcg_chest_plate_s03_ptrn03.dds,87536,referenced-full
texture/ith_armor_tcg_chest_plate_s03_ptrn03_sm.dds,5616,referenced-full
texture/ith_armor_tcg_chest_plate_s03_ptrn04.dds,87536,referenced-full
texture/ith_armor_tcg_chest_plate_s03_ptrn04_sm.dds,5616,referenced-full
texture/ith_armor_tcg_chest_plate_s03_ptrn05.dds,87536,referenced-full
texture/ith_armor_tcg_chest_plate_s03_ptrn05_sm.dds,5616,referenced-full
texture/ith_armor_tcg_forearm_s03_ptrn00.dds,87536,referenced-full
texture/ith_armor_tcg_forearm_s03_ptrn00_sm.dds,5616,referenced-full
texture/ith_armor_tcg_forearm_s03_ptrn01.dds,87536,referenced-full
texture/ith_armor_tcg_forearm_s03_ptrn01_sm.dds,5616,referenced-full
texture/ith_armor_tcg_forearm_s03_ptrn02.dds,87536,referenced-full
texture/ith_armor_tcg_forearm_s03_ptrn02_sm.dds,5616,referenced-full
texture/ith_armor_tcg_forearm_s03_ptrn03.dds,87536,referenced-full
texture/ith_armor_tcg_forearm_s03_ptrn03_sm.dds,5616,referenced-full
texture/ith_armor_tcg_forearm_s03_ptrn04.dds,87536,referenced-full
texture/ith_armor_tcg_forearm_s03_ptrn04_sm.dds,5616,referenced-full
texture/ith_armor_tcg_forearm_s03_ptrn05.dds,87536,referenced-full
texture/ith_armor_tcg_forearm_s03_ptrn05_sm.dds,5616,referenced-full
texture/ith_armor_tcg_glove_s03_ptrn00.dds,87536,referenced-full
texture/ith_armor_tcg_glove_s03_ptrn00_sm.dds,5616,referenced-full
texture/ith_armor_tcg_glove_s03_ptrn01.dds,87536,referenced-full
texture/ith_armor_tcg_glove_s03_ptrn01_sm.dds,5616,referenced-full
texture/ith_armor_tcg_glove_s03_ptrn02.dds,87536,referenced-full
texture/ith_armor_tcg_glove_s03_ptrn02_sm.dds,5616,referenced-full
texture/ith_armor_tcg_glove_s03_ptrn03.dds,87536,referenced-full
texture/ith_armor_tcg_glove_s03_ptrn03_sm.dds,5616,referenced-full
texture/ith_armor_tcg_glove_s03_ptrn04.dds,87536,referenced-full
texture/ith_armor_tcg_glove_s03_ptrn04_sm.dds,5616,referenced-full
texture/ith_armor_tcg_glove_s03_ptrn05.dds,87536,referenced-full
texture/ith_armor_tcg_glove_s03_ptrn05_sm.dds,5616,referenced-full
texture/ith_armor_tcg_helmet_s03_ptrn00.dds,87536,referenced-full
texture/ith_armor_tcg_helmet_s03_ptrn00_sm.dds,5616,referenced-full
texture/ith_armor_tcg_helmet_s03_ptrn01.dds,87536,referenced-full
texture/ith_armor_tcg_helmet_s03_ptrn01_sm.dds,5616,referenced-full
texture/ith_armor_tcg_helmet_s03_ptrn02.dds,87536,referenced-full
texture/ith_armor_tcg_helmet_s03_ptrn02_sm.dds,5616,referenced-full
texture/ith_armor_tcg_helmet_s03_ptrn03.dds,87536,referenced-full
texture/ith_armor_tcg_helmet_s03_ptrn03_sm.dds,5616,referenced-full
texture/ith_armor_tcg_helmet_s03_ptrn04.dds,87536,referenced-full
texture/ith_armor_tcg_helmet_s03_ptrn04_sm.dds,5616,referenced-full
texture/ith_armor_tcg_helmet_s03_ptrn05.dds,87536,referenced-full
texture/ith_armor_tcg_helmet_s03_ptrn05_sm.dds,5616,referenced-full
texture/ith_armor_tcg_leggings_s03_ptrn00.dds,87536,referenced-full
texture/ith_armor_tcg_leggings_s03_ptrn00_sm.dds,5616,referenced-full
texture/ith_armor_tcg_leggings_s03_ptrn01.dds,87536,referenced-full
texture/ith_armor_tcg_leggings_s03_ptrn01_sm.dds,5616,referenced-full
texture/ith_armor_tcg_leggings_s03_ptrn02.dds,87536,referenced-full
texture/ith_armor_tcg_leggings_s03_ptrn02_sm.dds,5616,referenced-full
texture/ith_armor_tcg_leggings_s03_ptrn03.dds,87536,referenced-full
texture/ith_armor_tcg_leggings_s03_ptrn03_sm.dds,5616,referenced-full
texture/ith_armor_tcg_leggings_s03_ptrn04.dds,87536,referenced-full
texture/ith_armor_tcg_leggings_s03_ptrn04_sm.dds,5616,referenced-full
texture/ith_armor_tcg_leggings_s03_ptrn05.dds,87536,referenced-full
texture/ith_armor_tcg_leggings_s03_ptrn05_sm.dds,5616,referenced-full
texture/ith_bodysuit_tcg_bottom_s01.dds,87536,referenced-full
texture/ith_bodysuit_tcg_bottom_s01_cn.dds,87536,referenced-full
texture/ith_bodysuit_tcg_bottom_s01_sm.dds,5616,referenced-full
texture/ith_bodysuit_tcg_bottom_s02.dds,87536,referenced-full
texture/ith_bodysuit_tcg_bottom_s02_cn.dds,87536,referenced-full
texture/ith_bodysuit_tcg_bottom_s02_sm.dds,5616,referenced-full
texture/ith_bodysuit_tcg_bottom_s04.dds,87536,referenced-full
texture/ith_bodysuit_tcg_bottom_s04_cn.dds,87536,referenced-full
texture/ith_bodysuit_tcg_bottom_s04_sm.dds,5616,referenced-full
texture/ith_bodysuit_tcg_top_s01.dds,87536,UNREFERENCED
texture/ith_bodysuit_tcg_top_s01_cn.dds,87536,referenced-full
texture/ith_bodysuit_tcg_top_s01_sm.dds,5616,referenced-full
texture/ith_bodysuit_tcg_top_s02.dds,87536,UNREFERENCED
texture/ith_bodysuit_tcg_top_s02_cn.dds,87536,referenced-full
texture/ith_bodysuit_tcg_top_s02_sm.dds,5616,referenced-full
texture/ith_bodysuit_tcg_top_s04.dds,87536,UNREFERENCED
texture/ith_bodysuit_tcg_top_s04_cn.dds,87536,referenced-full
texture/ith_bodysuit_tcg_top_s04_sm.dds,5616,referenced-full
texture/ith_dress_mon_monthma_bottom.dds,174904,referenced-full
texture/ith_dress_mon_monthma_bottom_cn.dds,349680,referenced-full
texture/ith_dress_mon_monthma_bottom_sm.dds,43832,referenced-full
texture/ith_dress_mon_monthma_top.dds,174904,referenced-full
texture/ith_dress_mon_monthma_top_cn.dds,349680,referenced-full
texture/ith_dress_mon_monthma_top_sm.dds,43832,referenced-full
texture/ith_dress_tcg_s01_bottom.dds,87536,UNREFERENCED
texture/ith_dress_tcg_s01_bottom_cn.dds,87536,referenced-full
texture/ith_dress_tcg_s01_bottom_sm.dds,5616,referenced-full
texture/ith_dress_tcg_s01_top.dds,87536,referenced-full
texture/ith_dress_tcg_s01_top_cn.dds,87536,UNREFERENCED
texture/ith_dress_tcg_s01_top_sm.dds,5616,UNREFERENCED
texture/ith_f_hair_s01_zombie.dds,22000,referenced-full
texture/ith_goggles_tcg_blue.dds,22000,referenced-full
texture/ith_goggles_tcg_green.dds,22000,referenced-full
texture/ith_goggles_tcg_red.dds,22000,referenced-full
texture/ith_imp_gunner_helm.dds,349680,referenced-full
texture/ith_imp_gunner_helm_cn.dds,349680,referenced-full
texture/ith_imp_gunner_helm_sm.dds,22000,referenced-full
texture/ith_jacket_tcg_s03.dds,87536,referenced-full
texture/ith_jacket_tcg_s03_cn.dds,87536,referenced-full
texture/ith_jacket_tcg_s03_sm.dds,5616,referenced-full
texture/ith_jacket_tcg_s04.dds,87536,referenced-full
texture/ith_jacket_tcg_s04_cn.dds,87536,referenced-full
texture/ith_jacket_tcg_s04_sm.dds,5616,referenced-full
texture/ith_m_hair_s01_zombie.dds,22000,referenced-full
texture/ithorian_body_n_zombie.dds,349680,referenced-full
texture/ithorian_body_zombie.dds,349680,referenced-full
texture/ithorian_f_eyelash_zombie.dds,11088,referenced-full
texture/ithorian_f_head_n_zombie.dds,349680,UNREFERENCED
texture/ithorian_f_head_zombie.dds,349680,referenced-full
texture/ithorian_m_head_n_zombie.dds,349680,UNREFERENCED
texture/ithorian_m_head_zombie.dds,349680,referenced-full
texture/itm_geode_meteorite.dds,43856,referenced-full
texture/itm_geode_meteorite_e.dds,43856,referenced-full
texture/itm_geode_meteorite_sm.dds,11088,referenced-full
texture/itm_geode_meteorite_sm_e.dds,11088,UNREFERENCED
texture/itm_house_s02_01.dds,87536,referenced-full
texture/itm_house_s02_02.dds,87536,referenced-full
texture/itm_house_s02_03.dds,22000,referenced-full
texture/itm_house_s02_04.dds,22000,referenced-full
texture/itm_house_s02_05.dds,22000,referenced-full
texture/itm_moon_coin.dds,43856,referenced-full
texture/itm_moon_coin_cn.dds,43856,referenced-full
texture/itm_moon_coin_spec.dds,43856,referenced-full
texture/jabba_footpress_pad.dds,11088,referenced-full
texture/jabbas_sail_barge_bottom_metalplate_cn.dds,87536,referenced-basename
texture/jabbas_sail_barge_bottom_metalplate_sm.dds,2872,referenced-basename
texture/jabbas_sail_barge_deck_metalplate_cn.dds,87536,referenced-basename
texture/jabbas_sail_barge_deck_metalplate_sm.dds,2872,referenced-basename
texture/jabbas_sail_barge_dirt_metalplate_cn.dds,349652,referenced-basename
texture/jabbas_sail_barge_hull_cn.dds,349680,referenced-full
texture/jabbas_sail_barge_hull_sm.dds,2872,referenced-full
texture/jabbas_sail_barge_internal_deck_cn.dds,349680,referenced-basename
texture/jabbas_sail_barge_internal_deck_sm.dds,2872,referenced-basename
texture/jabbas_sail_barge_sail_cn.dds,349680,referenced-full
texture/jabbas_sail_barge_sail_sm.dds,2872,referenced-full
texture/jabbas_sail_barge_windows_cn.dds,87536,referenced-full
texture/jabbas_sail_barge_windows_sm.dds,2872,referenced-full
texture/jacket_gcw_imp_s01.dds,349680,referenced-full
texture/jacket_gcw_imp_s01_cn.dds,349680,referenced-full
texture/jacket_gcw_imp_s01_sm.dds,22000,referenced-full
texture/jacket_gcw_reb_s01.dds,349680,referenced-full
texture/jacket_gcw_reb_s01_cn.dds,349680,referenced-full
texture/jacket_gcw_reb_s01_sm.dds,22000,referenced-full
texture/jacket_lifeday_below.dds,174904,referenced-full
texture/jacket_lifeday_below_s02.dds,349680,UNREFERENCED
texture/jacket_lifeday_below_s02_cn.dds,349680,referenced-full
texture/jacket_lifeday_below_s02_sm.dds,87536,referenced-full
texture/jacket_lifeday_below_sm.dds,2872,referenced-full
texture/jacket_lifeday_top.dds,174904,referenced-full
texture/jacket_lifeday_top_s02.dds,349680,referenced-full
texture/jacket_lifeday_top_s02_cn.dds,349680,referenced-full
texture/jacket_lifeday_top_s02_sm.dds,87536,referenced-full
texture/jacket_lifeday_top_sm.dds,2872,referenced-full
texture/jacket_meatlump_s01.dds,87536,referenced-full
texture/jacket_meatlump_s01_n.dds,87536,referenced-full
texture/jacket_meatlump_s01_sm.dds,5616,referenced-full
texture/jacket_meatlump_s02.dds,87536,referenced-full
texture/jacket_meatlump_s02_n.dds,87536,referenced-full
texture/jacket_meatlump_s02_sm.dds,5616,referenced-full
texture/jacket_sc_ntrl_s01.dds,349680,referenced-full
texture/jacket_sc_ntrl_s01_cn.dds,349680,referenced-full
texture/jacket_sc_ntrl_s01_sm.dds,22000,referenced-full
texture/jacket_tcg_s01.dds,87536,referenced-full
texture/jacket_tcg_s01_cn.dds,87536,referenced-full
texture/jacket_tcg_s01_sm.dds,5616,referenced-full
texture/jacket_tcg_s02.dds,87536,referenced-full
texture/jacket_tcg_s02_cn.dds,349652,referenced-full
texture/jacket_tcg_s02_sm.dds,5616,referenced-full
texture/jacket_tcg_s03.dds,87536,referenced-full
texture/jacket_tcg_s03_n.dds,349652,referenced-full
texture/jacket_tcg_s03_sm.dds,5616,referenced-full
texture/jacket_tcg_s04.dds,87536,referenced-full
texture/jacket_tcg_s04_cn.dds,349652,referenced-full
texture/jacket_tcg_s04_sm.dds,5616,referenced-full
texture/jagged_crystal_shard.dds,87536,referenced-full
texture/jagged_crystal_shard_cn.dds,87536,referenced-full
texture/jax_alpha_fur_spec.dds,2896,referenced-full
texture/jedi_robe_s05_dark_arm.dds,87536,referenced-full
texture/jedi_robe_s05_dark_arm_sm.dds,5616,referenced-full
texture/jedi_robe_s05_dark_bottom.dds,87536,referenced-full
texture/jedi_robe_s05_dark_bottom_sm.dds,5616,referenced-full
texture/jedi_robe_s05_dark_hood.dds,87536,referenced-full
texture/jedi_robe_s05_dark_hood_sm.dds,5616,referenced-full
texture/jedi_robe_s05_dark_robe.dds,87536,referenced-full
texture/jedi_robe_s05_dark_robe_sm.dds,5616,referenced-full
texture/jedi_robe_s05_light_arm.dds,87536,referenced-full
texture/jedi_robe_s05_light_arm_sm.dds,5616,referenced-full
texture/jedi_robe_s05_light_bottom.dds,87536,referenced-full
texture/jedi_robe_s05_light_bottom_sm.dds,5616,referenced-full
texture/jedi_robe_s05_light_hood.dds,87536,UNREFERENCED
texture/jedi_robe_s05_light_hood_sm.dds,5616,referenced-full
texture/jedi_robe_s05_light_robe.dds,87536,UNREFERENCED
texture/jedi_robe_s05_light_robe_sm.dds,5616,referenced-full
texture/jenda_01.dds,87536,referenced-full
texture/jenda_01_sm.dds,5616,referenced-full
texture/jenda_head.dds,87536,referenced-full
texture/jenda_head_n.dds,349652,referenced-full
texture/jenda_head_sm.dds,5616,referenced-full
texture/jenda_n.dds,349652,referenced-full
texture/jenet_hair.dds,87536,referenced-full
texture/journal_main.dds,262272,UNREFERENCED
texture/journal_main02.dds,1048704,UNREFERENCED
texture/jundak.dds,349680,referenced-full
texture/jundak_bug_eye.dds,824,referenced-full
texture/jundak_cn.dds,349680,referenced-full
texture/jundak_sm.dds,22000,referenced-full
texture/jundak_spec.dds,349680,referenced-full
texture/jundak_spec_sm.dds,22000,referenced-full
texture/kasha_crystal_shard.dds,87536,referenced-full
texture/kasha_crystal_shard_sm.dds,22000,referenced-full
texture/kashyyk_sword_lb.dds,43856,referenced-full
texture/kel_dor_body_bump_spec.dds,1398228,referenced-full
texture/kel_dor_face_bump_spec.dds,699180,referenced-full
texture/kel_dor_face_hue.dds,174928,referenced-full
texture/kel_dor_face_hue_sm.dds,2896,referenced-full
texture/kel_dor_m_body.dds,349680,referenced-full
texture/kel_dor_m_body_sm.dds,5616,referenced-full
texture/kel_dor_mask_s01.dds,5608,referenced-full
texture/kel_dor_mask_s02.dds,5608,referenced-full
texture/kel_dor_mask_s03.dds,43856,referenced-full
texture/kloo_horn_hue.dds,22000,referenced-full
texture/kloo_horn_hue_spec.dds,22000,referenced-full
texture/krayt_skeli.dds,174928,referenced-full
texture/krayt_skeli_cn.dds,174928,referenced-full
texture/krayt_skeli_sm.dds,11088,referenced-full
texture/krayt_skull_backpack_sm.dds,22000,referenced-full
texture/ksk_all_incubator.dds,87536,referenced-full
texture/ksk_all_incubator_cn.dds,87536,referenced-full
texture/ksk_all_incubator_gas.dds,22000,referenced-full
texture/ksk_all_incubator_lights.dds,5616,UNREFERENCED
texture/ksk_all_incubator_lights_cn.dds,5616,referenced-full
texture/ksk_all_incubator_screen.dds,22000,UNREFERENCED
texture/ksk_all_incubator_sm.dds,22000,referenced-full
texture/ksk_all_incubator_top.dds,1520,referenced-full
texture/ksk_all_incubator_top_spec.dds,1520,referenced-full
texture/ksk_all_ship_maintenance_terminal.dds,87536,referenced-basename
texture/ksk_all_ship_maintenance_terminal_cn.dds,87536,referenced-basename
texture/ksk_all_ship_maintenance_terminal_sm_emis.dds,5616,referenced-basename
texture/kubaz_body.dds,87536,referenced-full
texture/kubaz_body_n.dds,349652,referenced-full
texture/kubaz_body_sm.dds,5616,referenced-full
texture/kubaz_cloak.dds,87536,referenced-full
texture/kubaz_cloak_n.dds,349652,referenced-full
texture/kubaz_cloak_sm.dds,5616,referenced-full
texture/kubaz_goggles.dds,87536,referenced-full
texture/kubaz_goggles_lens.dds,5616,referenced-full
texture/kubaz_goggles_lens_env.dds,5616,referenced-full
texture/kubaz_hand.dds,5616,referenced-full
texture/kubaz_hand_n.dds,21972,referenced-full
texture/kubaz_head.dds,87536,referenced-full
texture/kubaz_head_n.dds,349652,referenced-full
texture/kubaz_head_sm.dds,5616,referenced-full
texture/kubaza_beetle.dds,349680,referenced-full
texture/kubaza_beetle_cn.dds,349680,referenced-full
texture/kubaza_beetle_eye.dds,5616,referenced-full
texture/kubaza_beetle_hair.dds,22000,referenced-full
texture/kubaza_beetle_sm.dds,22000,referenced-full
texture/kubaza_beetle_spec.dds,349680,referenced-full
texture/kubaza_beetle_spec_sm.dds,22000,referenced-full
texture/lair_blimstok.dds,349680,referenced-full
texture/lair_blimstok_cn.dds,349680,referenced-full
texture/lair_blimstok_sm.dds,22000,referenced-full
texture/lair_small_mustafarian_monster_1.dds,349680,referenced-basename
texture/lair_small_mustafarian_monster_1_cn.dds,349680,referenced-basename
texture/lair_small_mustafarian_monster_2.dds,87536,referenced-basename
texture/lair_small_mustafarian_monster_3.dds,87536,referenced-basename
texture/lair_small_mustafarian_monster_3_spec.dds,87536,referenced-basename
texture/lambda_engine_destroyed.dds,21992,referenced-full
texture/lambda_fuselage_a_destroyed.dds,43832,referenced-full
texture/lambda_glass_destroyed.dds,5616,referenced-full
texture/lambda_head_destroyed.dds,43832,referenced-full
texture/lambda_mechanical_a_destroyed.dds,43832,referenced-full
texture/lambda_ventral_destroyed.dds,43832,UNREFERENCED
texture/lambda_wing_destroyed.dds,43832,referenced-full
texture/lance_xandank.dds,43856,referenced-full
texture/lance_xandank_cn.dds,43856,referenced-full
texture/lance_xandank_sm.dds,2896,referenced-full
texture/lando_body.dds,87536,referenced-full
texture/lando_body_cn.dds,87536,referenced-full
texture/lando_body_sm.dds,2872,referenced-full
texture/lando_cape.dds,87536,referenced-full
texture/lando_cape_cn.dds,87536,referenced-full
texture/lando_cape_sm.dds,2872,referenced-full
texture/lando_head.dds,87536,referenced-full
texture/lando_head_cn.dds,87536,referenced-full
texture/lando_head_sm.dds,2872,referenced-full
texture/lando_legs.dds,87536,referenced-full
texture/lando_legs_cn.dds,87536,referenced-full
texture/lando_legs_sm.dds,2872,referenced-full
texture/lando_stattuete_body.dds,43832,referenced-full
texture/lando_stattuete_body_cn.dds,87536,referenced-full
texture/lando_stattuete_body_sm.dds,2872,referenced-full
texture/lando_stattuete_cape.dds,43832,referenced-full
texture/lando_stattuete_cape_cn.dds,87536,referenced-full
texture/lando_stattuete_cape_sm.dds,2872,referenced-full
texture/lando_stattuete_head.dds,43832,referenced-full
texture/lando_stattuete_head_cn.dds,87536,referenced-full
texture/lando_stattuete_head_sm.dds,2872,referenced-full
texture/lando_stattuete_legs.dds,43832,referenced-full
texture/lando_stattuete_legs_cn.dds,87536,referenced-full
texture/lando_stattuete_legs_sm.dds,2872,referenced-full
texture/lava_fallback.dds,87536,referenced-full
texture/lava_fallback_02.dds,87536,referenced-full
texture/lava_mustafar_fast_s01.dds,1398228,referenced-full
texture/lava_mustafar_s01.dds,65664,referenced-full
texture/lava_mustafar_s01_n.dds,65664,referenced-full
texture/lava_mustafar_s02.dds,87536,referenced-full
texture/lava_mustafar_s02_n.dds,87536,referenced-full
texture/lava_mustafar_s03.dds,65664,referenced-full
texture/lava_mustafar_s03_n.dds,65664,referenced-full
texture/lava_mustafar_slow_s01.dds,1398228,referenced-full
texture/lava_pillar.dds,349680,referenced-full
texture/lava_pillar_cn.dds,349680,referenced-full
texture/lava_pillar_detail.dds,87536,referenced-full
texture/lava_pillar_emis.dds,349680,referenced-full
texture/lava_pillar_emis_sm.dds,22000,referenced-full
texture/lava_pillar_sm.dds,22000,referenced-full
texture/lava_s01_colorramp.dds,1152,referenced-full
texture/lava_s02_colorramp.dds,1152,referenced-full
texture/lava_s03_colorramp.dds,1152,referenced-full
texture/lava_s04_colorramp.dds,2172,referenced-full
texture/lava_skiff1.dds,349680,referenced-full
texture/lava_skiff1_cn.dds,349680,referenced-full
texture/lava_skiff1_color2.dds,349680,referenced-full
texture/lava_skiff1_color2_sm.dds,22000,referenced-full
texture/lava_skiff1_sm.dds,22000,referenced-full
texture/lava_skiff1_spec.dds,349680,referenced-full
texture/lava_skiff1_spec_sm.dds,22000,referenced-full
texture/lava_test_colorramp.dds,1152,referenced-full
texture/lava_test_fallback.dds,349652,referenced-full
texture/lava_test_n.dds,262272,UNREFERENCED
texture/lava_test_noisevolume.dds,2097280,referenced-full
texture/lava_textured_test.dds,87536,referenced-full
texture/lb_barc_combined_med.dds,174928,referenced-full
texture/lb_barc_combined_med_cn.dds,174928,referenced-full
texture/lb_barc_combined_sm.dds,43856,referenced-full
texture/lb_barc_combined_sm_color2.dds,43856,referenced-full
texture/lb_barc_main.dds,349680,referenced-full
texture/lb_barc_main_cn.dds,349680,referenced-full
texture/lb_barc_main_distort.dds,87536,UNREFERENCED
texture/lb_barc_main_noise.dds,87536,referenced-full
texture/lb_barc_misc.dds,87536,referenced-full
texture/lb_barc_misc_cn.dds,87536,referenced-full
texture/lb_gasgano_pod_racer_1.dds,349680,referenced-full
texture/lb_gasgano_pod_racer_1_sm.dds,11088,referenced-full
texture/lb_gasgano_pod_racer_2.dds,349680,referenced-full
texture/lb_gasgano_pod_racer_3.dds,174928,referenced-full
texture/lifeday_banner_s01.dds,43856,referenced-full
texture/lifeday_banner_s02.dds,43856,referenced-full
texture/lifeday_banner_s03.dds,43856,referenced-full
texture/lifeday_bannerpole.dds,87536,referenced-full
texture/lifeday_bannerpole_cn.dds,87536,referenced-full
texture/lifeday_bannerpole_gold.dds,22000,referenced-full
texture/lifeday_bannerpole_gold_cn.dds,22000,referenced-full
texture/lifeday_bannerpole_gold_spec.dds,22000,referenced-full
texture/lifeday_basket.dds,349680,referenced-full
texture/lifeday_basket_cn.dds,349680,referenced-full
texture/lifeday_basket_plant.dds,87536,referenced-full
texture/lifeday_basket_sm.dds,22000,referenced-full
texture/lifeday_bunting_s01.dds,87536,referenced-full
texture/lifeday_bunting_s01_lights.dds,5616,referenced-full
texture/lifeday_bunting_s01_lights_sm.dds,496,referenced-full
texture/lifeday_bunting_s01_sm.dds,5616,referenced-full
texture/lifeday_ent_table.dds,349680,referenced-full
texture/lifeday_globe_2007_globe.dds,22000,UNREFERENCED
texture/lifeday_globe_2007_sling.dds,22000,UNREFERENCED
texture/lifeday_globe_2007_sling_cn.dds,87508,referenced-full
texture/lifeday_mizard.dds,349680,referenced-full
texture/lifeday_mizard_cn.dds,349680,referenced-full
texture/lifeday_mizard_hue.dds,349680,referenced-full
texture/lifeday_mizard_hue_sm.dds,22000,referenced-full
texture/lifeday_presents_bow_s01.dds,22000,UNREFERENCED
texture/lifeday_presents_bow_s02.dds,22000,UNREFERENCED
texture/lifeday_presents_hue_s01.dds,349680,UNREFERENCED
texture/lifeday_presents_hue_s02.dds,349680,UNREFERENCED
texture/lifeday_presents_s01.dds,349680,referenced-full
texture/lifeday_presents_s02.dds,349680,referenced-full
texture/lifeday_tree_dec.dds,22032,referenced-full
texture/lifeday_tree_leaves.dds,87536,referenced-full
texture/lifeday_tree_leaves_sm.dds,5616,referenced-full
texture/lifeday_tree_lights.dds,22032,referenced-full
texture/lifeday_tree_stand.dds,87536,referenced-full
texture/lifeday_tree_stand_cn.dds,87536,referenced-full
texture/lifeday_tree_tall_trunk_cn.dds,87536,referenced-full
texture/lifeday_tree_tall_trunk_deta.dds,87536,referenced-full
texture/lifeday_tree_trunk.dds,174928,referenced-full
texture/lifeday_tree_vine.dds,87536,referenced-full
texture/lifeday_wreath_s1.dds,87536,referenced-full
texture/lifeday_wreath_s1_cn.dds,87536,referenced-full
texture/lifeday_wreath_s1_sm.dds,11064,referenced-full
texture/lifeday_wreath_s1_spec.dds,87536,referenced-full
texture/light_jedi_flag.dds,21992,referenced-full
texture/light_tower.dds,87536,referenced-full
texture/light_tower_bottom.dds,87536,referenced-full
texture/light_tower_bottom_cn.dds,87536,referenced-full
texture/light_tower_cn.dds,87536,referenced-full
texture/light_tower_emis.dds,87536,referenced-full
texture/lightsaberblade_blackwing_a.dds,16512,referenced-full
texture/lightsaberblade_blackwing_b.dds,16512,referenced-full
texture/lightsaberblade_blackwing_c.dds,16512,referenced-full
texture/lightsaberblade_blackwing_d.dds,16512,referenced-full
texture/lightsaberblade_lava_a.dds,22032,referenced-full
texture/lightsaberblade_lava_b.dds,22032,referenced-full
texture/lightsaberblade_lava_c.dds,22032,referenced-full
texture/lightsaberblade_lava_d.dds,22032,referenced-full
texture/lightsaberblade_permafrost_a.dds,16512,referenced-full
texture/lightsaberblade_permafrost_b.dds,16512,referenced-full
texture/lightsaberblade_permafrost_c.dds,16512,referenced-full
texture/lightsaberblade_permafrost_d.dds,16512,referenced-full
texture/living_lamp.dds,87536,referenced-full
texture/living_lamp_cn.dds,87536,referenced-full
texture/living_lamp_globe.dds,22000,referenced-full
texture/living_lamp_globe_sm.dds,5616,referenced-full
texture/living_lamp_sm.dds,5616,referenced-full
texture/loading/dathomir/cities/dathomir_aurilia.dds,65664,UNREFERENCED
texture/loading/dathomir/landmarks/dathomir_stardestroyer1.dds,65664,UNREFERENCED
texture/loading/dathomir/landmarks/dathomir_stardestroyer2.dds,65664,UNREFERENCED
texture/loading/generic/generic_load_avatar_platform.dds,65664,referenced-full
texture/loading/generic/generic_load_neutral_station.dds,65664,referenced-full
texture/loading/generic/generic_load_ord_mantell.dds,65664,referenced-full
texture/loading/hoth/ui_hoth_loading_screen_ne.dds,262272,UNREFERENCED
texture/loading/hoth/ui_hoth_loading_screen_nw.dds,262272,UNREFERENCED
texture/loading/hoth/ui_hoth_loading_screen_se.dds,262272,UNREFERENCED
texture/loading/hoth/ui_hoth_loading_screen_sw.dds,262272,UNREFERENCED
texture/loading/large/large_load_a_speeder_for_me.dds,131200,UNREFERENCED
texture/loading/large/large_load_account_access_data.dds,131200,UNREFERENCED
texture/loading/large/large_load_acolyte_robe.dds,131200,UNREFERENCED
texture/loading/large/large_load_advanced_decay.dds,131200,UNREFERENCED
texture/loading/large/large_load_aeg-77_vigo_gunship.dds,131200,UNREFERENCED
texture/loading/large/large_load_alliance_supply_specialist.dds,131200,UNREFERENCED
texture/loading/large/large_load_alpha_strike.dds,131200,UNREFERENCED
texture/loading/large/large_load_antenna_destruction.dds,131200,UNREFERENCED
texture/loading/large/large_load_arc-170.dds,131200,UNREFERENCED
texture/loading/large/large_load_arc_170.dds,131200,UNREFERENCED
texture/loading/large/large_load_arden_lyn.dds,131200,UNREFERENCED
texture/loading/large/large_load_asteroid_field.dds,131200,UNREFERENCED
texture/loading/large/large_load_at_at.dds,131200,UNREFERENCED
texture/loading/large/large_load_at_st.dds,131200,UNREFERENCED
texture/loading/large/large_load_augwynne.dds,131200,UNREFERENCED
texture/loading/large/large_load_axkva_min.dds,131200,UNREFERENCED
texture/loading/large/large_load_azzenaj.dds,131200,UNREFERENCED
texture/loading/large/large_load_b-wing.dds,131200,UNREFERENCED
texture/loading/large/large_load_back.dds,1048704,UNREFERENCED
texture/loading/large/large_load_back_grey.dds,1048704,UNREFERENCED
texture/loading/large/large_load_bad_feeling.dds,131200,UNREFERENCED
texture/loading/large/large_load_banes_heart.dds,131200,UNREFERENCED
texture/loading/large/large_load_baritha.dds,131200,UNREFERENCED
texture/loading/large/large_load_black_1.dds,131200,UNREFERENCED
texture/loading/large/large_load_black_eliteguard_wilder.dds,131200,UNREFERENCED
texture/loading/large/large_load_black_sun_hitman.dds,131200,UNREFERENCED
texture/loading/large/large_load_blackguard_elite_minion.dds,131200,UNREFERENCED
texture/loading/large/large_load_blackguard_marauder.dds,131200,UNREFERENCED
texture/loading/large/large_load_bloodlust.dds,131200,UNREFERENCED
texture/loading/large/large_load_boba_fett.dds,131200,UNREFERENCED
texture/loading/large/large_load_boba_fett_2.dds,131200,UNREFERENCED
texture/loading/large/large_load_boba_fett_3.dds,131200,UNREFERENCED
texture/loading/large/large_load_boba_fett_4.dds,131200,UNREFERENCED
texture/loading/large/large_load_boba_fett_avatar.dds,131200,UNREFERENCED
texture/loading/large/large_load_boba_fett_avatar_2.dds,131200,UNREFERENCED
texture/loading/large/large_load_boba_fett_promo.dds,131200,UNREFERENCED
texture/loading/large/large_load_bombing_run.dds,131200,UNREFERENCED
texture/loading/large/large_load_borvo_the_hutt.dds,131200,UNREFERENCED
texture/loading/large/large_load_bossk.dds,131200,UNREFERENCED
texture/loading/large/large_load_bowcaster_trooper.dds,131200,UNREFERENCED
texture/loading/large/large_load_breakthrough.dds,131200,UNREFERENCED
texture/loading/large/large_load_bren_derlin.dds,131200,UNREFERENCED
texture/loading/large/large_load_clan_mother_gethzerion.dds,131200,UNREFERENCED
texture/loading/large/large_load_cobra.dds,131200,UNREFERENCED
texture/loading/large/large_load_codex_of_tython.dds,131200,UNREFERENCED
texture/loading/large/large_load_counterfeit_credits.dds,131200,UNREFERENCED
texture/loading/large/large_load_credit_stick.dds,131200,UNREFERENCED
texture/loading/large/large_load_crimson_phoenix.dds,131200,UNREFERENCED
texture/loading/large/large_load_crimson_sword.dds,131200,UNREFERENCED
texture/loading/large/large_load_dark_cave.dds,131200,UNREFERENCED
texture/loading/large/large_load_darth_vader.dds,131200,UNREFERENCED
texture/loading/large/large_load_deadeye_necklace.dds,131200,UNREFERENCED
texture/loading/large/large_load_death_mark.dds,131200,UNREFERENCED
texture/loading/large/large_load_delta-7_light_interceptor.dds,131200,UNREFERENCED
texture/loading/large/large_load_dire_hound.dds,131200,UNREFERENCED
texture/loading/large/large_load_dl19_rifle.dds,131200,UNREFERENCED
texture/loading/large/large_load_duelist_stance.dds,131200,UNREFERENCED
texture/loading/large/large_load_dunelizard_starfighter.dds,131200,UNREFERENCED
texture/loading/large/large_load_easy_money.dds,131200,UNREFERENCED
texture/loading/large/large_load_elbow_grease.dds,131200,UNREFERENCED
texture/loading/large/large_load_elegant_combatants_ring.dds,131200,UNREFERENCED
texture/loading/large/large_load_elite_dark_trooper.dds,131200,UNREFERENCED
texture/loading/large/large_load_elusive.dds,131200,UNREFERENCED
texture/loading/large/large_load_emergency_thrust.dds,131200,UNREFERENCED
texture/loading/large/large_load_emperor_palpatine.dds,131200,UNREFERENCED
texture/loading/large/large_load_empire_day_leia_organa.dds,131200,UNREFERENCED
texture/loading/large/large_load_empire_day_vader.dds,131200,UNREFERENCED
texture/loading/large/large_load_empires_new_order.dds,131200,UNREFERENCED
texture/loading/large/large_load_environmental_purge.dds,131200,UNREFERENCED
texture/loading/large/large_load_ethereal_spirit_(ben_kenobi).dds,131200,UNREFERENCED
texture/loading/large/large_load_fan_shot.dds,131200,UNREFERENCED
texture/loading/large/large_load_fancy_combatants_ring.dds,131200,UNREFERENCED
texture/loading/large/large_load_fate_of_the_galaxy.dds,131200,UNREFERENCED
texture/loading/large/large_load_feeling_lucky.dds,131200,UNREFERENCED
texture/loading/large/large_load_fiscal_policy.dds,131200,UNREFERENCED
texture/loading/large/large_load_flu_like_symptons.dds,131200,UNREFERENCED
texture/loading/large/large_load_force_corruption.dds,131200,UNREFERENCED
texture/loading/large/large_load_force_crystal.dds,131200,UNREFERENCED
texture/loading/large/large_load_force_regeneration.dds,131200,UNREFERENCED
texture/loading/large/large_load_forsake_fear.dds,131200,UNREFERENCED
texture/loading/large/large_load_fragmentation_grenade.dds,131200,UNREFERENCED
texture/loading/large/large_load_gorvo.dds,131200,UNREFERENCED
texture/loading/large/large_load_grenade_toss.dds,131200,UNREFERENCED
texture/loading/large/large_load_han.dds,131200,UNREFERENCED
texture/loading/large/large_load_han_solo.dds,131200,UNREFERENCED
texture/loading/large/large_load_han_solos_blaster.dds,131200,UNREFERENCED
texture/loading/large/large_load_hat_whip_items.dds,131200,UNREFERENCED
texture/loading/large/large_load_hit_and_fade.dds,131200,UNREFERENCED
texture/loading/large/large_load_holocron_fragment.dds,131200,UNREFERENCED
texture/loading/large/large_load_holocron_of_heresies.dds,131200,UNREFERENCED
texture/loading/large/large_load_hoth_geode.dds,131200,UNREFERENCED
texture/loading/large/large_load_hunger.dds,131200,UNREFERENCED
texture/loading/large/large_load_identify_weakness.dds,131200,UNREFERENCED
texture/loading/large/large_load_ig_88.dds,131200,UNREFERENCED
texture/loading/large/large_load_illiv_orfa.dds,131200,UNREFERENCED
texture/loading/large/large_load_imperial_celebration_organizer.dds,131200,UNREFERENCED
texture/loading/large/large_load_imperial_general.dds,131200,UNREFERENCED
texture/loading/large/large_load_imperial_guard_tie_interceptor.dds,131200,UNREFERENCED
texture/loading/large/large_load_imperial_major.dds,131200,UNREFERENCED
texture/loading/large/large_load_imperial_marksman.dds,131200,UNREFERENCED
texture/loading/large/large_load_imperial_navy_pilot.dds,131200,UNREFERENCED
texture/loading/large/large_load_imperial_pilot_coordinator.dds,131200,UNREFERENCED
texture/loading/large/large_load_infection.dds,131200,UNREFERENCED
texture/loading/large/large_load_initiative.dds,131200,UNREFERENCED
texture/loading/large/large_load_its_a_trap.dds,131200,UNREFERENCED
texture/loading/large/large_load_jabba_the_hutt_final.dds,131200,UNREFERENCED
texture/loading/large/large_load_jedi_interceptor.dds,131200,UNREFERENCED
texture/loading/large/large_load_kath_scarlet.dds,131200,UNREFERENCED
texture/loading/large/large_load_kath_scarlet_avatar.dds,131200,UNREFERENCED
texture/loading/large/large_load_krayt_pearl.dds,131200,UNREFERENCED
texture/loading/large/large_load_kse_firespray.dds,131200,UNREFERENCED
texture/loading/large/large_load_lady_hutts_delivery.dds,131200,UNREFERENCED
texture/loading/large/large_load_lando.dds,131200,UNREFERENCED
texture/loading/large/large_load_lava_flea_hunt.dds,131200,UNREFERENCED
texture/loading/large/large_load_lava_mining.dds,131200,UNREFERENCED
texture/loading/large/large_load_lava_skiff.dds,131200,UNREFERENCED
texture/loading/large/large_load_leave_the_city.dds,131200,UNREFERENCED
texture/loading/large/large_load_leia.dds,131200,UNREFERENCED
texture/loading/large/large_load_lonely_five.dds,131200,UNREFERENCED
texture/loading/large/large_load_lord_of_war.dds,131200,UNREFERENCED
texture/loading/large/large_load_luke.dds,131200,UNREFERENCED
texture/loading/large/large_load_lurrexu.dds,131200,UNREFERENCED
texture/loading/large/large_load_mandalorian_helmet.dds,131200,UNREFERENCED
texture/loading/large/large_load_mara_jade.dds,131200,UNREFERENCED
texture/loading/large/large_load_mellichae.dds,131200,UNREFERENCED
texture/loading/large/large_load_millennium_falcon.dds,131200,UNREFERENCED
texture/loading/large/large_load_millennium_falcon_2.dds,131200,UNREFERENCED
texture/loading/large/large_load_misdirected_anger.dds,131200,UNREFERENCED
texture/loading/large/large_load_missile_crate.dds,131200,UNREFERENCED
texture/loading/large/large_load_morathax.dds,131200,UNREFERENCED
texture/loading/large/large_load_mysterious_crate.dds,131200,UNREFERENCED
texture/loading/large/large_load_naboo_n-1_starfighter.dds,131200,UNREFERENCED
texture/loading/large/large_load_naktra_crystal.dds,131200,UNREFERENCED
texture/loading/large/large_load_nandina.dds,131200,UNREFERENCED
texture/loading/large/large_load_nightsister_elder.dds,131200,UNREFERENCED
texture/loading/large/large_load_nightsister_energy_lance.dds,131200,UNREFERENCED
texture/loading/large/large_load_nightsister_force_crystal.dds,131200,UNREFERENCED
texture/loading/large/large_load_nightsister_initiate.dds,131200,UNREFERENCED
texture/loading/large/large_load_nightsister_instigator.dds,131200,UNREFERENCED
texture/loading/large/large_load_nightsister_lightwhip.dds,131200,UNREFERENCED
texture/loading/large/large_load_nightsister_lorekeeper.dds,131200,UNREFERENCED
texture/loading/large/large_load_nightsister_outcast.dds,131200,UNREFERENCED
texture/loading/large/large_load_nightsister_patrol_leader.dds,131200,UNREFERENCED
texture/loading/large/large_load_nightsister_sentinal.dds,131200,UNREFERENCED
texture/loading/large/large_load_nightsister_sentry.dds,131200,UNREFERENCED
texture/loading/large/large_load_nightsister_spell_weaver.dds,131200,UNREFERENCED
texture/loading/large/large_load_nightsister_stalker.dds,131200,UNREFERENCED
texture/loading/large/large_load_nightwitch_sister.dds,131200,UNREFERENCED
texture/loading/large/large_load_onyx4.dds,131200,UNREFERENCED
texture/loading/large/large_load_oola.dds,131200,UNREFERENCED
texture/loading/large/large_load_orbital_bombardment.dds,131200,UNREFERENCED
texture/loading/large/large_load_outrider.dds,131200,UNREFERENCED
texture/loading/large/large_load_padawan_training.dds,131200,UNREFERENCED
texture/loading/large/large_load_paint_target.dds,131200,UNREFERENCED
texture/loading/large/large_load_palpatines_personal.dds,131200,UNREFERENCED
texture/loading/large/large_load_path_of_evil.dds,131200,UNREFERENCED
texture/loading/large/large_load_pirate_trap.dds,131200,UNREFERENCED
texture/loading/large/large_load_pooja_naberrie.dds,131200,UNREFERENCED
texture/loading/large/large_load_power_of_the_dark_side.dds,131200,UNREFERENCED
texture/loading/large/large_load_reanimated_acklay.dds,131200,UNREFERENCED
texture/loading/large/large_load_reanimated_adventurer.dds,131200,UNREFERENCED
texture/loading/large/large_load_reanimated_citizen.dds,131200,UNREFERENCED
texture/loading/large/large_load_reanimated_ithorian.dds,131200,UNREFERENCED
texture/loading/large/large_load_reanimated_prisoner.dds,131200,UNREFERENCED
texture/loading/large/large_load_reanimated_rancor.dds,131200,UNREFERENCED
texture/loading/large/large_load_reanimated_trooper.dds,131200,UNREFERENCED
texture/loading/large/large_load_reanimated_wookiee.dds,131200,UNREFERENCED
texture/loading/large/large_load_rebel_heavy_trooper.dds,131200,UNREFERENCED
texture/loading/large/large_load_rebel_sharpshooter.dds,131200,UNREFERENCED
texture/loading/large/large_load_red-5.dds,131200,UNREFERENCED
texture/loading/large/large_load_red_color_crystal.dds,131200,UNREFERENCED
texture/loading/large/large_load_remote_detonator.dds,131200,UNREFERENCED
texture/loading/large/large_load_remove_aggression.dds,131200,UNREFERENCED
texture/loading/large/large_load_rendezvous_point.dds,131200,UNREFERENCED
texture/loading/large/large_load_rianna_saren.dds,131200,UNREFERENCED
texture/loading/large/large_load_rifle_efficiency.dds,131200,UNREFERENCED
texture/loading/large/large_load_rocket_launcher.dds,131200,UNREFERENCED
texture/loading/large/large_load_rodan_dancer.dds,131200,UNREFERENCED
texture/loading/large/large_load_rodian_hunters_medallion.dds,131200,UNREFERENCED
texture/loading/large/large_load_rout.dds,131200,UNREFERENCED
texture/loading/large/large_load_sabotage_run.dds,131200,UNREFERENCED
texture/loading/large/large_load_salacious_crumb.dds,131200,UNREFERENCED
texture/loading/large/large_load_sayormi_witch.dds,131200,UNREFERENCED
texture/loading/large/large_load_scyk_interceptor.dds,131200,UNREFERENCED
texture/loading/large/large_load_seizures.dds,131200,UNREFERENCED
texture/loading/large/large_load_setup.dds,131200,UNREFERENCED
texture/loading/large/large_load_sickness_of_the_wookiees.dds,131200,UNREFERENCED
texture/loading/large/large_load_side_arm_accuracy.dds,131200,UNREFERENCED
texture/loading/large/large_load_silri.dds,131200,UNREFERENCED
texture/loading/large/large_load_singing_champ.dds,131200,UNREFERENCED
texture/loading/large/large_load_singing_mountain_arch_witch.dds,131200,UNREFERENCED
texture/loading/large/large_load_singing_mountain_councilwoman.dds,131200,UNREFERENCED
texture/loading/large/large_load_singing_mountain_defender.dds,131200,UNREFERENCED
texture/loading/large/large_load_singing_mountain_dragoon.dds,131200,UNREFERENCED
texture/loading/large/large_load_singing_mountain_elder.dds,131200,UNREFERENCED
texture/loading/large/large_load_singing_mountain_guardian.dds,131200,UNREFERENCED
texture/loading/large/large_load_singing_mountain_huntress.dds,131200,UNREFERENCED
texture/loading/large/large_load_singing_mountain_initiate.dds,131200,UNREFERENCED
texture/loading/large/large_load_singing_mountain_rancor.dds,131200,UNREFERENCED
texture/loading/large/large_load_singing_mountain_rancor_trainer.dds,131200,UNREFERENCED
texture/loading/large/large_load_singing_mountain_scout.dds,131200,UNREFERENCED
texture/loading/large/large_load_singing_mountain_sentinel.dds,131200,UNREFERENCED
texture/loading/large/large_load_singing_mountain_sentry.dds,131200,UNREFERENCED
texture/loading/large/large_load_singing_mountain_sister.dds,131200,UNREFERENCED
texture/loading/large/large_load_singing_mountain_tyro.dds,131200,UNREFERENCED
texture/loading/large/large_load_sister_chastina.dds,131200,UNREFERENCED
texture/loading/large/large_load_sith_amulet.dds,131200,UNREFERENCED
texture/loading/large/large_load_sith_death_mark.dds,131200,UNREFERENCED
texture/loading/large/large_load_sith_holocron.dds,131200,UNREFERENCED
texture/loading/large/large_load_sith_shadow_thug.dds,131200,UNREFERENCED
texture/loading/large/large_load_slave_one.dds,131200,UNREFERENCED
texture/loading/large/large_load_slicer_engineer.dds,131200,UNREFERENCED
texture/loading/large/large_load_sniper_shot.dds,131200,UNREFERENCED
texture/loading/large/large_load_spiderclan_acolyte.dds,131200,UNREFERENCED
texture/loading/large/large_load_spiderclan_protector.dds,131200,UNREFERENCED
texture/loading/large/large_load_spirit_of_corellia.dds,131200,UNREFERENCED
texture/loading/large/large_load_steal.dds,131200,UNREFERENCED
texture/loading/large/large_load_stinger.dds,131200,UNREFERENCED
texture/loading/large/large_load_stormtrooper_commando.dds,131200,UNREFERENCED
texture/loading/large/large_load_strangulation.dds,131200,UNREFERENCED
texture/loading/large/large_load_sure_shot.dds,131200,UNREFERENCED
texture/loading/large/large_load_surveyors_bracelet.dds,131200,UNREFERENCED
texture/loading/large/large_load_thrawn.dds,131200,UNREFERENCED
texture/loading/large/large_load_tie_in_fighter.dds,131200,UNREFERENCED
texture/loading/large/large_load_tie_interceptor.dds,131200,UNREFERENCED
texture/loading/large/large_load_tie_pilot_helmet.dds,131200,UNREFERENCED
texture/loading/large/large_load_timer_reset.dds,131200,UNREFERENCED
texture/loading/large/large_load_toughness.dds,131200,UNREFERENCED
texture/loading/large/large_load_transmission.dds,131200,UNREFERENCED
texture/loading/large/large_load_trials_of_the_blackguard.dds,131200,UNREFERENCED
texture/loading/large/large_load_unauthorized_access.dds,131200,UNREFERENCED
texture/loading/large/large_load_unquenchable_wrath.dds,131200,UNREFERENCED
texture/loading/large/large_load_urban_combat.dds,131200,UNREFERENCED
texture/loading/large/large_load_vader.dds,131200,UNREFERENCED
texture/loading/large/large_load_vaders_custom.dds,131200,UNREFERENCED
texture/loading/large/large_load_vansk.dds,131200,UNREFERENCED
texture/loading/large/large_load_virago.dds,131200,UNREFERENCED
texture/loading/large/large_load_watto.dds,131200,UNREFERENCED
texture/loading/large/large_load_wattos_shop.dds,131200,UNREFERENCED
texture/loading/large/large_load_wedge_antilles.dds,131200,UNREFERENCED
texture/loading/large/large_load_windus_guile.dds,131200,UNREFERENCED
texture/loading/large/large_load_wookiee_brawler.dds,131200,UNREFERENCED
texture/loading/large/large_load_wookiee_chieftain.dds,131200,UNREFERENCED
texture/loading/large/large_load_wookiee_defender.dds,131200,UNREFERENCED
texture/loading/large/large_load_wookiee_freedom_fighter.dds,131200,UNREFERENCED
texture/loading/large/large_load_wookiee_guard.dds,131200,UNREFERENCED
texture/loading/large/large_load_wookiee_male.dds,131200,UNREFERENCED
texture/loading/large/large_load_wookiee_villager.dds,131200,UNREFERENCED
texture/loading/large/large_load_wrhisch.dds,131200,UNREFERENCED
texture/loading/large/large_load_x_wing.dds,131200,UNREFERENCED
texture/loading/large/large_load_y-8_mining_ship.dds,131200,UNREFERENCED
texture/loading/large/large_load_y_wing.dds,131200,UNREFERENCED
texture/loading/large/large_load_ykl_37r_nova_courier.dds,131200,UNREFERENCED
texture/loading/space/images/heavyweapons_shot.dds,349680,referenced-full
texture/loading/space/images/imp_scout_armor.dds,262272,UNREFERENCED
texture/loading/space/images/smuggler_officer.dds,262272,referenced-full
texture/loading/space/images/ui_thm_of_day_ch6.dds,262272,UNREFERENCED
texture/loading/space/space_load_avatar_platform.dds,262272,referenced-full
texture/loading/space/space_load_neutral_station.dds,262272,referenced-full
texture/loading/space/space_load_ord_mantell.dds,262272,referenced-full
texture/loading/toow/images/toow_load_redhot.dds,262272,UNREFERENCED
texture/loading/toow/ui_toow_loading_screen_ne.dds,262272,referenced-full
texture/loading/toow/ui_toow_loading_screen_nw.dds,262272,referenced-full
texture/loading/toow/ui_toow_loading_screen_se.dds,131200,referenced-full
texture/loading/toow/ui_toow_loading_screen_sw.dds,131200,referenced-full
texture/lod_aurilia_ship.dds,87536,referenced-full
texture/lod_aurilia_ship_emis.dds,87536,referenced-full
texture/lod_dark_jedi_lair.dds,87536,referenced-full
texture/lod_ply_gen_s01_a.dds,22000,referenced-full
texture/lod_ply_gen_s01_b.dds,22000,referenced-full
texture/lod_ply_gen_s01_c.dds,22000,referenced-full
texture/lod_ply_gen_s01_d.dds,22000,referenced-full
texture/lod_ply_gen_s02_a.dds,22000,referenced-full
texture/lod_ply_gen_s02_c.dds,22000,referenced-full
texture/lod_ply_nboo_smhouse_s01_a.dds,174928,referenced-full
texture/lod_ply_nboo_smhouse_s01_b.dds,87536,referenced-full
texture/lod_ply_nboo_smhouse_s01_c.dds,87536,referenced-full
texture/lod_poi_all_force_bandit_generator.dds,87536,referenced-basename
texture/lod_poi_all_force_bandit_generator_e.dds,87536,referenced-basename
texture/lod_poi_talus_jeditemple_watchtower.dds,43832,referenced-basename
texture/loot_disk.dds,11064,referenced-full
texture/love_bouquet.dds,87536,referenced-full
texture/love_bouquet_hue.dds,87536,referenced-full
texture/love_bouquet_tie.dds,87536,referenced-full
texture/loveday_halo.dds,5648,referenced-full
texture/loveday_halo_cn.dds,5648,referenced-full
texture/loveday_halo_emis.dds,5648,referenced-full
texture/loveday_halo_hue.dds,5648,referenced-full
texture/loveday_halo_hue_sm.dds,1552,referenced-full
texture/loveday_halo_hueb.dds,5648,referenced-full
texture/loveday_halo_hueb_sm.dds,1552,referenced-full
texture/loveday_halo_sm.dds,1552,referenced-full
texture/loveday_red.dds,1520,referenced-full
texture/luxum_crystal_shard.dds,87536,referenced-full
texture/luxum_crystal_shard_sm.dds,22000,referenced-full
texture/ma3_mark_1.dds,349680,referenced-full
texture/ma3_mark_1_cn.dds,349680,referenced-full
texture/ma3_mark_1_emis.dds,87536,referenced-full
texture/ma3_mark_1_sm.dds,22000,referenced-full
texture/ma3_mark_1_sm_emis.dds,5616,referenced-full
texture/ma3_mark_2.dds,349680,referenced-full
texture/ma3_mark_2_cn.dds,349680,referenced-full
texture/ma3_mark_2_emis.dds,87536,referenced-full
texture/ma3_mark_2_sm.dds,22000,referenced-full
texture/ma3_mark_2_sm_emis.dds,22000,referenced-full
texture/ma3_mark_2_vehicle.dds,349680,referenced-full
texture/ma3_mark_2_vehicle_cn.dds,349680,referenced-full
texture/ma3_mark_2_vehicle_emis.dds,87536,referenced-full
texture/ma3_mark_2_vehicle_sm.dds,22000,referenced-full
texture/ma3_mark_2_vehicle_sm_emis.dds,22000,referenced-full
texture/ma3_mark_3.dds,349680,referenced-full
texture/ma3_mark_3_cn.dds,349680,referenced-full
texture/ma3_mark_3_emis.dds,349680,referenced-full
texture/ma3_mark_3_sm.dds,22000,referenced-full
texture/man_invisible.dds,240,referenced-full
texture/mandalorian_jetpack.dds,43832,referenced-full
texture/mandalorian_jetpack_cn.dds,87536,referenced-full
texture/mandalorian_jetpack_sm.dds,2872,referenced-full
texture/mark_iv_droid.dds,87536,referenced-full
texture/mark_iv_droid_cn.dds,87536,referenced-full
texture/mark_iv_droid_hue.dds,87536,referenced-full
texture/mark_iv_droid_sm.dds,2872,referenced-full
texture/mark_iv_droid_sm_hue.dds,5616,referenced-full
texture/mark_iv_droid_spec.dds,43832,UNREFERENCED
texture/massassi_2h_main_lb.dds,43856,referenced-full
texture/massassi_lance_lb.dds,43856,referenced-full
texture/massassi_sword_main_lb.dds,43856,referenced-full
texture/massiff.dds,349680,referenced-full
texture/massiff_cn.dds,349680,referenced-full
texture/massiff_sm.dds,22000,referenced-full
texture/massiff_spec.dds,349680,referenced-full
texture/mawhonical_pod_racer_chair.dds,87536,referenced-full
texture/mawhonical_pod_racer_chair_cn.dds,87536,referenced-full
texture/mawhonical_pod_racer_cockpit.dds,349680,referenced-full
texture/mawhonical_pod_racer_cockpit_cn.dds,349680,referenced-full
texture/mawhonical_pod_racer_engine.dds,349680,referenced-full
texture/mawhonical_pod_racer_engine_cn.dds,349680,referenced-full
texture/meat_c.dds,11064,referenced-full
texture/meatlump_crown.dds,87536,referenced-full
texture/meatlump_crown_cn.dds,87536,referenced-full
texture/meatlump_crown_sm.dds,22000,referenced-full
texture/meatlump_crown_tassle.dds,174928,referenced-full
texture/meatlump_king_01.dds,349680,referenced-full
texture/meatlump_king_01_sm.dds,87536,referenced-full
texture/mechno_chair.dds,87536,referenced-full
texture/mechno_chair_cn.dds,87536,referenced-full
texture/mechno_chair_sm.dds,2872,referenced-full
texture/melee_onehanded_sword_rebel.dds,22032,referenced-full
texture/melee_onehanded_sword_rebel_sm.dds,5648,referenced-full
texture/metal_pole.dds,5616,referenced-full
texture/metal_ribbon_sticks_hue.dds,1520,referenced-full
texture/mini_sarlacc.dds,349680,referenced-full
texture/mini_sarlacc_can_emis_s01.dds,174928,referenced-full
texture/mini_sarlacc_can_emis_s02.dds,174928,referenced-full
texture/mini_sarlacc_can_s01.dds,174928,referenced-full
texture/mini_sarlacc_can_s02.dds,174928,referenced-full
texture/mini_sarlacc_sm_s01.dds,43856,referenced-full
texture/mini_sarlacc_sm_s02.dds,43856,referenced-full
texture/mon_eyes_zombie.dds,2872,referenced-full
texture/mon_eyes_zombie_sm.dds,312,referenced-full
texture/mon_f_body_zombie.dds,174928,referenced-full
texture/mon_f_body_zombie_cn.dds,174928,referenced-full
texture/mon_f_body_zombie_sm.dds,5608,referenced-full
texture/mon_f_face_zombie.dds,87536,referenced-full
texture/mon_f_face_zombie_cn.dds,87536,referenced-full
texture/mon_f_face_zombie_sm.dds,2872,referenced-full
texture/mon_f_skull_spot00_zombie.dds,43856,referenced-full
texture/mon_f_skull_spot00_zombie_cn.dds,43856,referenced-full
texture/mon_f_skull_spot00_zombie_sm.dds,1512,referenced-full
texture/mon_m_body_zombie.dds,174928,referenced-full
texture/mon_m_body_zombie_cn.dds,174928,referenced-full
texture/mon_m_body_zombie_sm.dds,5608,referenced-full
texture/mon_m_face_zombie.dds,87536,referenced-full
texture/mon_m_face_zombie_cn.dds,87536,referenced-full
texture/mon_m_face_zombie_sm.dds,2872,referenced-full
texture/mon_m_skull_spot00_zombie.dds,43856,referenced-full
texture/mon_m_skull_spot00_zombie_cn.dds,43856,referenced-full
texture/mon_m_skull_spot00_zombie_sm.dds,1512,referenced-full
texture/moon_chains.dds,11152,referenced-full
texture/moon_deathstar.dds,65664,referenced-full
texture/moon_deathstar1.dds,65664,referenced-full
texture/moon_deathstar2.dds,65664,referenced-full
texture/moon_deathstar3.dds,65664,referenced-full
texture/moon_decal.dds,349680,referenced-full
texture/moon_decal_s02.dds,349680,referenced-full
texture/moon_decal_s03.dds,349680,referenced-full
texture/moon_effigy_a.dds,87536,referenced-full
texture/moon_effigy_a_cn.dds,87536,referenced-full
texture/moon_effigy_b.dds,22000,referenced-full
texture/moon_effigy_sm.dds,22000,referenced-full
texture/moon_humanoid_skeli.dds,87536,referenced-full
texture/moon_humanoid_skeli_cn.dds,87536,referenced-full
texture/moon_humanoid_skeli_sm.dds,5616,referenced-full
texture/moon_lamps_sm.dds,5616,referenced-full
texture/moon_light_detl.dds,174904,referenced-full
texture/moon_lights_ropes.dds,87536,referenced-full
texture/moon_lights_ropes_cn.dds,87536,referenced-full
texture/moon_lights_ropes_emis.dds,87536,referenced-full
texture/moon_melon_s01.dds,349680,referenced-full
texture/moon_melon_s01_cn.dds,349680,referenced-full
texture/moon_melon_s01_emis.dds,349680,referenced-full
texture/moon_melon_s02.dds,349680,referenced-full
texture/moon_melon_s02_cn.dds,349680,referenced-full
texture/moon_melon_s02_emis.dds,349680,referenced-full
texture/moon_melon_s03.dds,349680,referenced-full
texture/moon_melon_s03_cn.dds,349680,referenced-full
texture/moon_melon_s03_emis.dds,349680,referenced-full
texture/moon_melon_s04.dds,349680,referenced-full
texture/moon_melon_s04_cn.dds,349680,referenced-full
texture/moon_melon_s04_emis.dds,349680,referenced-full
texture/moon_melon_s05.dds,349680,referenced-full
texture/moon_melon_s05_cn.dds,349680,referenced-full
texture/moon_melon_s05_emis.dds,349680,referenced-full
texture/moon_melon_vine.dds,43856,referenced-full
texture/moon_muck.dds,22000,referenced-full
texture/moon_muck_ooze.dds,22000,referenced-full
texture/moon_painting.dds,349680,referenced-full
texture/moon_plant_s01.dds,349680,referenced-full
texture/moon_scarecrow_01_a.dds,87536,referenced-full
texture/moon_scarecrow_01_a_cn.dds,87536,referenced-full
texture/moon_scarecrow_01_b.dds,87536,referenced-full
texture/moon_scarecrow_01_b_cn.dds,87536,referenced-full
texture/moon_scarecrow_01_sm.dds,11088,referenced-full
texture/moon_scarecrow_02.dds,174928,referenced-full
texture/moon_scarecrow_02_cn.dds,174928,referenced-full
texture/moon_scarecrow_02_sm.dds,11088,referenced-full
texture/moon_scarecrow_03_a.dds,87536,referenced-full
texture/moon_scarecrow_03_a_cn.dds,87536,referenced-full
texture/moon_scarecrow_03_a_sm.dds,5616,referenced-full
texture/moon_scarecrow_03_b.dds,87536,referenced-full
texture/moon_scarecrow_03_b_cn.dds,87536,referenced-full
texture/moon_scarecrow_03_b_sm.dds,5616,referenced-full
texture/moon_street_lamp.dds,87536,referenced-full
texture/moon_street_lamp_cn.dds,87536,referenced-full
texture/moon_street_lamp_emis.dds,22000,referenced-full
texture/moon_street_lamp_emis_sm.dds,1520,UNREFERENCED
texture/moon_street_lamp_sm.dds,5616,referenced-full
texture/moon_struts.dds,87536,referenced-full
texture/moon_struts_cn.dds,87536,referenced-full
texture/moon_totem_s01_hide_s01.dds,43832,referenced-full
texture/moon_totem_s01_hide_s01_cn.dds,87536,referenced-full
texture/moon_totem_s01_sm.dds,11064,referenced-full
texture/moon_totem_s01_wood_s01.dds,43832,referenced-full
texture/moon_totem_s01_wood_s01_cn.dds,87536,referenced-full
texture/moon_vendor.dds,349680,referenced-full
texture/moon_vendor_cn.dds,349680,referenced-full
texture/moon_vendor_jacket.dds,349680,referenced-full
texture/moon_vendor_jacket_cn.dds,349680,referenced-full
texture/moon_vendor_sm.dds,87536,referenced-full
texture/moon_web_s01.dds,87536,referenced-full
texture/moon_web_s02.dds,87536,referenced-full
texture/msc_exar_kun_broach.dds,22000,referenced-full
texture/msc_exar_kun_broach_cn.dds,22000,referenced-full
texture/msc_gackle_bat_wing.dds,87536,referenced-full
texture/msc_gravesite_earth.dds,349680,referenced-full
texture/msc_gravesite_earth_cn.dds,349680,referenced-full
texture/msc_gravesite_earth_med.dds,87536,referenced-full
texture/msc_gravesite_earth_med_cn.dds,87536,referenced-full
texture/msc_gravesite_earth_sm.dds,87536,referenced-full
texture/msc_gravesite_flowerstalk.dds,174928,referenced-full
texture/msc_gravesite_no_stone_earth.dds,349680,referenced-full
texture/msc_gravesite_no_stone_earth_cn.dds,349680,referenced-full
texture/msc_gravesite_no_stone_earth_med.dds,87536,referenced-basename
texture/msc_gravesite_no_stone_earth_med_cn.dds,87536,referenced-basename
texture/msc_gravesite_no_stone_earth_sm.dds,87536,referenced-full
texture/msc_gravesite_no_stone_flowerstalk.dds,174928,referenced-basename
texture/msc_gravesite_no_stone_petals.dds,87536,referenced-full
texture/msc_gravesite_no_stone_vines.dds,87536,referenced-full
texture/msc_gravesite_petals.dds,87536,referenced-full
texture/msc_gravesite_stone.dds,87536,referenced-full
texture/msc_gravesite_stone_cn.dds,87536,referenced-full
texture/msc_gravesite_stone_sm.dds,22000,referenced-full
texture/msc_gravesite_vines.dds,87536,referenced-full
texture/mun_all_body_zombie.dds,174904,referenced-full
texture/mun_all_body_zombie_sm.dds,2872,referenced-full
texture/mun_all_deathtrooper_pile.dds,349680,referenced-full
texture/mun_all_deathtrooper_pile_cn.dds,349680,referenced-full
texture/mun_all_deathtrooper_pile_sm.dds,2872,referenced-full
texture/mun_all_face_zombie.dds,43832,referenced-full
texture/mun_all_face_zombie_sm.dds,2872,referenced-full
texture/mun_all_hasty_walls_a.dds,87536,referenced-full
texture/mun_all_hasty_walls_a_cn.dds,87536,UNREFERENCED
texture/mun_all_hasty_walls_a_sm.dds,5616,UNREFERENCED
texture/mun_all_hasty_walls_b.dds,87536,referenced-full
texture/mun_all_hasty_walls_b_cn.dds,87536,UNREFERENCED
texture/mun_all_hasty_walls_b_sm.dds,2872,UNREFERENCED
texture/mun_all_head_zombie.dds,43832,referenced-full
texture/mun_all_head_zombie_sm.dds,2872,referenced-full
texture/mun_all_zombie_wall.dds,87536,referenced-full
texture/mun_all_zombie_wall_cn.dds,87536,referenced-full
texture/mun_all_zombie_wall_sm.dds,2872,referenced-full
texture/mun_moon_sign.dds,87536,referenced-full
texture/mun_moon_sign_cn.dds,87536,referenced-full
texture/mun_moon_sign_sm.dds,5616,referenced-full
texture/mun_yoda_fountain_base.dds,87536,referenced-full
texture/mun_yoda_fountain_base_cn.dds,1520,referenced-full
texture/mun_yoda_fountain_base_sm.dds,5616,referenced-full
texture/mun_yoda_fountain_face.dds,87536,referenced-full
texture/mun_yoda_fountain_face_cn.dds,87536,referenced-full
texture/mun_yoda_fountain_face_sm.dds,5616,referenced-full
texture/mun_yoda_fountain_robe.dds,87536,referenced-full
texture/mun_yoda_fountain_robe_cn.dds,87536,referenced-full
texture/mun_yoda_fountain_robe_sm.dds,5616,referenced-full
texture/mus_mining_control_floor_trim.dds,43856,referenced-full
texture/must_cave_lava.dds,87536,referenced-full
texture/must_cave_lava_e.dds,87536,referenced-full
texture/must_cave_rock_lava2ceiling_blend.dds,87536,referenced-basename
texture/must_cave_rock_lava2floor_blend.dds,87536,referenced-full
texture/must_cave_rock_lava2floor_blend_e.dds,87536,referenced-basename
texture/must_cave_rock_lava_ceiling.dds,87536,referenced-full
texture/must_cave_rock_lava_floor.dds,87536,referenced-full
texture/must_cave_rock_lava_floor2wall2_blend.dds,87536,referenced-basename
texture/must_cave_rock_lava_wall2floor2_blend.dds,87536,referenced-basename
texture/must_cave_rock_lava_wall2floor_blend.dds,87536,referenced-basename
texture/must_conf_monitor.dds,349680,referenced-full
texture/must_conf_monitor_02.dds,349680,referenced-full
texture/must_conf_monitor_e.dds,349680,referenced-full
texture/must_df_exterior_diffuse_a.dds,349680,referenced-full
texture/must_df_exterior_diffuse_a_cn.dds,349680,referenced-full
texture/must_df_exterior_diffuse_a_emis.dds,87536,referenced-full
texture/must_df_exterior_diffuse_b.dds,349680,referenced-full
texture/must_df_exterior_diffuse_b_cn.dds,349680,referenced-full
texture/must_df_exterior_diffuse_b_emis.dds,87536,referenced-full
texture/must_df_exterior_diffuse_c.dds,349680,referenced-full
texture/must_df_exterior_diffuse_c_cn.dds,349680,referenced-full
texture/must_df_exterior_diffuse_med.dds,174928,referenced-full
texture/must_df_exterior_diffuse_med_emis.dds,87536,referenced-basename
texture/must_df_exterior_diffuse_sm.dds,43856,referenced-full
texture/must_df_exterior_dirt.dds,87536,referenced-full
texture/must_df_exterior_door.dds,174928,referenced-full
texture/must_df_exterior_door_cn.dds,174928,UNREFERENCED
texture/must_df_hk47pod_b.dds,349680,referenced-full
texture/must_df_hk47pod_b1.dds,349680,referenced-full
texture/must_df_hk47pod_b1_dio.dds,349680,referenced-full
texture/must_df_hk47pod_b2.dds,349680,referenced-full
texture/must_df_hk47pod_b2_dio.dds,349680,referenced-full
texture/must_df_hk47pod_b_dio.dds,349680,referenced-full
texture/must_df_hk47pod_glass.dds,43856,referenced-full
texture/must_df_hk47pod_hk47.dds,87536,referenced-full
texture/must_df_hk47pod_hk47_dio.dds,87536,UNREFERENCED
texture/must_df_impl_floor_a_dirt_4way.dds,87536,referenced-full
texture/must_df_impl_floor_a_edged.dds,349680,referenced-full
texture/must_df_impl_floor_b_doorways.dds,87536,referenced-full
texture/must_df_impl_floor_b_doorways_dio.dds,87536,referenced-basename
texture/must_df_impl_floor_c.dds,349680,referenced-full
texture/must_df_impl_floor_c_dio.dds,349680,UNREFERENCED
texture/must_df_impl_int_details_b.dds,43832,referenced-full
texture/must_df_impl_int_details_bunker_a.dds,349680,referenced-basename
texture/must_df_impl_int_singlelight.dds,5608,referenced-full
texture/must_df_impl_int_wall_a_withdoor.dds,87536,referenced-basename
texture/must_df_impl_int_wall_b_blank.dds,349680,referenced-full
texture/must_df_impl_int_wall_b_blank_dio.dds,349680,referenced-basename
texture/must_df_impl_int_wall_b_vents.dds,349680,referenced-full
texture/must_df_impl_int_wall_b_wspec.dds,349680,referenced-full
texture/must_df_impl_int_wall_metal.dds,43832,referenced-full
texture/must_df_impl_int_wall_metal_dio.dds,43832,referenced-full
texture/must_df_impl_metal_detail_b.dds,43832,referenced-full
texture/must_df_intr_medicallight_a.dds,22032,referenced-full
texture/must_df_intr_medicalroof_a_4way.dds,43832,referenced-full
texture/must_df_spaceport_luma_lightstrip1_w_emis.dds,174928,referenced-basename
texture/must_df_spaceport_luma_lightstrip2_w_emis.dds,174928,referenced-basename
texture/must_df_spaceport_metl_panel4_w_emis.dds,87536,referenced-basename
texture/must_df_spaceport_metl_panel5_w_emis.dds,174928,referenced-basename
texture/must_df_spaceport_metl_panel6_w_emis.dds,87536,referenced-basename
texture/must_explosion_glow.dds,87536,referenced-full
texture/must_jedi_rock_base.dds,87536,referenced-full
texture/must_large_house.dds,699216,referenced-full
texture/must_large_house_bar.dds,349680,referenced-full
texture/must_large_house_bar_emiss.dds,87536,referenced-full
texture/must_large_house_carpet.dds,43832,referenced-full
texture/must_large_house_carpet1.dds,43832,referenced-full
texture/must_large_house_carpet2.dds,43832,referenced-full
texture/must_large_house_carpet3.dds,43832,referenced-full
texture/must_large_house_ceiling1.dds,87536,referenced-full
texture/must_large_house_ceiling2.dds,87536,referenced-full
texture/must_large_house_ceiling_light.dds,22000,referenced-full
texture/must_large_house_cn.dds,699216,referenced-full
texture/must_large_house_det.dds,43832,referenced-full
texture/must_large_house_door.dds,349680,referenced-full
texture/must_large_house_door_cn.dds,349680,UNREFERENCED
texture/must_large_house_door_emiss.dds,87536,referenced-full
texture/must_large_house_door_emiss_sm.dds,5616,referenced-full
texture/must_large_house_door_sm.dds,5616,referenced-full
texture/must_large_house_doorjam.dds,43856,referenced-full
texture/must_large_house_emiss.dds,699216,referenced-full
texture/must_large_house_emiss_sm.dds,43856,referenced-full
texture/must_large_house_floor1.dds,87536,referenced-full
texture/must_large_house_floor2.dds,87536,referenced-full
texture/must_large_house_floor3.dds,87536,referenced-full
texture/must_large_house_floor4.dds,87536,referenced-full
texture/must_large_house_glass.dds,87536,referenced-full
texture/must_large_house_glass_mask.dds,87536,referenced-full
texture/must_large_house_hall1.dds,87536,referenced-full
texture/must_large_house_hall2.dds,349680,referenced-full
texture/must_large_house_sm.dds,21992,referenced-full
texture/must_large_house_wall1.dds,87536,referenced-full
texture/must_large_house_wall2.dds,349680,referenced-full
texture/must_large_house_wall2_emiss.dds,87536,referenced-full
texture/must_large_house_wall3.dds,349680,referenced-full
texture/must_large_house_wall_trim.dds,87536,referenced-full
texture/must_lava_bubble.dds,22000,referenced-full
texture/must_lava_bubble_ring.dds,22000,referenced-full
texture/must_lava_falls01.dds,174992,referenced-full
texture/must_lava_falls02.dds,87568,referenced-full
texture/must_lava_falls03.dds,87568,referenced-full
texture/must_lava_fire.dds,22000,referenced-full
texture/must_lava_fire02.dds,22000,referenced-full
texture/must_lava_flare.dds,349680,referenced-full
texture/must_lava_flare_02.dds,349680,referenced-full
texture/must_lava_flare_03.dds,87536,referenced-full
texture/must_lava_flare_04.dds,22000,referenced-full
texture/must_lava_flare_05.dds,349680,referenced-full
texture/must_lava_flare_06.dds,87536,referenced-full
texture/must_lava_flare_07.dds,22000,referenced-full
texture/must_lava_ring.dds,87536,referenced-full
texture/must_lava_rock.dds,87536,referenced-full
texture/must_lava_rock2.dds,87536,referenced-full
texture/must_lava_rock3.dds,5616,referenced-full
texture/must_lava_taffy.dds,22000,referenced-full
texture/must_lava_taffy2.dds,22000,referenced-full
texture/must_lightning1.dds,11152,referenced-full
texture/must_lightning_base.dds,43920,referenced-full
texture/must_lightning_base2.dds,43920,referenced-full
texture/must_lightning_branch.dds,87536,referenced-full
texture/must_lightning_branch2.dds,174928,referenced-full
texture/must_mining_conf_doorway.dds,349680,UNREFERENCED
texture/must_mining_conf_doorway_e.dds,87536,referenced-full
texture/must_mining_conf_floor.dds,174928,referenced-full
texture/must_mining_conf_pillar.dds,174928,referenced-full
texture/must_mining_conf_pillar_e.dds,43856,referenced-full
texture/must_mining_console_s01.dds,349680,referenced-full
texture/must_mining_console_s01_e.dds,349680,referenced-full
texture/must_mining_console_s02.dds,349680,referenced-full
texture/must_mining_console_s02_e.dds,349680,referenced-full
texture/must_mining_control_console.dds,349680,referenced-full
texture/must_mining_control_doorway.dds,349680,referenced-full
texture/must_mining_control_doorway_e.dds,349680,referenced-full
texture/must_mining_control_floor.dds,174928,referenced-full
texture/must_mining_control_monitor.dds,349680,referenced-full
texture/must_mining_control_pillar.dds,349680,referenced-full
texture/must_mining_control_pillar_e.dds,22000,referenced-full
texture/must_mining_door.dds,87536,referenced-full
texture/must_mining_door_cn.dds,349680,referenced-full
texture/must_mining_door_s01.dds,174928,referenced-full
texture/must_mining_door_s01_cn.dds,174928,referenced-full
texture/must_mining_door_s02.dds,174928,referenced-full
texture/must_mining_door_s02_cn.dds,174928,referenced-full
texture/must_mining_ext_antenna.dds,87536,referenced-full
texture/must_mining_ext_antenna_abandoned.dds,87536,referenced-basename
texture/must_mining_ext_antenna_cn.dds,87536,referenced-full
texture/must_mining_ext_c0_abandoned_sm.dds,349680,referenced-full
texture/must_mining_ext_c0_emis_sm.dds,87536,referenced-full
texture/must_mining_ext_c0_sm.dds,349680,referenced-full
texture/must_mining_ext_c1_abandoned_sm.dds,349680,referenced-full
texture/must_mining_ext_c1_emis_sm.dds,87536,referenced-full
texture/must_mining_ext_c1_sm.dds,349680,referenced-full
texture/must_mining_ext_collums.dds,349680,referenced-full
texture/must_mining_ext_collums_abandoned.dds,349680,referenced-basename
texture/must_mining_ext_collums_cn.dds,349680,referenced-full
texture/must_mining_ext_collums_emis.dds,87536,referenced-full
texture/must_mining_ext_dirt.dds,174904,referenced-full
texture/must_mining_ext_dirt_abandoned.dds,174904,referenced-full
texture/must_mining_ext_door.dds,349680,referenced-full
texture/must_mining_ext_door_abandoned.dds,349680,referenced-full
texture/must_mining_ext_door_cn.dds,349680,referenced-full
texture/must_mining_ext_floor.dds,87536,referenced-full
texture/must_mining_ext_floor_cn.dds,87536,UNREFERENCED
texture/must_mining_ext_fork.dds,349680,referenced-full
texture/must_mining_ext_fork_abandoned.dds,349680,referenced-full
texture/must_mining_ext_fork_abandoned_sm.dds,87536,referenced-basename
texture/must_mining_ext_fork_cn.dds,349680,referenced-full
texture/must_mining_ext_fork_flaps.dds,87536,referenced-full
texture/must_mining_ext_fork_flaps_abandoned.dds,87536,referenced-basename
texture/must_mining_ext_fork_flaps_cn.dds,87536,referenced-full
texture/must_mining_ext_fork_hing_grate.dds,87536,referenced-full
texture/must_mining_ext_fork_hing_grate_abandoned.dds,87536,referenced-basename
texture/must_mining_ext_fork_hing_grate_cn.dds,87536,referenced-basename
texture/must_mining_ext_fork_sm.dds,87536,referenced-full
texture/must_mining_ext_fork_walkway.dds,87536,referenced-full
texture/must_mining_ext_fork_walkway_abandoned.dds,87536,referenced-basename
texture/must_mining_ext_fork_walkway_cn.dds,87536,referenced-full
texture/must_mining_ext_grate.dds,174928,referenced-full
texture/must_mining_ext_grate_cn.dds,174928,UNREFERENCED
texture/must_mining_ext_lights_wall.dds,87536,referenced-full
texture/must_mining_ext_lights_wall_cn.dds,87536,referenced-full
texture/must_mining_ext_lights_wall_emis.dds,87536,referenced-basename
texture/must_mining_ext_main_trim.dds,87536,referenced-full
texture/must_mining_ext_main_trim_abandoned.dds,87536,UNREFERENCED
texture/must_mining_ext_main_trim_cn.dds,87536,referenced-full
texture/must_mining_ext_main_trim_emis.dds,87536,referenced-full
texture/must_mining_ext_metal1.dds,87536,referenced-full
texture/must_mining_ext_metal1_cn.dds,87536,referenced-full
texture/must_mining_ext_metal2.dds,87536,referenced-full
texture/must_mining_ext_metal2_cn.dds,87536,referenced-full
texture/must_mining_ext_metal_detail.dds,174904,referenced-full
texture/must_mining_ext_s1.dds,1398256,referenced-full
texture/must_mining_ext_s1_cn.dds,1398256,referenced-full
texture/must_mining_ext_s1_emis.dds,349680,referenced-full
texture/must_mining_ext_s2.dds,1398256,referenced-full
texture/must_mining_ext_s2_cn.dds,1398256,referenced-full
texture/must_mining_ext_s2_emis.dds,87536,referenced-full
texture/must_mining_ext_scaffolding.dds,87536,referenced-full
texture/must_mining_ext_scaffolding_abandoned.dds,87536,referenced-basename
texture/must_mining_ext_scaffolding_spec.dds,87536,referenced-basename
texture/must_mining_ext_scaffolding_trim.dds,87536,referenced-basename
texture/must_mining_ext_scaffolding_trim_cn.dds,87536,referenced-basename
texture/must_mining_ext_side_struts.dds,87536,referenced-full
texture/must_mining_ext_side_struts_cn.dds,87536,referenced-full
texture/must_mining_ext_tech_wall.dds,349680,referenced-full
texture/must_mining_ext_tech_wall_cn.dds,349680,referenced-full
texture/must_mining_ext_trim2.dds,87536,referenced-full
texture/must_mining_ext_trim2_cn.dds,87536,UNREFERENCED
texture/must_mining_ext_wall.dds,349680,referenced-full
texture/must_mining_ext_wall2.dds,87536,referenced-full
texture/must_mining_ext_wall2_cn.dds,87536,UNREFERENCED
texture/must_mining_ext_wall_cn.dds,349680,referenced-full
texture/must_mining_ext_wall_windows.dds,349680,referenced-full
texture/must_mining_ext_wall_windows_abandoned.dds,349680,referenced-basename
texture/must_mining_ext_wall_windows_cn.dds,349680,referenced-full
texture/must_mining_ext_windows.dds,87536,referenced-full
texture/must_mining_ext_windows_abandoned.dds,87536,UNREFERENCED
texture/must_mining_ext_windows_cn.dds,87536,referenced-full
texture/must_mining_ext_windows_spec.dds,87536,referenced-full
texture/must_mining_grate.dds,174928,referenced-full
texture/must_mining_hall_corner.dds,349680,referenced-full
texture/must_mining_hall_corner_e.dds,87536,referenced-full
texture/must_mining_hall_floor.dds,349680,referenced-full
texture/must_mining_hall_pillar.dds,349680,referenced-full
texture/must_mining_hall_pillar_e.dds,349680,referenced-full
texture/must_mining_junction_floor.dds,349680,referenced-full
texture/must_mining_light.dds,87568,referenced-full
texture/must_mining_light_e.dds,22032,referenced-full
texture/must_mining_metal1.dds,349680,referenced-full
texture/must_mining_metal2.dds,349680,referenced-full
texture/must_mining_panel_s01.dds,349680,referenced-full
texture/must_mining_panel_s01_cn.dds,349680,UNREFERENCED
texture/must_mining_panel_s01_emis.dds,349680,referenced-full
texture/must_mining_panel_s01_emis_sm.dds,22000,referenced-full
texture/must_mining_panel_s01_sm.dds,22000,UNREFERENCED
texture/must_mining_panel_s02.dds,349680,referenced-full
texture/must_mining_panel_s02_cn.dds,349680,UNREFERENCED
texture/must_mining_panel_s02_emis.dds,349680,referenced-full
texture/must_mining_panel_s02_emis_sm.dds,22000,referenced-full
texture/must_mining_panel_s02_sm.dds,22000,UNREFERENCED
texture/must_mining_trim.dds,43856,referenced-full
texture/must_mining_trim2.dds,87536,referenced-full
texture/must_mining_trim_e.dds,11088,referenced-full
texture/must_mining_wall.dds,174928,referenced-full
texture/must_mining_wall_e.dds,43856,referenced-full
texture/must_orf_impl_int_details_a.dds,43832,referenced-full
texture/must_orf_impl_int_details_b.dds,43832,referenced-full
texture/must_orf_impl_int_details_bunker_a.dds,43832,referenced-basename
texture/must_orf_impl_int_wall_b_vents.dds,43832,referenced-full
texture/must_orf_impl_int_wall_b_wspec.dds,87536,referenced-full
texture/must_orf_impl_int_wall_metal.dds,43832,referenced-full
texture/must_orf_impl_metal_detail_a.dds,43832,referenced-full
texture/must_orf_impl_metal_detail_b.dds,43832,referenced-full
texture/must_orf_impl_trim_a.dds,21992,referenced-full
texture/must_orf_int_medicaldetail_a.dds,43832,referenced-full
texture/must_orf_intr_medicallight_a.dds,22032,referenced-full
texture/must_orf_intr_medicalroof_a_4way.dds,43832,referenced-basename
texture/must_orf_poi_all_rebl_bunker_blue_beam.dds,22000,referenced-basename
texture/must_orf_poi_all_rebl_light_panel.dds,349680,referenced-basename
texture/must_orf_poi_bunker_rebl_ceilinglight.dds,87536,referenced-basename
texture/must_orf_poi_bunker_rebl_doorjam.dds,43832,referenced-basename
texture/must_orf_poi_bunker_rebl_endpiece.dds,43832,referenced-basename
texture/must_orf_poi_bunker_rebl_floor.dds,87536,referenced-full
texture/must_orf_poi_bunker_rebl_floor_lights.dds,87536,referenced-basename
texture/must_orf_poi_bunker_rebl_grate.dds,43832,referenced-full
texture/must_orf_poi_bunker_rebl_hallpad.dds,43832,referenced-basename
texture/must_orf_poi_bunker_rebl_panel_emis.dds,87536,referenced-basename
texture/must_orf_poi_bunker_rebl_pipes.dds,87536,referenced-full
texture/must_orf_poi_bunker_rebl_room_dooralcove.dds,43832,referenced-basename
texture/must_orf_poi_bunker_rebl_roomtrim.dds,43832,referenced-basename
texture/must_orf_poi_bunker_rebl_roomwall.dds,87528,referenced-basename
texture/must_orf_poi_bunker_rebl_white_panels.dds,43832,referenced-basename
texture/must_orf_poi_bunker_rebl_whitewall.dds,43832,referenced-basename
texture/must_orf_poi_bunker_rebl_whitewall_pads.dds,43832,referenced-basename
texture/must_orf_poi_old_republic_blue_beam.dds,22000,referenced-basename
texture/must_orf_poi_old_republic_ceilinglight.dds,87536,referenced-basename
texture/must_orf_poi_old_republic_chrome.dds,22000,referenced-basename
texture/must_orf_poi_old_republic_core1.dds,349680,referenced-full
texture/must_orf_poi_old_republic_details_a.dds,87536,referenced-basename
texture/must_orf_poi_old_republic_details_b.dds,87536,referenced-basename
texture/must_orf_poi_old_republic_details_c.dds,87536,referenced-basename
texture/must_orf_poi_old_republic_door.dds,349680,referenced-full
texture/must_orf_poi_old_republic_door2.dds,349680,referenced-full
texture/must_orf_poi_old_republic_floor.dds,87536,referenced-full
texture/must_orf_poi_old_republic_grate.dds,87536,referenced-full
texture/must_orf_poi_old_republic_gratelight.dds,87536,referenced-basename
texture/must_orf_poi_old_republic_gratelight_emiss.dds,87536,referenced-basename
texture/must_orf_poi_old_republic_gratemetal.dds,87536,referenced-basename
texture/must_orf_poi_old_republic_hallpad.dds,349680,referenced-basename
texture/must_orf_poi_old_republic_medicalroof.dds,43832,referenced-basename
texture/must_orf_poi_old_republic_pipes.dds,87536,referenced-full
texture/must_orf_poi_old_republic_ramp.dds,87536,referenced-full
texture/must_orf_poi_old_republic_ramp2.dds,87536,referenced-full
texture/must_orf_poi_old_republic_stairwell1.dds,349680,referenced-basename
texture/must_orf_poi_old_republic_stairwell1_emiss.dds,349680,referenced-basename
texture/must_orf_poi_old_republic_stairwell2.dds,87536,referenced-basename
texture/must_orf_poi_old_republic_stairwell3.dds,87536,referenced-basename
texture/must_orf_poi_old_republic_trim_a.dds,43856,referenced-basename
texture/must_orf_poi_old_republic_whitewall.dds,87536,referenced-basename
texture/must_orf_rebl_concrete_a.dds,43832,UNREFERENCED
texture/must_sher_kar_cave_cn.dds,349680,referenced-full
texture/must_sher_kar_cave_color_tile.dds,349680,referenced-full
texture/must_sher_kar_cave_color_tile_sm.dds,87536,referenced-basename
texture/must_sher_kar_cave_detail.dds,87536,referenced-full
texture/must_smoke_plume01.dds,87536,referenced-full
texture/must_smoke_plume02.dds,43856,referenced-full
texture/must_steam_cloud.dds,22000,referenced-full
texture/must_steam_cloud_base.dds,22000,referenced-full
texture/must_steam_puff.dds,5616,referenced-full
texture/musta_bridge_smooth_s02.dds,87536,referenced-full
texture/musta_bridge_smooth_s02_cn.dds,87536,referenced-full
texture/musta_bridge_smooth_s02_detail.dds,87536,referenced-full
texture/musta_bridge_smooth_s02_med.dds,22000,referenced-full
texture/musta_bridge_smooth_s02_med_cn.dds,22000,referenced-full
texture/musta_bridge_smooth_s02_sm.dds,5616,referenced-full
texture/musta_bridge_smooth_s02_sm_spec.dds,5616,referenced-full
texture/musta_rocks_smooth_detail.dds,87536,referenced-full
texture/musta_rocks_smooth_lava_s04.dds,349680,referenced-full
texture/musta_rocks_smooth_lava_s04_cn.dds,349680,referenced-full
texture/musta_rocks_smooth_lava_s04_emis.dds,349680,referenced-basename
texture/musta_rocks_smooth_lava_s04_med.dds,87536,referenced-full
texture/musta_rocks_smooth_lava_s04_med_cn.dds,87536,referenced-basename
texture/musta_rocks_smooth_lava_s04_med_emis.dds,87536,referenced-basename
texture/musta_rocks_smooth_lava_s04_sm.dds,22000,referenced-full
texture/musta_rocks_smooth_lava_s05_sm_emis.dds,5616,referenced-basename
texture/musta_rocks_smooth_s01.dds,87536,referenced-full
texture/musta_rocks_smooth_s01_cn.dds,87536,referenced-full
texture/musta_rocks_smooth_s01_detail.dds,87536,referenced-full
texture/musta_rocks_smooth_s01_med.dds,22000,referenced-full
texture/musta_rocks_smooth_s01_med_cn.dds,22000,referenced-full
texture/musta_rocks_smooth_s01_sm.dds,5616,referenced-full
texture/musta_rocks_smooth_s01_sm_spec.dds,5616,referenced-full
texture/musta_rocks_smooth_s02.dds,87536,referenced-full
texture/musta_rocks_smooth_s02_cn.dds,87536,referenced-full
texture/musta_rocks_smooth_s02_detail.dds,87536,referenced-full
texture/musta_rocks_smooth_s02_med.dds,22000,referenced-full
texture/musta_rocks_smooth_s02_med_cn.dds,22000,referenced-full
texture/musta_rocks_smooth_s02_sm.dds,5616,referenced-full
texture/musta_rocks_smooth_s02_sm_spec.dds,5616,referenced-full
texture/musta_rocks_smooth_s03.dds,87536,referenced-full
texture/musta_rocks_smooth_s03_cn.dds,87536,referenced-full
texture/musta_rocks_smooth_s03_emis.dds,87536,referenced-full
texture/musta_rocks_smooth_s03_med.dds,22000,referenced-full
texture/musta_rocks_smooth_s03_med_cn.dds,22000,referenced-full
texture/musta_rocks_smooth_s03_med_emis.dds,22000,referenced-full
texture/musta_rocks_smooth_s03_sm.dds,5616,referenced-full
texture/musta_rocks_smooth_s03_sm_emis.dds,5616,referenced-full
texture/musta_rocks_smooth_s04.dds,349680,referenced-full
texture/musta_rocks_smooth_s04_cn.dds,349680,referenced-full
texture/musta_rocks_smooth_s04_med.dds,22000,referenced-full
texture/musta_rocks_smooth_s04_med_cn.dds,22000,referenced-full
texture/musta_rocks_smooth_s04_sm.dds,5616,referenced-full
texture/musta_rocks_smooth_s04_sm_spec.dds,5616,referenced-full
texture/musta_rocks_smooth_s05.dds,87536,referenced-full
texture/musta_rocks_smooth_s05_cn.dds,87536,referenced-full
texture/musta_rocks_smooth_s05_med.dds,22000,referenced-full
texture/musta_rocks_smooth_s05_med_cn.dds,22000,referenced-full
texture/musta_rocks_smooth_s05_sm.dds,5616,referenced-full
texture/musta_rocks_smooth_s05_sm_spec.dds,5616,referenced-full
texture/mustafar_console_screens.dds,349680,UNREFERENCED
texture/mustafar_control_console.dds,349680,UNREFERENCED
texture/mustafar_disruptor_pistol.dds,87536,referenced-full
texture/mustafar_disruptor_pistol_sm.dds,1520,referenced-full
texture/mustafar_disruptor_rifle.dds,87536,UNREFERENCED
texture/mustafar_disruptor_rifle_sm.dds,5616,referenced-full
texture/mustafar_lava_flea_body.dds,349680,referenced-full
texture/mustafar_lava_flea_body_cn.dds,349680,referenced-full
texture/mustafar_lava_flea_body_sm.dds,22000,referenced-full
texture/mustafar_lava_flea_body_spec.dds,87536,referenced-full
texture/mustafar_lava_flea_body_spec_sm.dds,22000,referenced-full
texture/mustafar_lava_flea_head.dds,349680,referenced-full
texture/mustafar_lava_flea_head_cn.dds,349680,referenced-full
texture/mustafar_lava_flea_head_spec.dds,87536,referenced-full
texture/mustafarian_a.dds,349680,referenced-full
texture/mustafarian_a_cn.dds,349680,referenced-full
texture/mustafarian_a_hue_b.dds,349680,referenced-full
texture/mustafarian_a_hue_b_sm.dds,22000,referenced-full
texture/mustafarian_a_s.dds,349680,referenced-full
texture/mustafarian_a_s_sm.dds,22000,referenced-full
texture/mustafarian_a_sm.dds,22000,referenced-full
texture/mustafarian_c.dds,349680,referenced-full
texture/mustafarian_c_cn.dds,349680,referenced-full
texture/mustafarian_c_hue_b.dds,349680,referenced-full
texture/mustafarian_c_hue_b_sm.dds,22000,referenced-full
texture/mustafarian_c_s.dds,349680,referenced-full
texture/mustafarian_c_s_sm.dds,22000,referenced-full
texture/mustafarian_c_sm.dds,22000,referenced-full
texture/mustafarian_themed_batons_style01.dds,87536,referenced-basename
texture/mustafarian_themed_batons_style01_cn.dds,87536,referenced-basename
texture/mustafarian_themed_batons_style04.dds,87536,referenced-basename
texture/mustafarian_themed_batons_style04_cn.dds,87536,referenced-basename
texture/mustafarian_themed_batons_style04_emis.dds,87536,referenced-basename
texture/mustafarian_themed_batons_style2.dds,87536,referenced-basename
texture/mustafarian_themed_batons_style2_cn.dds,87536,referenced-basename
texture/mustafarian_themed_batons_style2_emis.dds,22000,referenced-basename
texture/mustafarian_themed_batons_style2_sm.dds,1520,referenced-basename
texture/mustafarian_themed_batons_style3.dds,87536,referenced-basename
texture/mustafarian_themed_batons_style3_cn.dds,87536,referenced-basename
texture/mustafarian_themed_batons_style3_sm.dds,1520,referenced-basename
texture/mutant_acklay_head.dds,174928,referenced-full
texture/mutant_acklay_head_cn.dds,174928,referenced-full
texture/mutant_acklay_leg.dds,174928,referenced-full
texture/mutant_acklay_leg_cn.dds,174928,referenced-full
texture/mutant_acklay_sm.dds,22000,referenced-full
texture/mutant_acklay_torso.dds,174928,referenced-full
texture/mutant_acklay_torso_cn.dds,174928,referenced-full
texture/mutant_dewback_misc.dds,349680,referenced-full
texture/mutant_jax.dds,349680,referenced-full
texture/mutant_jax_hueb.dds,349680,referenced-full
texture/mutant_jax_misc.dds,87536,referenced-full
texture/mutant_jax_misc_spec.dds,87536,referenced-full
texture/mutant_jax_sm.dds,87536,referenced-full
texture/mutant_jax_sm_hueb.dds,87536,referenced-full
texture/mutant_jax_sm_spec.dds,87536,referenced-full
texture/mutant_jax_spec.dds,349680,referenced-full
texture/mutant_squill.dds,349680,referenced-full
texture/mutant_squill_feathers.dds,87536,referenced-full
texture/mutant_squill_feathers_hue.dds,87536,referenced-full
texture/mutant_squill_feathers_hue_sm.dds,5616,referenced-full
texture/mutant_squill_feathers_sm.dds,5616,referenced-full
texture/mutant_squill_hue.dds,349680,referenced-full
texture/mutant_squill_hue_sm.dds,22000,referenced-full
texture/mutant_squill_n.dds,349680,referenced-full
texture/mutant_squill_sm.dds,22000,referenced-full
texture/mutant_squill_spec.dds,349680,referenced-full
texture/mutated_boar.dds,349680,referenced-full
texture/mutated_boar_cn.dds,349680,referenced-full
texture/mutated_boar_hair.dds,11088,referenced-full
texture/mutated_boar_hueb.dds,349680,referenced-full
texture/mutated_boar_hueb_sm.dds,87536,referenced-full
texture/mutated_boar_sm.dds,87536,referenced-full
texture/mutated_boar_spec.dds,349680,referenced-full
texture/mutated_cat.dds,349680,referenced-full
texture/mutated_cat_hueb.dds,349680,referenced-full
texture/mutated_cat_sm.dds,87536,referenced-full
texture/mutated_cat_sm_hueb.dds,87536,referenced-full
texture/mutated_cat_spec.dds,349680,referenced-full
texture/mutated_cu_pa.dds,349680,referenced-full
texture/mutated_cu_pa_cn.dds,349680,referenced-full
texture/mutated_cu_pa_sm.dds,87536,referenced-full
texture/mutated_cu_pa_spec.dds,349680,referenced-full
texture/mutated_cu_pa_spec_sm.dds,87536,referenced-full
texture/mutated_cupa_hair.dds,22000,referenced-full
texture/mutated_cupa_hair_hueb.dds,22000,referenced-full
texture/mutated_dewback.dds,349680,referenced-full
texture/mutated_dewback_hueb.dds,349680,referenced-full
texture/mutated_dewback_misc_hueb.dds,349680,referenced-full
texture/mutated_dewback_misc_spec.dds,349680,referenced-full
texture/mutated_dewback_sm.dds,87536,referenced-full
texture/mutated_dewback_sm_hueb.dds,87536,referenced-full
texture/mutated_dewback_sm_spec.dds,87536,referenced-full
texture/mutated_dewback_spec.dds,349680,referenced-full
texture/mutated_griffon.dds,349680,referenced-full
texture/mutated_griffon_cn.dds,349680,referenced-full
texture/mutated_griffon_hueb.dds,349680,referenced-full
texture/mutated_griffon_sm.dds,87536,referenced-full
texture/mutated_griffon_sm_hueb.dds,87536,referenced-full
texture/mutated_griffon_sm_spec.dds,87536,referenced-full
texture/mutated_griffon_spec.dds,349680,referenced-full
texture/mutated_rancor.dds,349680,referenced-full
texture/mutated_rancor_cn.dds,349680,referenced-full
texture/mutated_rancor_hue.dds,349680,referenced-full
texture/mutated_rancor_hue_sm.dds,22000,referenced-full
texture/mutated_rancor_n.dds,349680,UNREFERENCED
texture/mutated_rancor_sm.dds,22000,referenced-full
texture/mutated_rancor_spec.dds,349680,referenced-full
texture/mutated_rancor_zombie.dds,349680,referenced-full
texture/mutated_rancor_zombie_cn.dds,349680,UNREFERENCED
texture/mutated_rancor_zombie_sm.dds,22000,UNREFERENCED
texture/mutated_slice_hound.dds,349680,referenced-full
texture/mutated_slice_hound_feathers.dds,349680,referenced-full
texture/mutated_slice_hound_feathers_hueb.dds,349680,referenced-basename
texture/mutated_slice_hound_hueb.dds,349680,UNREFERENCED
texture/mutated_slice_hound_n.dds,349680,referenced-full
texture/mutated_slice_hound_sm.dds,87536,referenced-full
texture/mutated_slice_hound_sm_hueb.dds,87536,referenced-full
texture/mutated_slice_hound_sm_spec.dds,87536,referenced-full
texture/mutated_slice_hound_spec.dds,349680,UNREFERENCED
texture/naboo_carpeting.dds,87536,referenced-full
texture/naboo_concrete.dds,87536,referenced-full
texture/naboo_curtains.dds,87536,referenced-full
texture/naboo_ext_stone_deco.dds,87536,referenced-full
texture/naboo_green_wall.dds,87536,referenced-full
texture/naboo_house_arch.dds,87536,referenced-full
texture/naboo_roof_2.dds,43856,referenced-full
texture/naboo_roof_hue.dds,87536,referenced-full
texture/naboo_royal_starship_cn.dds,349680,referenced-full
texture/naboo_royal_starship_engine.dds,22000,referenced-full
texture/naboo_royal_starship_landing_gear.dds,87536,referenced-basename
texture/naboo_royal_starship_landing_gear_sm.dds,22000,referenced-basename
texture/naboo_royal_starship_lg_cn.dds,87536,referenced-full
texture/naboo_royal_starship_lg_spec.dds,87536,referenced-full
texture/naboo_royal_starship_sm.dds,87536,referenced-full
texture/naboo_stair_b.dds,22000,referenced-full
texture/naboo_starfighter-01_em.dds,349680,referenced-full
texture/naboo_starfighter-02_em.dds,349680,referenced-full
texture/naboo_starfighter-03_spec.dds,349680,referenced-full
texture/naboo_starfighter_booster_sm.dds,22000,referenced-full
texture/naboo_starfighter_cockpit_01.dds,349680,referenced-full
texture/naboo_starfighter_cockpit_01_cn.dds,349680,referenced-full
texture/naboo_starfighter_cockpit_02.dds,349680,referenced-full
texture/naboo_starfighter_cockpit_02_cn.dds,349680,referenced-full
texture/naboo_starfighter_cockpit_03.dds,349680,referenced-full
texture/naboo_starfighter_cockpit_03_cn.dds,349680,referenced-full
texture/naboo_starfighter_cockpit_controls.dds,174928,referenced-basename
texture/naboo_starfighter_cockpit_controls_em.dds,174928,referenced-basename
texture/naboo_starfighter_engine_on.dds,5616,referenced-full
texture/naboo_starfighter_extras.dds,349680,UNREFERENCED
texture/naboo_starfighter_extras_sm.dds,87536,referenced-full
texture/naboo_starfighter_sm.dds,87536,referenced-full
texture/naboo_trim_a1.dds,43856,referenced-full
texture/naboo_wall.dds,87536,referenced-full
texture/naboo_wall_s02.dds,87536,referenced-full
texture/naboo_window_green.dds,87536,referenced-full
texture/naboo_window_green_hue.dds,65664,referenced-full
texture/narglatch_elite.dds,349680,referenced-full
texture/narglatch_elite_cn.dds,349680,referenced-full
texture/narglatch_elite_scar.dds,11088,referenced-full
texture/narglatch_elite_scar_cn.dds,11088,referenced-full
texture/narglatch_elite_sm.dds,22000,referenced-full
texture/nboo_door_patina.dds,43856,referenced-full
texture/nebula_ord_mantell_back.dds,349680,referenced-full
texture/nebula_ord_mantell_bottom.dds,22000,referenced-full
texture/nebula_ord_mantell_front.dds,22000,referenced-full
texture/nebula_ord_mantell_left.dds,349680,referenced-full
texture/nebula_ord_mantell_right.dds,349680,referenced-full
texture/nebula_ord_mantell_top.dds,349680,referenced-full
texture/necklace_black_sun.dds,5616,referenced-full
texture/necklace_black_sun_spec.dds,5616,referenced-full
texture/necklace_exar_kun.dds,43832,referenced-full
texture/necklace_gcw_s01.dds,43832,referenced-full
texture/necklace_gcw_s01_cn.dds,87536,referenced-full
texture/necklace_gcw_s01_sm.dds,2872,referenced-full
texture/necklace_gcw_s02.dds,87536,referenced-full
texture/necklace_gcw_s02_cn.dds,87536,referenced-full
texture/necklace_gcw_s02_sm.dds,2872,referenced-full
texture/necklace_lifeday.dds,22000,referenced-full
texture/necklace_lifeday_sm.dds,1520,referenced-full
texture/necklace_singing_mountain.dds,22000,referenced-full
texture/necklace_singing_mountain_cn.dds,22000,referenced-full
texture/neimodian.dds,349680,referenced-full
texture/neimodian_cn.dds,349680,referenced-full
texture/neimodian_sm.dds,22000,referenced-full
texture/neimodian_spec.dds,349680,referenced-full
texture/neimoidian_eye.dds,5616,referenced-full
texture/neutral_infiltrator_armor_arm.dds,87536,referenced-full
texture/neutral_infiltrator_armor_arm_cn.dds,87536,referenced-basename
texture/neutral_infiltrator_armor_arm_hue.dds,87536,referenced-basename
texture/neutral_infiltrator_armor_arm_hue_color2.dds,87536,referenced-basename
texture/neutral_infiltrator_armor_arm_hue_color2_sm.dds,5616,referenced-basename
texture/neutral_infiltrator_armor_arm_hue_sm.dds,5616,referenced-basename
texture/neutral_infiltrator_armor_arm_sm.dds,2872,referenced-basename
texture/neutral_infiltrator_armor_arm_spec.dds,43832,referenced-basename
texture/neutral_infiltrator_armor_boots.dds,87536,referenced-full
texture/neutral_infiltrator_armor_boots_cn.dds,87536,referenced-basename
texture/neutral_infiltrator_armor_boots_hue.dds,87536,referenced-basename
texture/neutral_infiltrator_armor_boots_hue_color2.dds,87536,referenced-basename
texture/neutral_infiltrator_armor_boots_hue_color2_sm.dds,5616,referenced-full
texture/neutral_infiltrator_armor_boots_hue_sm.dds,5616,referenced-basename
texture/neutral_infiltrator_armor_boots_sm.dds,2872,UNREFERENCED
texture/neutral_infiltrator_armor_boots_spec.dds,43832,referenced-basename
texture/neutral_infiltrator_armor_chest_plate.dds,87536,referenced-basename
texture/neutral_infiltrator_armor_chest_plate_cn.dds,87536,referenced-basename
texture/neutral_infiltrator_armor_chest_plate_hue.dds,87536,referenced-basename
texture/neutral_infiltrator_armor_chest_plate_hue_color2.dds,87536,referenced-full
texture/neutral_infiltrator_armor_chest_plate_hue_color2_sm.dds,5616,referenced-full
texture/neutral_infiltrator_armor_chest_plate_hue_sm.dds,5616,referenced-basename
texture/neutral_infiltrator_armor_chest_plate_sm.dds,2872,referenced-basename
texture/neutral_infiltrator_armor_chest_plate_spec.dds,43832,referenced-basename
texture/neutral_infiltrator_armor_helmet.dds,87536,referenced-basename
texture/neutral_infiltrator_armor_helmet_cn.dds,87536,referenced-basename
texture/neutral_infiltrator_armor_helmet_hue.dds,87536,referenced-basename
texture/neutral_infiltrator_armor_helmet_hue_color2.dds,87536,referenced-basename
texture/neutral_infiltrator_armor_helmet_hue_color2_sm.dds,5616,referenced-full
texture/neutral_infiltrator_armor_helmet_hue_sm.dds,5616,referenced-basename
texture/neutral_infiltrator_armor_helmet_sm.dds,2872,referenced-basename
texture/neutral_infiltrator_armor_helmet_spec.dds,87536,referenced-basename
texture/neutral_infiltrator_armor_pants.dds,87536,referenced-full
texture/neutral_infiltrator_armor_pants_cn.dds,87536,referenced-basename
texture/neutral_infiltrator_armor_pants_emis.dds,87536,referenced-basename
texture/neutral_infiltrator_armor_pants_hue.dds,87536,referenced-basename
texture/neutral_infiltrator_armor_pants_hue_color2.dds,87536,referenced-basename
texture/neutral_infiltrator_armor_pants_hue_color2_sm.dds,5616,referenced-full
texture/neutral_infiltrator_armor_pants_hue_sm.dds,5616,referenced-basename
texture/neutral_infiltrator_armor_pants_sm.dds,2872,referenced-basename
texture/neutral_infiltrator_armor_pants_spec.dds,87536,referenced-basename
texture/new_radar_blip.0.dds,22000,referenced-full
texture/new_radar_blip.1.dds,22000,UNREFERENCED
texture/new_radar_blip.2.dds,22000,UNREFERENCED
texture/new_radar_blip.3.dds,22000,UNREFERENCED
texture/new_radar_blip.4.dds,22000,UNREFERENCED
texture/new_radar_blip.5.dds,22000,UNREFERENCED
texture/new_radar_blip.6.dds,22000,UNREFERENCED
texture/new_radar_blip.7.dds,22000,UNREFERENCED
texture/nexu.dds,349680,referenced-full
texture/nightsister_alcolyte.dds,349680,referenced-full
texture/nightsister_alcolyte_n.dds,349680,referenced-full
texture/nightsister_lieutenant.dds,349680,referenced-full
texture/nightsister_lieutenant_n.dds,349680,UNREFERENCED
texture/nightsister_skin.dds,349680,referenced-full
texture/nightsister_skin_n.dds,349680,referenced-full
texture/nightsister_soldier.dds,349680,referenced-full
texture/nightsister_soldier_n.dds,349680,referenced-full
texture/noise_volume_blackwing.dds,2097280,referenced-full
texture/noise_volume_lava.dds,2097280,referenced-full
texture/noise_volume_permafrost.dds,2097280,referenced-full
texture/npe_sign_bank.dds,174928,referenced-full
texture/npe_sign_bank_cn.dds,174928,referenced-full
texture/npe_sign_bank_sm.dds,11088,referenced-full
texture/npe_sign_bank_spec_sm.dds,11088,referenced-full
texture/npe_sign_cantina.dds,174928,referenced-full
texture/npe_sign_cantina_cn.dds,174928,referenced-full
texture/npe_sign_cantina_sm.dds,11088,referenced-full
texture/npe_sign_cantina_spec_sm.dds,11088,UNREFERENCED
texture/npe_sign_cloning.dds,174928,referenced-full
texture/npe_sign_cloning_cn.dds,174928,referenced-full
texture/npe_sign_cloning_sm.dds,11088,referenced-full
texture/npe_sign_cloning_spec_sm.dds,11088,UNREFERENCED
texture/npe_sign_frame.dds,87536,referenced-full
texture/npe_sign_frame_cn.dds,87536,referenced-full
texture/npe_sign_garage.dds,174928,referenced-full
texture/npe_sign_garage_cn.dds,174928,referenced-full
texture/npe_sign_garage_sm.dds,11088,referenced-full
texture/npe_sign_garage_spec_sm.dds,11088,referenced-full
texture/npe_sign_medcenter.dds,174928,referenced-full
texture/npe_sign_medcenter_cn.dds,174928,referenced-full
texture/npe_sign_medcenter_sm.dds,11088,referenced-full
texture/npe_sign_medcenter_spec_sm.dds,11088,referenced-full
texture/npe_sign_starport.dds,174928,referenced-full
texture/npe_sign_starport_cn.dds,174928,referenced-full
texture/npe_sign_starport_sm.dds,11088,referenced-full
texture/npe_sign_starport_spec_sm.dds,11088,referenced-full
texture/ns_alter.dds,349680,referenced-full
texture/ns_alter_cn.dds,349680,referenced-full
texture/ns_alter_crystal.dds,87536,referenced-full
texture/ns_alter_crystal_env.dds,87536,referenced-full
texture/ns_alter_emis.dds,349680,UNREFERENCED
texture/ns_bridge_claws.dds,87536,referenced-full
texture/ns_cave_walls.dds,174904,referenced-full
texture/ns_chains.dds,11152,referenced-full
texture/ns_crystal.dds,87536,referenced-full
texture/ns_crystal_spec.dds,87536,referenced-full
texture/ns_crystals.dds,87536,referenced-full
texture/ns_island_arena.dds,349680,referenced-full
texture/ns_spider_legs.dds,87536,referenced-full
texture/ns_stone_floor_01.dds,349680,referenced-full
texture/ns_stone_floor_02.dds,87536,referenced-full
texture/ns_torch.dds,349680,referenced-full
texture/ns_tunnel_ceiling.dds,87536,referenced-full
texture/ns_tunnel_wall_01.dds,87536,referenced-full
texture/ns_water.dds,349680,referenced-full
texture/nuna_egg_sac.dds,87536,referenced-full
texture/nuna_egg_sac_cn.dds,87536,referenced-full
texture/nuna_egg_sac_sm.dds,5616,referenced-full
texture/nuna_egg_sac_spec.dds,87536,referenced-full
texture/obi_altar.dds,349680,referenced-full
texture/obi_altar_cn.dds,349680,referenced-full
texture/obi_altar_detail.dds,11064,referenced-full
texture/obi_altar_sm.dds,22000,referenced-full
texture/obi_wan_glowie.dds,174904,referenced-full
texture/obi_wan_glowie_cn.dds,349680,referenced-full
texture/obi_wan_glowie_sm.dds,43832,referenced-full
texture/obsidian_lance.dds,43856,referenced-full
texture/obsidian_lance_cn.dds,43856,referenced-full
texture/obsidian_lance_sm.dds,2896,referenced-full
texture/obsidian_sword_1h.dds,43856,referenced-full
texture/obsidian_sword_1h_cn.dds,43856,referenced-full
texture/obsidian_sword_1h_sm.dds,2896,referenced-full
texture/obsidian_sword_2h.dds,43856,referenced-full
texture/obsidian_sword_2h_cn.dds,43856,referenced-full
texture/obsidian_sword_2h_sm.dds,2896,referenced-full
texture/ocea_coral_shallow_a1_n.dds,87536,referenced-full
texture/ocea_coral_shallow_a1_spec.dds,87536,referenced-full
texture/ocea_coral_shallow_a2_n.dds,87536,referenced-full
texture/ocea_coral_shallow_a2_spec.dds,87536,referenced-full
texture/ocea_coral_shallow_n.dds,87536,referenced-full
texture/ocea_coral_shallow_spec.dds,87536,referenced-full
texture/ocea_rock_medium_cn.dds,87536,referenced-full
texture/ocea_rock_medium_spec.dds,87536,referenced-full
texture/ocea_rock_shallow_cn.dds,87536,UNREFERENCED
texture/ocea_rock_shallow_n.dds,87536,referenced-full
texture/ocea_rock_shallow_spec.dds,87536,referenced-full
texture/ocea_rock_shallowlight_a1_n.dds,87536,referenced-full
texture/ocea_rock_shallowlight_a1_spec.dds,87536,referenced-full
texture/ocea_rock_shallowlight_a2_n.dds,87536,referenced-full
texture/ocea_rock_shallowlight_a2_spec.dds,87536,referenced-full
texture/ocea_rock_shallowlight_a3_n.dds,87536,referenced-full
texture/ocea_rock_shallowlight_a3_spec.dds,87536,referenced-full
texture/ocea_rock_shallowlight_a4_n.dds,87536,referenced-full
texture/ocea_rock_shallowlight_a4_spec.dds,87536,referenced-full
texture/ocea_rock_shallowlight_cn.dds,87536,UNREFERENCED
texture/ocea_rock_shallowlight_n.dds,87536,UNREFERENCED
texture/ocea_rock_shallowlight_spec.dds,87536,referenced-full
texture/ocea_sand_deep_cn.dds,87536,UNREFERENCED
texture/ocea_sand_deep_n.dds,87536,referenced-full
texture/ocea_sand_deep_spec.dds,87536,referenced-full
texture/ommni_box_a_hue.dds,87536,referenced-full
texture/ommni_box_b_hue.dds,22000,referenced-full
texture/orbital_defense_base.dds,349680,referenced-full
texture/orbital_defense_base_cbmp.dds,87536,referenced-full
texture/orbital_defense_base_emis.dds,87536,referenced-full
texture/orbital_defense_bottom_sm.dds,43856,referenced-full
texture/orbital_defense_cap.dds,349680,referenced-full
texture/orbital_defense_cap_emis.dds,87536,UNREFERENCED
texture/orbital_defense_detail.dds,87536,referenced-full
texture/orbital_defense_mask.dds,22000,referenced-full
texture/orbital_defense_med.dds,349680,referenced-full
texture/orbital_defense_med_emis.dds,87536,UNREFERENCED
texture/orbital_defense_rocka.dds,87536,referenced-full
texture/orbital_defense_rocka_cbmp.dds,87536,referenced-full
texture/orbital_defense_rocka_med.dds,22000,referenced-full
texture/orbital_defense_rockb.dds,349680,referenced-full
texture/orbital_defense_rockb_cn.dds,349680,UNREFERENCED
texture/orbital_defense_rockb_med.dds,87536,referenced-full
texture/orbital_defense_scaffold.dds,22000,UNREFERENCED
texture/orbital_defense_sm.dds,87536,referenced-full
texture/orbital_defense_top_sm.dds,43856,referenced-full
texture/organ_air_intake_hue.dds,5616,referenced-full
texture/organ_base_hue.dds,22000,referenced-full
texture/organ_base_hue_spec.dds,22000,referenced-full
texture/organ_base_top_hue.dds,22000,referenced-full
texture/organ_base_top_hue_spec.dds,22000,referenced-full
texture/organ_keys_hue.dds,496,referenced-full
texture/organ_rivet_hue.dds,2896,referenced-full
texture/painting_kashyyyk_house.dds,87528,referenced-full
texture/pak_atat_house_l2.dds,87536,referenced-full
texture/pak_frn_all_wod_planter_s02_l2.dds,22000,referenced-full
texture/pak_frn_all_wod_planter_s02_l3.dds,22000,referenced-full
texture/pak_frn_all_wod_planter_s03_l3.dds,22000,referenced-full
texture/pak_frn_solar_panels_s01_l2.dds,87536,referenced-full
texture/pak_frn_solar_panels_spin_base_s01_l2.dds,87536,referenced-basename
texture/pak_frn_solar_panels_spin_s01_l2.dds,87536,referenced-basename
texture/pak_frn_vet_chewbacca_toy_l2.dds,22000,referenced-full
texture/pak_frn_vet_wookiee_rifle_display_l2.dds,5616,referenced-basename
texture/pak_frn_wroshyr_tree_small_l2.dds,5608,referenced-full
texture/pak_ins_all_def_turret_sm_s01_barrel_l2.dds,87536,referenced-basename
texture/pak_ins_all_def_turret_sm_s01_turret_l2.dds,87536,referenced-basename
texture/pak_ins_all_def_turret_sm_s03_barrel_l2.dds,87536,referenced-basename
texture/pak_ins_all_def_turret_sm_s03_turret_l2.dds,87536,referenced-basename
texture/pak_lambda_shuttle_static_destroyed.dds,87536,referenced-basename
texture/pak_mun_nboo_bank_destroyed_sm.dds,87536,referenced-full
texture/pak_ply_all_house_sm_s01_fp2_r0_exterior_mesh_l2_hue.dds,22000,referenced-basename
texture/pak_ply_all_house_sm_s01_fp2_ramp_l1_hue.dds,87536,referenced-basename
texture/pak_ply_pgc_merchant_tent_s01_r0_mesh_l2.dds,87536,referenced-basename
texture/pak_ply_pgc_merchant_tent_s01_r0_mesh_l3.dds,87536,referenced-basename
texture/pak_poi_all_rebl_bunker_deep_chasm_s01_r0_exterior_mesh_l2.dds,87536,referenced-basename
texture/pak_protocol_droid_efol_l2.dds,87536,referenced-full
texture/pak_protocol_droid_l2_bobblehead.dds,87536,referenced-basename
texture/pak_wp_pistol_dl44_gold.dds,5616,referenced-full
texture/palowik_hue_a.dds,174928,referenced-full
texture/palowik_hue_a_sm.dds,5616,referenced-full
texture/palowik_hue_b.dds,174928,referenced-full
texture/palowik_hue_b_sm.dds,5616,referenced-full
texture/palpatine_statue.dds,174928,referenced-full
texture/palpatine_statue_cn.dds,174928,referenced-full
texture/palpatine_statue_sm.dds,11088,referenced-full
texture/pants_s01_han.dds,87536,referenced-full
texture/pants_s01_sm_han.dds,5616,referenced-full
texture/pcg_robe_statue.dds,87536,referenced-full
texture/peko_peko_tcg.dds,349680,referenced-full
texture/peko_peko_tcg_cn.dds,349680,referenced-full
texture/peko_peko_tcg_sm.dds,22000,referenced-full
texture/permafrost_crystal.dds,87536,referenced-full
texture/permafrost_s01_colorramp.dds,1152,UNREFERENCED
texture/permafrost_s02_colorramp.dds,1152,UNREFERENCED
texture/permafrost_s03_colorramp.dds,1152,UNREFERENCED
texture/permafrost_s04_colorramp.dds,1152,UNREFERENCED
texture/pgc_holocron.dds,22000,referenced-full
texture/pgc_holocron_a.dds,22000,referenced-full
texture/pgc_holocron_b.dds,22000,referenced-full
texture/pgc_holocron_blue.dds,22000,referenced-full
texture/pgc_holocron_cage.dds,22000,referenced-full
texture/pgc_holocron_cage_cn.dds,22000,referenced-full
texture/pgc_holocron_drk_blue.dds,22000,referenced-full
texture/pgc_ith_robe_s01_01.dds,349680,referenced-full
texture/pgc_ith_robe_s01_01_cn.dds,349680,referenced-full
texture/pgc_ith_robe_s01_01_sm.dds,5616,referenced-full
texture/pgc_robe.dds,174928,referenced-full
texture/pgc_robe_cn.dds,174928,referenced-full
texture/pgc_robe_s01_01.dds,349680,referenced-full
texture/pgc_robe_s01_01_cn.dds,349680,referenced-full
texture/pgc_robe_s01_01_sm.dds,2872,referenced-full
texture/pgc_robe_s01_02.dds,349680,referenced-full
texture/pgc_robe_s01_02_cn.dds,349680,referenced-full
texture/pgc_robe_s01_02_sm.dds,2872,referenced-full
texture/pgc_robe_sm.dds,11088,referenced-full
texture/pgc_scroll.dds,87536,referenced-full
texture/pgc_shard.dds,87536,referenced-full
texture/pgc_shard_alph.dds,87536,referenced-full
texture/pgc_shard_emis.dds,87536,referenced-full
texture/pgc_shard_env.dds,87536,referenced-full
texture/pgc_shard_sm.dds,5616,referenced-full
texture/pikobis.dds,174928,referenced-full
texture/pikobis_lod.dds,11088,referenced-full
texture/pikobis_n.dds,699180,referenced-full
texture/pistol_invisible.dds,240,referenced-full
texture/pistol_ion_relic.dds,87536,referenced-full
texture/pistol_rebel_sku7.dds,87536,referenced-full
texture/pistol_rebel_sku7_cn.dds,87536,referenced-full
texture/pistol_rebel_sku7_sm.dds,5616,referenced-full
texture/pit_droid.dds,349680,referenced-full
texture/pit_droid_eye_mask.dds,5616,referenced-full
texture/pit_droid_eye_trans.dds,5616,referenced-full
texture/pit_droid_n.dds,1398228,referenced-full
texture/pit_droid_sm.dds,22000,referenced-full
texture/planet_halo_full_yellow.dds,349680,referenced-full
texture/planet_naboo.dds,87536,referenced-full
texture/planet_naboo_sm.dds,5616,referenced-full
texture/plant_garden_leaves_s03.dds,22000,referenced-full
texture/plant_garden_leaves_s03_sm.dds,5616,referenced-full
texture/plant_garden_leaves_s03_spec.dds,22000,referenced-full
texture/plant_garden_s01.dds,87536,referenced-full
texture/plant_garden_s01_cn.dds,87536,referenced-full
texture/plant_garden_s01_cn_sm.dds,22000,referenced-full
texture/plant_garden_s01_sm.dds,22000,referenced-full
texture/plant_garden_s02.dds,349680,referenced-full
texture/plant_garden_s02_cn.dds,1398228,referenced-full
texture/plant_garden_s02_sm.dds,87536,referenced-full
texture/plant_garden_s03.dds,349680,referenced-full
texture/plant_garden_s03_cn.dds,349680,referenced-full
texture/plant_garden_s03_sm.dds,22000,referenced-full
texture/plant_veg_md_healthy_flower_s02.dds,87536,referenced-full
texture/plant_veg_md_healthy_s01.dds,87536,UNREFERENCED
texture/plant_veg_md_healthy_s01_cn.dds,87536,referenced-full
texture/plant_veg_md_healthy_s01_cn_sm.dds,22000,referenced-full
texture/plant_veg_md_healthy_s01_sm.dds,22000,referenced-full
texture/plant_veg_md_healthy_s02.dds,349680,UNREFERENCED
texture/plant_veg_md_healthy_s02_cn.dds,349680,referenced-full
texture/plant_veg_md_healthy_s02_sm.dds,22000,referenced-full
texture/plant_veg_md_healthy_s02_spec_sm.dds,22000,referenced-basename
texture/plant_veg_md_sick_s02.dds,349680,referenced-full
texture/plant_veg_md_sick_s02_sm.dds,22000,UNREFERENCED
texture/plant_veg_md_sick_s02_spec.dds,349680,referenced-full
texture/plant_veg_md_sick_s02_spec_sm.dds,22000,referenced-full
texture/plant_veg_sm_healthy_s01.dds,349680,UNREFERENCED
texture/plant_veg_sm_healthy_s01_cn.dds,1398228,referenced-full
texture/plant_veg_sm_healthy_s01_sm.dds,349680,referenced-full
texture/plant_veg_sm_sick_s01.dds,349680,referenced-full
texture/plant_veg_sm_sick_s01_cn.dds,1398228,UNREFERENCED
texture/plant_veg_sm_sick_s01_sm.dds,87536,UNREFERENCED
texture/pln_cloud_ord_mantell_sm.dds,349680,referenced-full
texture/pln_ord_mantell.dds,1398256,referenced-full
texture/pln_ord_mantell_moon.dds,349680,referenced-full
texture/pln_ord_mantell_moon_2_sm.dds,87536,referenced-full
texture/pln_ord_mantell_moon_3_sm.dds,87536,referenced-full
texture/pln_ord_mantell_moon_cloud.dds,87536,referenced-full
texture/pln_ord_mantell_moon_sm.dds,87536,referenced-full
texture/pln_ord_mantell_sm.dds,349680,referenced-full
texture/ply_all_bespin_house_door.dds,349680,referenced-full
texture/ply_all_bespin_house_door_cn.dds,349680,referenced-full
texture/ply_all_bespin_house_door_sm.dds,2872,referenced-full
texture/ply_all_bespin_house_floor_int.dds,174904,referenced-full
texture/ply_all_bespin_house_roof.dds,174904,referenced-full
texture/ply_all_bespin_house_tile_ext.dds,174904,referenced-full
texture/ply_all_bespin_house_tile_ext_cn.dds,349680,referenced-basename
texture/ply_all_bespin_house_tile_ext_sm.dds,2872,referenced-basename
texture/ply_all_bespin_house_tile_int.dds,174904,referenced-full
texture/ply_all_bespin_house_wall_ext.dds,174904,referenced-full
texture/ply_all_bespin_house_wall_ext_cn.dds,349680,referenced-basename
texture/ply_all_bespin_house_wall_ext_sm.dds,2872,referenced-basename
texture/ply_all_bespin_house_wall_int.dds,174904,referenced-full
texture/ply_all_hangar_s01_floor.dds,87536,UNREFERENCED
texture/ply_all_hangar_s01_floor_cn.dds,87536,referenced-full
texture/ply_all_hangar_s01_frontwall.dds,349680,referenced-full
texture/ply_all_hangar_s01_frontwall_cn.dds,349680,referenced-full
texture/ply_all_hangar_s01_frontwall_sm.dds,2872,referenced-full
texture/ply_all_hangar_s01_maindoor.dds,349680,referenced-full
texture/ply_all_hangar_s01_maindoor_cn.dds,349680,referenced-full
texture/ply_all_hangar_s01_maindoor_sm.dds,2872,referenced-full
texture/ply_all_hangar_s01_metalplate.dds,87536,referenced-full
texture/ply_all_hangar_s01_metalplate_cn.dds,87536,referenced-basename
texture/ply_all_hangar_s01_metalplate_sm.dds,2872,referenced-basename
texture/ply_all_hangar_s01_rooflight.dds,87536,referenced-full
texture/ply_all_hangar_s01_rooflight_cn.dds,87536,referenced-full
texture/ply_all_hangar_s01_rooflight_emis.dds,87536,referenced-basename
texture/ply_all_hangar_s01_stripes.dds,349680,referenced-full
texture/ply_all_hangar_s01_stripes_cn.dds,349680,referenced-full
texture/ply_all_hangar_s01_stripes_emis.dds,349680,referenced-full
texture/ply_all_hangar_s01_stripes_sm.dds,2872,referenced-full
texture/ply_all_hangar_s01_wall.dds,349680,referenced-full
texture/ply_all_hangar_s01_wall_cn.dds,349680,referenced-full
texture/ply_all_hangar_s01_wall_emis.dds,349680,referenced-full
texture/ply_all_hangar_s01_wall_sm.dds,2872,referenced-full
texture/ply_all_jedi_meditation_room_concrete.dds,43832,referenced-basename
texture/ply_all_jedi_meditation_room_concrete_cn.dds,87536,referenced-basename
texture/ply_all_jedi_meditation_room_concrete_sm.dds,2872,referenced-basename
texture/ply_all_jedi_meditation_room_door.dds,43832,referenced-basename
texture/ply_all_jedi_meditation_room_door_cn.dds,87536,referenced-basename
texture/ply_all_jedi_meditation_room_door_sm.dds,2872,referenced-basename
texture/ply_all_jedi_meditation_room_engrave.dds,43832,referenced-basename
texture/ply_all_jedi_meditation_room_engrave_cn.dds,349652,referenced-basename
texture/ply_all_jedi_meditation_room_engraveend.dds,43832,referenced-basename
texture/ply_all_jedi_meditation_room_engraveend_cn.dds,349652,referenced-basename
texture/ply_all_jedi_meditation_room_engravestrip.dds,43832,referenced-basename
texture/ply_all_jedi_meditation_room_engravestrip_cn.dds,349652,referenced-basename
texture/ply_all_jedi_meditation_room_floor.dds,43832,referenced-basename
texture/ply_all_jedi_meditation_room_gold.dds,43832,referenced-basename
texture/ply_all_jedi_meditation_room_marble.dds,43832,referenced-basename
texture/ply_all_jedi_meditation_room_marble_cn.dds,349652,referenced-basename
texture/ply_all_jedi_meditation_room_marble_sm.dds,2872,referenced-basename
texture/ply_all_jedi_meditation_room_ornaments.dds,43832,referenced-basename
texture/ply_all_jedi_meditation_room_ornaments_cn.dds,349652,referenced-basename
texture/ply_all_jedi_meditation_room_strips.dds,43832,referenced-basename
texture/ply_all_jedi_meditation_room_strips_cn.dds,349652,referenced-basename
texture/ply_all_jedi_meditation_room_strips_sm.dds,2872,referenced-basename
texture/ply_all_jedi_meditation_room_tile.dds,43832,referenced-basename
texture/ply_all_jedi_meditation_room_tile_cn.dds,349652,referenced-basename
texture/ply_all_jedi_meditation_room_tile_sm.dds,2872,referenced-basename
texture/ply_all_sandcrawler_base.dds,43832,UNREFERENCED
texture/ply_all_sandcrawler_base_cn.dds,87536,referenced-full
texture/ply_all_sc_aft.dds,174928,referenced-full
texture/ply_all_sc_floor.dds,43832,referenced-full
texture/ply_all_sc_glass.dds,5616,referenced-full
texture/ply_all_sc_headlights.dds,11088,referenced-full
texture/ply_all_sc_metal_detail.dds,87536,referenced-full
texture/ply_all_sc_side.dds,349680,referenced-full
texture/ply_all_sc_top.dds,174928,referenced-full
texture/ply_all_sc_tread.dds,43856,referenced-full
texture/ply_all_sith_meditation_door.dds,174928,referenced-full
texture/ply_all_sith_meditation_door_cn.dds,174928,referenced-full
texture/ply_all_sith_meditation_room_door.dds,349680,referenced-basename
texture/ply_all_sith_meditation_room_door_cn.dds,349680,referenced-basename
texture/ply_all_sith_meditation_room_door_sm.dds,2872,referenced-basename
texture/ply_all_sith_meditation_room_floor.dds,43832,referenced-basename
texture/ply_all_sith_meditation_room_floor_cn.dds,87536,referenced-basename
texture/ply_all_sith_meditation_room_ground.dds,43832,referenced-basename
texture/ply_all_sith_meditation_room_ground_cn.dds,87536,referenced-basename
texture/ply_all_sith_meditation_room_ground_sm.dds,2872,referenced-basename
texture/ply_all_sith_meditation_room_groundcraked.dds,43832,referenced-basename
texture/ply_all_sith_meditation_room_groundcraked_cn.dds,87536,referenced-basename
texture/ply_all_sith_meditation_room_marble.dds,43832,referenced-basename
texture/ply_all_sith_meditation_room_marble_cn.dds,87536,referenced-basename
texture/ply_all_sith_meditation_room_marble_sm.dds,2872,referenced-basename
texture/ply_all_sith_meditation_room_marbledirt.dds,43832,referenced-basename
texture/ply_all_sith_meditation_room_marbledirt_sm.dds,2872,referenced-basename
texture/ply_all_sith_meditation_room_reddecor.dds,87536,referenced-basename
texture/ply_all_sith_meditation_room_reddecor_cn.dds,87536,referenced-basename
texture/ply_all_sith_meditation_room_reddecor_sm.dds,2872,referenced-basename
texture/ply_all_sith_meditation_room_wall.dds,43832,referenced-basename
texture/ply_all_sith_meditation_room_wall_cn.dds,349652,referenced-basename
texture/ply_all_sith_meditation_room_windows.dds,87536,referenced-basename
texture/ply_all_sith_meditation_room_windows_cn.dds,87536,referenced-basename
texture/ply_all_sith_meditation_room_windows_sm.dds,2872,referenced-basename
texture/ply_all_swimming_pool_arcs.dds,43832,referenced-full
texture/ply_all_swimming_pool_arcs_cn.dds,87536,referenced-full
texture/ply_all_swimming_pool_arcs_sm.dds,2872,referenced-full
texture/ply_all_swimming_pool_collumn.dds,43832,referenced-full
texture/ply_all_swimming_pool_collumn_cn.dds,87536,referenced-basename
texture/ply_all_swimming_pool_collumn_sm.dds,2872,referenced-basename
texture/ply_all_swimming_pool_door.dds,174904,referenced-full
texture/ply_all_swimming_pool_door_cn.dds,349680,referenced-full
texture/ply_all_swimming_pool_door_sm.dds,2872,referenced-full
texture/ply_all_swimming_pool_engrave.dds,43832,referenced-full
texture/ply_all_swimming_pool_engrave_cn.dds,87536,referenced-basename
texture/ply_all_swimming_pool_engrave_sm.dds,2872,referenced-basename
texture/ply_all_swimming_pool_floor.dds,43832,referenced-full
texture/ply_all_swimming_pool_floor_cn.dds,87536,referenced-full
texture/ply_all_swimming_pool_glass.dds,87536,referenced-full
texture/ply_all_swimming_pool_glass_sm.dds,5616,referenced-full
texture/ply_all_swimming_pool_metal.dds,43832,referenced-full
texture/ply_all_swimming_pool_metal_sm.dds,2872,referenced-full
texture/ply_all_swimming_pool_stripe.dds,43832,referenced-full
texture/ply_all_swimming_pool_stripe_cn.dds,87536,referenced-full
texture/ply_all_swimming_pool_stripe_sm.dds,2872,referenced-full
texture/ply_all_swimming_pool_tile.dds,43832,referenced-full
texture/ply_all_swimming_pool_tile_cn.dds,87536,referenced-full
texture/ply_all_swimming_pool_tile_sm.dds,2872,referenced-full
texture/ply_all_swimming_pool_wall.dds,43832,referenced-full
texture/ply_all_swimming_pool_wall_cn.dds,87536,referenced-full
texture/ply_all_swimming_pool_wall_sm.dds,2872,referenced-full
texture/ply_all_swimming_pool_water.dds,87536,referenced-full
texture/ply_all_yoda_house_barktree.dds,174904,referenced-full
texture/ply_all_yoda_house_barktree_cn.dds,349680,referenced-full
texture/ply_all_yoda_house_barktree_moss.dds,174904,referenced-basename
texture/ply_all_yoda_house_barktree_moss_cn.dds,349680,referenced-basename
texture/ply_all_yoda_house_barktree_moss_sm.dds,2872,referenced-basename
texture/ply_all_yoda_house_barktree_sm.dds,2872,referenced-full
texture/ply_all_yoda_house_deadleaves.dds,87536,referenced-full
texture/ply_all_yoda_house_deadleaves_sm.dds,5616,referenced-basename
texture/ply_all_yoda_house_mudground.dds,43832,referenced-full
texture/ply_all_yoda_house_mudground_cn.dds,87536,referenced-full
texture/ply_all_yoda_house_mudground_sm.dds,2872,referenced-full
texture/ply_all_yoda_house_stonefloor.dds,43832,referenced-full
texture/ply_all_yoda_house_stucco.dds,43832,referenced-full
texture/ply_all_yoda_house_stucco_cn.dds,87536,referenced-full
texture/ply_all_yoda_house_stucco_dirt.dds,43832,referenced-full
texture/ply_all_yoda_house_stucco_moss.dds,43832,referenced-full
texture/ply_all_yoda_house_stucco_moss_cn.dds,87536,referenced-basename
texture/ply_all_yoda_house_stucco_moss_sm.dds,2872,referenced-basename
texture/ply_all_yoda_house_stucco_sm.dds,2872,referenced-full
texture/ply_corl_stucco_fallback_window.dds,87536,referenced-full
texture/ply_corl_stucco_fallback_window_cn.dds,87536,referenced-basename
texture/ply_house_gen_blocks.dds,11088,referenced-full
texture/ply_house_gen_roof.dds,87536,referenced-full
texture/ply_house_gen_roof_n.dds,349652,referenced-full
texture/ply_house_gen_trim.dds,43856,referenced-full
texture/ply_house_gen_trim_n.dds,174892,referenced-full
texture/ply_house_gen_walls_s01.dds,87536,referenced-full
texture/ply_house_gen_walls_s02.dds,87536,referenced-full
texture/ply_imp_garden_base.dds,87536,referenced-full
texture/ply_imp_garden_base_cn.dds,87536,referenced-full
texture/ply_imp_garden_base_dirt.dds,349680,UNREFERENCED
texture/ply_imp_garden_base_dirt_cn.dds,349680,referenced-full
texture/ply_imp_garden_base_dirt_sm.dds,5616,referenced-full
texture/ply_imp_garden_base_sm.dds,5616,referenced-full
texture/ply_imp_garden_base_water.01.dds,22000,referenced-full
texture/ply_imp_garden_base_water.02.dds,22000,referenced-basename
texture/ply_imp_garden_base_water.03.dds,22000,referenced-basename
texture/ply_imp_garden_base_water.04.dds,22000,referenced-basename
texture/ply_imp_garden_base_water.05.dds,22000,referenced-basename
texture/ply_imp_garden_base_water.06.dds,22000,referenced-basename
texture/ply_imp_garden_base_water.07.dds,22000,referenced-basename
texture/ply_imp_garden_base_water.08.dds,22000,referenced-basename
texture/ply_imp_garden_base_water.09.dds,22000,referenced-basename
texture/ply_imp_garden_base_water.10.dds,22000,referenced-basename
texture/ply_imp_garden_base_water.11.dds,22000,referenced-basename
texture/ply_imp_garden_base_water.12.dds,22000,referenced-basename
texture/ply_imp_garden_base_water.13.dds,22000,referenced-basename
texture/ply_imp_garden_base_water.14.dds,22000,referenced-basename
texture/ply_imp_garden_base_water.15.dds,22000,referenced-basename
texture/ply_imp_garden_base_water.dds,22000,referenced-full
texture/ply_imp_garden_fountain.dds,87536,referenced-full
texture/ply_reb_garden_fountain.dds,87536,referenced-full
texture/ply_statue_imp_funnel.dds,43856,referenced-full
texture/ply_statue_imp_funnel_petal.dds,43856,referenced-full
texture/ply_statue_imp_leaf.dds,43856,referenced-full
texture/ply_tato_house_window_exterior_01.dds,87536,referenced-basename
texture/ply_tato_house_window_exterior_01_cn.dds,87536,referenced-basename
texture/ply_tato_house_window_exterior_02.dds,87536,referenced-basename
texture/ply_tato_house_window_exterior_02_cn.dds,87536,referenced-basename
texture/ply_tato_house_window_exterior_03.dds,87536,referenced-basename
texture/ply_tato_house_window_exterior_03_cn.dds,87536,referenced-basename
texture/ply_tato_house_window_exterior_sm.dds,87536,referenced-basename
texture/ply_tato_house_window_interior_floor.dds,87536,referenced-basename
texture/ply_tato_house_window_interior_floor_hue.dds,87536,referenced-basename
texture/ply_tato_house_window_interior_wall.dds,87536,referenced-basename
texture/ply_tato_house_window_interior_wall_hue.dds,87536,referenced-basename
texture/ply_tato_house_window_interior_wall_hue_cn.dds,87536,referenced-basename
texture/ply_tent_flap_pgc.dds,43856,referenced-full
texture/ply_tent_holocron.dds,87536,referenced-full
texture/ply_tent_pgc.dds,87536,referenced-full
texture/ply_tree_tall_leaves_s02.dds,87536,UNREFERENCED
texture/ply_tree_tall_leaves_s02_sm.dds,5616,referenced-full
texture/ply_tree_tall_trunk_s08.dds,349680,referenced-full
texture/ply_tree_tall_trunk_s08_cn.dds,349680,referenced-full
texture/ply_tree_tall_trunk_s08_deta.dds,43832,referenced-full
texture/ply_tree_tall_trunk_s08_sm.dds,22000,referenced-full
texture/ply_water.01.dds,22000,referenced-full
texture/ply_water.02.dds,22000,referenced-basename
texture/ply_water.03.dds,22000,referenced-basename
texture/ply_water.04.dds,22000,referenced-basename
texture/ply_water.05.dds,22000,referenced-basename
texture/ply_water.06.dds,22000,referenced-basename
texture/ply_water.07.dds,22000,referenced-basename
texture/ply_water.08.dds,22000,referenced-basename
texture/ply_window_house_all_concrete_a.dds,87536,referenced-full
texture/ply_window_house_all_concrete_a_cn.dds,87536,referenced-basename
texture/ply_window_house_all_concrete_a_hue.dds,87536,referenced-basename
texture/ply_window_house_all_concrete_a_n.dds,349652,UNREFERENCED
texture/ply_window_house_filler_d.dds,87536,referenced-full
texture/ply_window_house_filler_d_cn.dds,87536,referenced-full
texture/ply_window_house_metl_brown_rough.dds,87536,referenced-basename
texture/ply_window_house_metl_jnkshp_trim.dds,87536,referenced-basename
texture/ply_window_house_metl_watto_grate.dds,87536,referenced-basename
texture/ply_window_house_stco_filler_b_base.dds,87536,referenced-basename
texture/ply_window_house_stco_filler_b_base_cn.dds,87536,referenced-basename
texture/ply_window_house_tato_concreteb.dds,87536,referenced-full
texture/ply_window_house_tato_concreteb_cn.dds,349652,referenced-basename
texture/ply_window_house_tatt_stco_player_floor.dds,87536,referenced-basename
texture/podracer_sebulba_destroyed.dds,1398256,referenced-full
texture/podracer_sebulba_destroyed_cn.dds,1398256,referenced-full
texture/podracer_sebulba_destroyed_sm.dds,87536,referenced-full
texture/poi_all_barn_concrete.dds,43832,referenced-full
texture/poi_all_barn_concrete_gray.dds,87536,referenced-full
texture/poi_all_barn_concrete_gray_sm.dds,5616,referenced-full
texture/poi_all_barn_concrete_stripe.dds,43832,referenced-full
texture/poi_all_barn_concrete_stripe_sm.dds,2872,referenced-full
texture/poi_all_barn_stripe.dds,11064,referenced-full
texture/poi_all_barn_stripe_sm.dds,2872,referenced-full
texture/poi_all_bunker_cave_exterior_case.dds,349680,referenced-basename
texture/poi_all_bunker_cave_exterior_case_cn.dds,349680,referenced-basename
texture/poi_all_bunker_cave_exterior_case_sm.dds,87536,referenced-basename
texture/poi_all_bunker_cave_exterior_cn.dds,349680,referenced-full
texture/poi_all_bunker_cave_exterior_color.dds,349680,referenced-basename
texture/poi_all_bunker_cave_exterior_color_sm.dds,87536,referenced-basename
texture/poi_all_bunker_cave_exterior_detail.dds,87536,referenced-basename
texture/poi_all_bunker_cave_exterior_door.dds,87536,referenced-basename
texture/poi_all_bunker_cave_exterior_door_cn.dds,87536,referenced-basename
texture/poi_all_bunker_cave_exterior_door_sm.dds,22000,referenced-basename
texture/poi_all_diner_booth.dds,43832,referenced-full
texture/poi_all_diner_concrete.dds,349680,referenced-full
texture/poi_all_diner_concrete_sm.dds,5616,referenced-full
texture/poi_all_diner_door.dds,43832,referenced-full
texture/poi_all_diner_floor.dds,43832,referenced-full
texture/poi_all_diner_grid.dds,43832,referenced-full
texture/poi_all_diner_metal_01.dds,43832,referenced-full
texture/poi_all_diner_metal_02.dds,174904,referenced-full
texture/poi_all_diner_metal_02_sm.dds,2872,referenced-full
texture/poi_all_diner_plaque.dds,174904,referenced-full
texture/poi_all_diner_stool.dds,43832,referenced-full
texture/poi_all_diner_wall.dds,43832,referenced-full
texture/poi_all_force_bandit_bunker_1_cn.dds,349680,referenced-basename
texture/poi_all_force_bandit_bunker_1_e.dds,349680,referenced-full
texture/poi_all_force_bandit_bunker_1d.dds,349680,referenced-full
texture/poi_all_force_bandit_bunker_2_cn.dds,87536,referenced-basename
texture/poi_all_force_bandit_bunker_2d.dds,87536,referenced-full
texture/poi_all_force_bandit_bunker_lod.dds,87536,referenced-full
texture/poi_all_force_bandit_bunker_lod_e.dds,87536,referenced-basename
texture/poi_all_force_bandit_cooling_unit_1_cn.dds,87536,referenced-basename
texture/poi_all_force_bandit_cooling_unit_1d.dds,87536,referenced-basename
texture/poi_all_force_bandit_cooling_unit_1e.dds,87536,referenced-basename
texture/poi_all_force_bandit_cooling_unit_2_cn.dds,349680,referenced-basename
texture/poi_all_force_bandit_cooling_unit_2d.dds,349680,referenced-basename
texture/poi_all_force_bandit_cooling_unit_2e.dds,349680,referenced-basename
texture/poi_all_force_bandit_cooling_unit_lod.dds,87536,referenced-basename
texture/poi_all_force_bandit_cooling_unit_lod_e.dds,22000,referenced-basename
texture/poi_all_force_bandit_entrance_cn.dds,349680,referenced-basename
texture/poi_all_force_bandit_entrance_d.dds,349680,referenced-full
texture/poi_all_force_bandit_entrance_d_sm.dds,22000,referenced-basename
texture/poi_all_force_bandit_entrance_e.dds,349680,referenced-full
texture/poi_all_force_bandit_entrance_e_sm.dds,22000,referenced-basename
texture/poi_all_force_bandit_fence.01.dds,11064,referenced-full
texture/poi_all_force_bandit_fence.02.dds,11064,referenced-basename
texture/poi_all_force_bandit_fence.03.dds,22000,referenced-basename
texture/poi_all_force_bandit_fence.04.dds,11064,referenced-basename
texture/poi_all_force_bandit_fence.05.dds,11064,referenced-basename
texture/poi_all_force_bandit_fence.06.dds,11064,referenced-basename
texture/poi_all_force_bandit_fence.07.dds,11064,referenced-basename
texture/poi_all_force_bandit_fence.08.dds,11064,referenced-basename
texture/poi_all_force_bandit_fence_post_lod.dds,22032,referenced-basename
texture/poi_all_force_bandit_fence_post_lod_emis.dds,22032,referenced-basename
texture/poi_all_force_bandit_generator_01.dds,349680,referenced-basename
texture/poi_all_force_bandit_generator_01_cn.dds,349680,referenced-basename
texture/poi_all_force_bandit_generator_01_emis.dds,349680,referenced-basename
texture/poi_all_force_bandit_generator_02.dds,349680,referenced-basename
texture/poi_all_force_bandit_generator_cn.dds,349680,referenced-basename
texture/poi_all_force_bandit_generator_dtl.dds,43832,referenced-basename
texture/poi_all_lair_cave_hoth.dds,87536,referenced-full
texture/poi_all_lair_cave_hoth_cn.dds,87536,referenced-full
texture/poi_all_lair_cave_hoth_sm.dds,5616,referenced-full
texture/poi_all_lair_lava_beetle.dds,349680,UNREFERENCED
texture/poi_all_lair_lava_beetle_cn.dds,349680,referenced-full
texture/poi_all_lair_lava_beetle_sm.dds,22000,referenced-full
texture/poi_all_lair_lava_flea.dds,349680,referenced-full
texture/poi_all_lair_lava_flea_cn.dds,349680,referenced-full
texture/poi_all_lair_lava_flea_sm.dds,22000,referenced-full
texture/poi_all_lair_lava_lizard_01.dds,174928,referenced-full
texture/poi_all_lair_lava_lizard_01_cn.dds,174928,referenced-full
texture/poi_all_lair_lava_lizard_02.dds,174928,referenced-full
texture/poi_all_lair_lava_lizard_02_cn.dds,174928,referenced-full
texture/poi_all_lair_lava_lizard_lod.dds,22000,referenced-full
texture/poi_all_lair_tulrus.dds,349680,referenced-full
texture/poi_all_lair_tulrus_cn.dds,349680,referenced-full
texture/poi_all_lair_tulrus_sm.dds,22000,referenced-full
texture/poi_all_lair_xandank.dds,349680,referenced-full
texture/poi_all_lair_xandank_cn.dds,349680,referenced-full
texture/poi_all_lair_xandank_sm.dds,22000,referenced-full
texture/poi_aurilia_chiss_hut.dds,349680,referenced-full
texture/poi_aurilia_chiss_hut_cn.dds,349680,UNREFERENCED
texture/poi_aurilia_chiss_hut_detail.dds,87536,referenced-full
texture/poi_aurilia_chiss_hut_door.dds,43856,UNREFERENCED
texture/poi_aurilia_chiss_hut_door_cn.dds,43856,UNREFERENCED
texture/poi_aurilia_chiss_hut_intceiling.dds,87536,referenced-basename
texture/poi_aurilia_chiss_hut_intfloor.dds,87536,referenced-full
texture/poi_aurilia_chiss_hut_intwall.dds,87536,referenced-full
texture/poi_aurilia_chiss_hut_lod.dds,87536,referenced-full
texture/poi_aurilia_chiss_hut_metal.dds,87536,referenced-full
texture/poi_aurilia_chiss_hut_metal_cn.dds,87536,referenced-full
texture/poi_aurilia_chiss_hut_metal_detail.dds,87536,referenced-basename
texture/poi_aurilia_rodian_hut.dds,349680,referenced-full
texture/poi_aurilia_rodian_hut_ceiling.dds,87536,referenced-full
texture/poi_aurilia_rodian_hut_cn.dds,349680,referenced-full
texture/poi_aurilia_rodian_hut_detail.dds,87536,referenced-full
texture/poi_aurilia_rodian_hut_door.dds,43856,referenced-full
texture/poi_aurilia_rodian_hut_floor.dds,87536,referenced-full
texture/poi_aurilia_rodian_hut_floortrim.dds,87536,referenced-basename
texture/poi_aurilia_rodian_hut_grate.dds,87536,referenced-full
texture/poi_aurilia_rodian_hut_greywall.dds,87536,referenced-full
texture/poi_aurilia_rodian_hut_lod.dds,87536,referenced-full
texture/poi_aurilia_rodian_hut_walltrim.dds,87536,referenced-full
texture/poi_aurilia_rodian_hut_whitewall.dds,87536,referenced-basename
texture/poi_must_crashed_republic_ship_1.dds,349680,referenced-basename
texture/poi_must_crashed_republic_ship_1_cn.dds,349680,referenced-basename
texture/poi_must_crashed_republic_ship_1_sm.dds,21992,referenced-basename
texture/poi_must_crashed_republic_ship_1_sm_spec.dds,43856,referenced-basename
texture/poi_must_crashed_republic_ship_2.dds,349680,referenced-basename
texture/poi_must_crashed_republic_ship_2_cn.dds,349680,referenced-basename
texture/poi_must_crashed_republic_ship_bridge_1.dds,87536,referenced-basename
texture/poi_must_crashed_republic_ship_bridge_consol.dds,349680,referenced-basename
texture/poi_must_crashed_republic_ship_bridge_misc.dds,87536,referenced-basename
texture/poi_must_crashed_republic_ship_bridge_misc2.dds,87536,referenced-basename
texture/poi_must_crashed_republic_ship_bridge_misc3.dds,87536,referenced-basename
texture/poi_must_crashed_republic_ship_det.dds,349680,referenced-basename
texture/poi_must_crashed_republic_ship_det2.dds,174904,referenced-basename
texture/poi_must_crashed_republic_ship_door.dds,87536,referenced-basename
texture/poi_must_crashed_republic_ship_engine_sm.dds,22000,referenced-basename
texture/poi_must_crashed_republic_ship_genericmetal.dds,87536,referenced-basename
texture/poi_must_crashed_republic_ship_genericmetal01.dds,87536,referenced-full
texture/poi_must_crashed_republic_ship_hall_1.dds,87536,referenced-basename
texture/poi_must_crashed_republic_ship_hall_2.dds,87536,referenced-basename
texture/poi_must_crashed_republic_ship_hall_floor.dds,87536,referenced-basename
texture/poi_must_crashed_republic_ship_hall_misc.dds,87536,referenced-basename
texture/poi_must_crashed_republic_ship_hull_1.dds,349680,referenced-basename
texture/poi_must_crashed_republic_ship_hull_1_cn.dds,349680,referenced-basename
texture/poi_must_crashed_republic_ship_hull_1_sm.dds,87536,referenced-basename
texture/poi_must_crashed_republic_ship_hull_greeble.dds,174928,referenced-basename
texture/poi_must_crashed_republic_ship_hull_greeble_cn.dds,174928,referenced-full
texture/poi_must_hk47_static.dds,349680,referenced-full
texture/poi_must_hk47_static_cn.dds,349680,referenced-full
texture/poi_must_hk47_static_sm.dds,22000,referenced-full
texture/poi_must_hk47_static_spec.dds,349680,referenced-full
texture/poi_must_hk47_static_spec_sm.dds,22000,referenced-full
texture/poi_must_hk77.dds,349680,referenced-full
texture/poi_must_hk77_cn.dds,349680,referenced-full
texture/poi_must_hk77_sm.dds,22000,referenced-full
texture/poi_must_hk77_spec.dds,349680,referenced-full
texture/poi_must_hk77_spec_sm.dds,22000,referenced-full
texture/poi_rori_smuggler_landing_pad_1.dds,87536,referenced-full
texture/poi_rori_smuggler_watchtower.dds,87536,referenced-full
texture/poi_rori_smuggler_watchtower_1.dds,87536,referenced-full
texture/poi_rori_smuggler_watchtower_1_cn.dds,87536,referenced-basename
texture/poi_rori_smuggler_watchtower_2.dds,87536,referenced-full
texture/poi_rori_smuggler_watchtower_2_cn.dds,87536,referenced-basename
texture/poi_rori_smuggler_watchtower_3.dds,87536,referenced-full
texture/poi_rori_smuggler_watchtower_3_cn.dds,87536,referenced-basename
texture/poi_rori_smuggler_watchtower_4.dds,87536,referenced-full
texture/poi_rori_smuggler_watchtower_4_cn.dds,87536,referenced-basename
texture/poi_rori_smuggler_watchtower_5.dds,87536,referenced-full
texture/poi_rori_smuggler_watchtower_5_cn.dds,87536,referenced-basename
texture/poi_rori_smuggler_watchtower_6.dds,87536,referenced-full
texture/poi_rori_smuggler_watchtower_6_cn.dds,87536,referenced-basename
texture/poi_talus_jeditemple_dome_01.dds,174928,referenced-full
texture/poi_talus_jeditemple_dome_01_cn.dds,174928,referenced-full
texture/poi_talus_jeditemple_dome_02.dds,87536,referenced-full
texture/poi_talus_jeditemple_dome_02_cn.dds,87536,referenced-full
texture/poi_talus_jeditemple_dome_03.dds,87536,referenced-full
texture/poi_talus_jeditemple_dome_03_cn.dds,87536,referenced-full
texture/poi_talus_jeditemple_dome_04.dds,87536,referenced-full
texture/poi_talus_jeditemple_platform_1.dds,43832,referenced-full
texture/poi_talus_jeditemple_platform_1_cn.dds,87536,referenced-basename
texture/poi_talus_jeditemple_platform_2.dds,87536,referenced-full
texture/poi_talus_jeditemple_platform_2_cn.dds,87536,referenced-basename
texture/poi_talus_jeditemple_platform_dtl2.dds,87528,referenced-basename
texture/poi_talus_jeditemple_platform_lod.dds,43848,referenced-basename
texture/poi_talus_jeditemple_walls.dds,174928,referenced-full
texture/poi_talus_jeditemple_walls_cn.dds,174928,referenced-full
texture/poi_talus_jeditemple_walls_dirt.dds,87536,referenced-full
texture/poi_talus_jeditemple_walls_dirt_sm.dds,5616,referenced-basename
texture/poi_talus_jeditemple_walls_sm.dds,11088,referenced-full
texture/poi_talus_jeditemple_watchtower01.dds,174928,referenced-basename
texture/poi_talus_jeditemple_watchtower01_cn.dds,174928,referenced-basename
texture/poi_talus_jeditemple_watchtower02.dds,174928,referenced-basename
texture/poi_talus_jeditemple_watchtower02_cn.dds,174928,referenced-basename
texture/poi_talus_ley_line_marker.dds,349680,referenced-full
texture/poi_talus_ley_line_marker_cn.dds,349680,referenced-full
texture/poi_talus_ley_line_marker_emis.dds,87536,referenced-full
texture/poi_talus_ley_line_marker_emis_sm.dds,5616,referenced-basename
texture/poi_talus_ley_line_marker_sm.dds,22000,referenced-full
texture/prison_guard_uniform_jacket.dds,43832,referenced-full
texture/prison_guard_uniform_jacket_cn.dds,87536,referenced-full
texture/prison_guard_uniform_jacket_sm.dds,2872,referenced-full
texture/prison_guard_uniform_pants.dds,43832,referenced-full
texture/prison_guard_uniform_pants_cn.dds,87536,referenced-full
texture/prison_guard_uniform_pants_sm.dds,2872,referenced-full
texture/protocol_droid_efol_sm.dds,87536,referenced-full
texture/protocol_parts_bobblehead.dds,22000,referenced-full
texture/protocol_parts_efol.dds,22000,referenced-full
texture/pt_aerialstrike_ship_exhaust.dds,11064,referenced-full
texture/pt_anim_atom_ring2.dds,87536,referenced-full
texture/pt_anim_glossy.dds,87536,referenced-full
texture/pt_animated_flag.dds,87536,referenced-full
texture/pt_animated_ice_trail.dds,65664,referenced-full
texture/pt_animated_tactics.dds,22000,referenced-full
texture/pt_armor.dds,5616,referenced-full
texture/pt_armor_crack.dds,87536,referenced-full
texture/pt_armor_shimmer.dds,87536,referenced-full
texture/pt_arrow.dds,5616,referenced-full
texture/pt_arrow_disc_ring.dds,87536,referenced-full
texture/pt_artillerystrike_cloud.dds,22000,UNREFERENCED
texture/pt_artillerystrike_shell.dds,2872,UNREFERENCED
texture/pt_artillerystrike_shell_flare.dds,11064,referenced-full
texture/pt_ataru_focus_splat.dds,32896,referenced-full
texture/pt_blaster.dds,22000,referenced-full
texture/pt_bolt_whiteblue_taper.dds,11152,referenced-full
texture/pt_bolt_whiteylw_taper.dds,11152,referenced-full
texture/pt_bolt_yellow.dds,11152,referenced-full
texture/pt_bolt_yellow_center.dds,1520,referenced-full
texture/pt_bubble_burst.dds,22000,referenced-full
texture/pt_burning_fire_ball.dds,65664,referenced-full
texture/pt_calming_mind_ring.dds,16512,referenced-full
texture/pt_cho_mak_jung_ma_star.dds,16512,referenced-full
texture/pt_chocolate.dds,16512,referenced-full
texture/pt_cirlce_shimmer.dds,87536,referenced-full
texture/pt_clock.dds,87536,referenced-full
texture/pt_comlink.dds,5616,referenced-full
texture/pt_covert_eyes.dds,22000,referenced-full
texture/pt_dagger.dds,5616,referenced-full
texture/pt_dirt_clod_2alpha.dds,4224,referenced-full
texture/pt_duelist_stance.dds,87536,referenced-full
texture/pt_durni_camera.dds,65664,referenced-full
texture/pt_efol_hearts.dds,16512,referenced-full
texture/pt_efol_hearts_02.dds,16512,referenced-full
texture/pt_egg.dds,4224,referenced-full
texture/pt_egg_shell.dds,16512,referenced-full
texture/pt_ent_special_1.dds,349680,referenced-full
texture/pt_exar_kun_eyes.dds,16512,referenced-full
texture/pt_eye.dds,22000,referenced-full
texture/pt_face_distort.dds,16512,referenced-full
texture/pt_find_path_glow.dds,87536,referenced-full
texture/pt_find_path_grid.dds,43832,referenced-full
texture/pt_find_path_grid_alpha.dds,87536,referenced-full
texture/pt_find_path_waypoint.dds,43832,referenced-full
texture/pt_find_path_waypoint_alpha.dds,87536,referenced-full
texture/pt_firefield_flame_tail.dds,174904,referenced-full
texture/pt_food_icons.dds,16512,referenced-full
texture/pt_force_choke.dds,87536,referenced-full
texture/pt_force_lightning_maelstrom.dds,43856,UNREFERENCED
texture/pt_force_run.dds,22000,referenced-full
texture/pt_fountain_choco_splash_alpha.dds,16512,referenced-full
texture/pt_four_clover.dds,5616,referenced-full
texture/pt_fumble_shield.dds,87536,referenced-full
texture/pt_gel_blob.dds,65664,referenced-full
texture/pt_gel_blob2.dds,65664,referenced-full
texture/pt_gel_blob3.dds,87536,referenced-full
texture/pt_glowing_display_rocks_04.dds,65664,referenced-full
texture/pt_grapple_lightning.dds,65664,referenced-full
texture/pt_grenade_model.dds,22000,referenced-full
texture/pt_grenade_model_spec.dds,22000,referenced-full
texture/pt_grimace.dds,36656,referenced-full
texture/pt_guise_blue.dds,16512,referenced-full
texture/pt_happy_face.dds,22000,referenced-full
texture/pt_hologram_cloud.dds,65664,referenced-full
texture/pt_imperial_insignia.dds,5616,referenced-full
texture/pt_joyu_focus_ring.dds,16512,referenced-full
texture/pt_last_word.dds,22000,referenced-full
texture/pt_lavafield_bubble.dds,87536,referenced-full
texture/pt_lavafield_splash.dds,87536,referenced-full
texture/pt_level_up_lines.dds,43856,referenced-full
texture/pt_level_up_lines2.dds,22000,referenced-full
texture/pt_levelup_burst.dds,87536,referenced-full
texture/pt_levelup_glow.dds,87536,referenced-full
texture/pt_levelup_particle.dds,5616,referenced-full
texture/pt_levelup_ray.dds,22000,referenced-full
texture/pt_levelup_ring.dds,87536,UNREFERENCED
texture/pt_lifeday_forrest_grow_acorn.dds,16512,referenced-full
texture/pt_lifeday_globe_blue.dds,65664,referenced-full
texture/pt_lifeday_globe_green.dds,65664,referenced-full
texture/pt_lifeday_globe_red.dds,65664,referenced-full
texture/pt_lifeday_s01.dds,262272,referenced-full
texture/pt_lifeday_s02.dds,262272,referenced-full
texture/pt_lifeday_s03.dds,262272,referenced-full
texture/pt_lifeday_s04.dds,262272,referenced-full
texture/pt_lifeday_s05.dds,262272,referenced-full
texture/pt_mancatcher_beam.dds,11152,referenced-full
texture/pt_medic_bacta_icon.dds,4224,referenced-full
texture/pt_meditate_glow.dds,4224,referenced-full
texture/pt_meditate_shaft.dds,2176,referenced-full
texture/pt_money_safe.dds,5616,referenced-full
texture/pt_moon_ghost_s02.dds,262272,referenced-full
texture/pt_moon_ghost_s03.dds,262272,referenced-full
texture/pt_moon_ghost_s04.dds,16512,referenced-full
texture/pt_moon_ghost_s05.dds,16512,referenced-full
texture/pt_mustafar_distant_volcano_01.dds,87536,referenced-full
texture/pt_mustafar_distant_volcano_02.dds,349680,referenced-full
texture/pt_mustafar_distant_volcano_03.dds,87536,referenced-full
texture/pt_mustafar_distant_volcano_lava_01.dds,1398256,referenced-basename
texture/pt_mustafar_lava_crystal_dot.dds,5616,referenced-full
texture/pt_mustafar_lava_crystal_hand.dds,22000,referenced-full
texture/pt_mustafar_lava_crystal_soul.dds,22000,referenced-full
texture/pt_net.dds,87536,referenced-full
texture/pt_niman_stance_ring.dds,32896,referenced-full
texture/pt_no_weapon.dds,5616,referenced-full
texture/pt_orbitalstrike_beam.dds,22032,referenced-full
texture/pt_orbitalstrike_blast_lines.dds,87536,referenced-full
texture/pt_orbitalstrike_explosion_glow.dds,87536,referenced-full
texture/pt_orbitalstrike_explosion_glow_burst.dds,87536,referenced-full
texture/pt_orbitalstrike_fireball.dds,349680,referenced-full
texture/pt_orbitalstrike_white_smoke.dds,87536,referenced-full
texture/pt_poisonfield_glop.dds,16512,referenced-full
texture/pt_poisonfield_missle.dds,65664,referenced-full
texture/pt_rebel_insignia.dds,5616,referenced-full
texture/pt_red_rays.dds,22000,referenced-full
texture/pt_sai_tok_jung_ma_star.dds,16512,referenced-full
texture/pt_satellite.dds,87536,referenced-full
texture/pt_serotonin_conector.dds,22000,referenced-full
texture/pt_shiak_strike_blade.dds,8320,referenced-full
texture/pt_shii_cho_stance_cloud.dds,65664,UNREFERENCED
texture/pt_shii_cho_wave.dds,8320,referenced-full
texture/pt_shockwave_half.dds,87536,referenced-full
texture/pt_smoke_twisting_2.dds,65664,referenced-full
texture/pt_snow_specks.dds,65664,referenced-full
texture/pt_sparkly_cloud_imp.dds,65664,referenced-full
texture/pt_sparkly_cloud_reb.dds,65664,referenced-full
texture/pt_spider_frames_256.dds,16512,referenced-full
texture/pt_spiketrap_spikes.dds,87536,referenced-full
texture/pt_strike.dds,87536,referenced-full
texture/pt_strong_arm.dds,22000,referenced-full
texture/pt_sun_djem_jung_ma_star.dds,16512,referenced-full
texture/pt_take_cover.dds,22000,referenced-full
texture/pt_tanglebomb_arm1.dds,349680,referenced-full
texture/pt_tanglebomb_arm2.dds,349680,referenced-full
texture/pt_tanglebomb_tangle.dds,87536,referenced-full
texture/pt_target_white.dds,5616,referenced-full
texture/pt_trap_accent.dds,32896,referenced-full
texture/pt_volcano_smoke.dds,87536,referenced-full
texture/pt_webbomb_post.dds,4224,referenced-full
texture/pt_webbomb_web.dds,21992,referenced-full
texture/pt_yell.dds,22000,referenced-full
texture/ptch_dath_canyoncover_a1_n.dds,87536,referenced-full
texture/ptch_dath_canyoncover_a1_spec.dds,87536,referenced-full
texture/ptch_dath_canyoncover_a2_n.dds,87536,referenced-full
texture/ptch_dath_canyoncover_a2_spec.dds,87536,referenced-full
texture/ptch_dath_canyoncover_n.dds,87536,referenced-full
texture/ptch_dath_canyoncover_spec.dds,87536,referenced-full
texture/ptch_dath_canyoncoverlight_a1_n.dds,87536,referenced-full
texture/ptch_dath_canyoncoverlight_a1_spec.dds,87536,referenced-basename
texture/ptch_dath_canyoncoverlight_n.dds,87536,referenced-full
texture/ptch_dath_canyoncoverlight_spec.dds,87536,referenced-full
texture/ptch_endr_fern_green_spec.dds,87536,referenced-full
texture/ptch_ivy_solid_a1_spec.dds,87536,referenced-full
texture/ptch_ivy_solid_a2_spec.dds,87536,referenced-full
texture/ptch_ivy_solid_spec.dds,87536,referenced-full
texture/ptch_mushroommud_a1_spec.dds,87536,UNREFERENCED
texture/ptch_mushroommud_a2_spec.dds,87536,UNREFERENCED
texture/ptch_mushroommud_spec.dds,87536,referenced-full
texture/punch_dagger.dds,87536,referenced-full
texture/punch_dagger_blade.dds,43856,referenced-full
texture/punch_dagger_cn.dds,87536,referenced-full
texture/purple_4_4.dds,384,referenced-full
texture/pvp_barc_cn.dds,349680,referenced-full
texture/pvp_barc_glass.dds,22000,referenced-full
texture/pvp_barc_glass_spec.dds,22000,referenced-full
texture/pvp_barc_main.dds,349680,referenced-full
texture/pvp_barc_med_cn.dds,349680,referenced-full
texture/pvp_barc_misc.dds,87536,referenced-full
texture/pvp_imp_barc.dds,349680,referenced-full
texture/pvp_imp_barc_color2.dds,349680,referenced-full
texture/pvp_imp_barc_med.dds,349680,referenced-full
texture/pvp_imp_barc_med_color2.dds,349680,referenced-full
texture/pvp_imp_barc_med_spec.dds,349680,referenced-full
texture/pvp_imp_barc_sm.dds,87536,referenced-full
texture/pvp_imp_barc_sm_color2.dds,87536,referenced-full
texture/pvp_imp_barc_sm_spec.dds,87536,referenced-full
texture/pvp_imp_barc_spec.dds,349680,referenced-full
texture/pvp_reb_barc.dds,349680,referenced-full
texture/pvp_reb_barc_color2.dds,349680,referenced-full
texture/pvp_reb_barc_med.dds,349680,referenced-full
texture/pvp_reb_barc_med_color2.dds,349680,referenced-full
texture/pvp_reb_barc_med_spec.dds,349680,referenced-full
texture/pvp_reb_barc_sm.dds,87536,referenced-full
texture/pvp_reb_barc_sm_color2.dds,87536,referenced-full
texture/pvp_reb_barc_sm_spec.dds,87536,referenced-full
texture/pvp_reb_barc_spec.dds,349680,referenced-full
texture/ratigator_body.dds,349680,referenced-full
texture/ratigator_body_hue.dds,349680,referenced-full
texture/ratigator_body_n.dds,349680,referenced-full
texture/ratigator_body_sm.dds,5616,referenced-full
texture/ratigator_body_sm_hue.dds,5616,referenced-full
texture/ratigator_body_spec.dds,349680,referenced-full
texture/ratigator_wings.dds,87536,referenced-full
texture/ratigator_wings_hue.dds,87536,referenced-full
texture/ratigator_wings_n.dds,87536,referenced-full
texture/ratigator_wings_spec.dds,87536,referenced-full
texture/rebel_gunboat_ceil01.dds,87536,referenced-full
texture/rebel_gunboat_floor01.dds,349680,referenced-full
texture/rebel_gunboat_floorgrate01.dds,349680,referenced-full
texture/rebel_gunboat_monitor01.dds,349680,referenced-full
texture/rebel_gunboat_monitor01_e.dds,349680,referenced-full
texture/rebel_gunboat_monitor02.dds,349680,referenced-full
texture/rebel_gunboat_trim01.dds,349680,referenced-full
texture/rebel_gunboat_trim01_e.dds,87536,referenced-full
texture/rebel_gunboat_trim02.dds,174928,referenced-full
texture/rebel_gunboat_trim02_e.dds,43856,referenced-full
texture/rebel_gunboat_wall01.dds,349680,referenced-full
texture/rebel_gunboat_wall01_e.dds,87536,referenced-full
texture/rebel_gunboat_wall02.dds,349680,referenced-full
texture/rebel_gunboat_wall03.dds,349680,referenced-full
texture/rebel_gunboat_wall03_e.dds,87536,referenced-full
texture/rebel_logo_gcw.dds,5616,referenced-full
texture/rebel_logo_sm_gcw.dds,1520,referenced-full
texture/rebel_pistol.dds,22000,referenced-full
texture/rebel_pistol_cn.dds,22000,referenced-full
texture/rebel_pistol_sm.dds,5616,referenced-full
texture/rebel_pistol_spec_sm.dds,5616,referenced-full
texture/rebel_spire_dark_redmarble.dds,87536,referenced-full
texture/rebel_spire_dark_redmarble_cn.dds,87536,referenced-full
texture/rebel_spire_dark_redmarble_sm.dds,2872,referenced-full
texture/rebel_spire_dirt_redmarble.dds,87536,referenced-full
texture/rebel_spire_dirt_redmarble_cn.dds,87536,referenced-full
texture/rebel_spire_dirt_redmarble_sm.dds,2872,referenced-full
texture/rebel_spire_door.dds,87536,referenced-full
texture/rebel_spire_door_cn.dds,87536,referenced-full
texture/rebel_spire_glass.dds,87536,referenced-full
texture/rebel_spire_redfloor.dds,87536,referenced-full
texture/rebel_spire_redfloor_sm.dds,2872,referenced-full
texture/rebel_spire_redfloor_spec.dds,87536,referenced-full
texture/rebel_spire_redmarble.dds,87536,referenced-full
texture/rebel_spire_redmarble_cn.dds,87536,UNREFERENCED
texture/rebel_spire_redmarble_sm.dds,2872,UNREFERENCED
texture/rebel_spire_stripes.dds,87536,referenced-full
texture/rebel_spire_stripes_cn.dds,87536,referenced-full
texture/rebel_spire_stripes_sm.dds,2872,referenced-full
texture/rebel_spire_wall.dds,87536,referenced-full
texture/rebel_spire_wall_sm.dds,2872,referenced-full
texture/rebel_spire_wall_spec.dds,87536,referenced-full
texture/red_4_4.dds,496,referenced-full
texture/republic_gunship_itv_a.dds,349680,referenced-full
texture/republic_gunship_itv_a_cn.dds,349680,referenced-full
texture/republic_gunship_itv_a_sm.dds,2872,referenced-full
texture/republic_gunship_itv_a_spec.dds,174904,referenced-full
texture/republic_gunship_itv_b.dds,349680,referenced-full
texture/republic_gunship_itv_b_cn.dds,349680,referenced-full
texture/republic_gunship_itv_b_sm.dds,2872,referenced-full
texture/republic_gunship_itv_c.dds,349680,referenced-full
texture/republic_gunship_itv_c_cn.dds,349680,referenced-full
texture/republic_gunship_itv_c_sm.dds,2872,referenced-full
texture/republic_gunship_itv_c_spec.dds,349680,referenced-full
texture/republic_gunship_itv_d.dds,349680,referenced-full
texture/republic_gunship_itv_d_cn.dds,349680,referenced-full
texture/republic_gunship_itv_d_sm.dds,2872,referenced-full
texture/republic_gunship_itv_light.dds,5616,referenced-full
texture/republic_gunship_itv_sm.dds,349680,referenced-full
texture/reticle.dds,16512,referenced-full
texture/reticle_frame0.dds,4224,UNREFERENCED
texture/reticle_frame1.dds,4224,UNREFERENCED
texture/reticle_frame2.dds,4224,UNREFERENCED
texture/reticle_frame3.dds,4224,UNREFERENCED
texture/ric_920_speeder.dds,349680,referenced-full
texture/ric_920_speeder_cn.dds,349680,referenced-full
texture/ric_920_speeder_sm.dds,2872,referenced-full
texture/ric_920_speeder_spec.dds,349680,referenced-full
texture/rifle_dp23.dds,87536,referenced-full
texture/rifle_dp23_sm.dds,5616,referenced-full
texture/ring_gcw.dds,22000,referenced-full
texture/ring_gcw_cn.dds,22000,referenced-full
texture/robe_meatlump_a.dds,43856,referenced-full
texture/robe_meatlump_a_n.dds,43856,referenced-full
texture/robe_meatlump_a_sm.dds,11088,referenced-full
texture/robe_meatlump_b.dds,349680,referenced-full
texture/robe_meatlump_b_n.dds,349680,referenced-full
texture/robe_meatlump_b_sm.dds,87536,referenced-full
texture/robe_mon_mothma_01.dds,174904,referenced-full
texture/robe_mon_mothma_01_cn.dds,87536,referenced-full
texture/robe_mon_mothma_01_sm.dds,43832,referenced-full
texture/robe_mon_mothma_02.dds,87528,referenced-full
texture/robe_mon_mothma_02_cn.dds,43856,referenced-full
texture/robe_mon_mothma_02_sm.dds,21992,referenced-full
texture/robe_s32.dds,349680,referenced-full
texture/robe_s32_hood.dds,87536,referenced-full
texture/robe_s32_hood_n.dds,87536,referenced-full
texture/robe_s32_hood_sm.dds,2872,referenced-full
texture/robe_s32_inside.dds,349680,referenced-full
texture/robe_s32_inside_n.dds,349680,referenced-full
texture/robe_s32_inside_sm.dds,11064,referenced-full
texture/robe_s32_n.dds,349680,referenced-full
texture/robe_s32_sm.dds,22000,referenced-full
texture/robe_s33.dds,349680,referenced-full
texture/robe_s33_hood.dds,87536,referenced-full
texture/robe_s33_hood_n.dds,87536,referenced-full
texture/robe_s33_hood_sm.dds,5616,referenced-full
texture/robe_s33_inside.dds,349680,referenced-full
texture/robe_s33_inside_n.dds,349680,referenced-full
texture/robe_s33_inside_sm.dds,5616,UNREFERENCED
texture/robe_s33_n.dds,349680,referenced-full
texture/robe_s33_sm.dds,22000,referenced-full
texture/rock_brokenrockdirt_a1_n.dds,87536,UNREFERENCED
texture/rock_brokenrockdirt_a2_n.dds,87536,UNREFERENCED
texture/rock_brokenrockdirt_n.dds,87536,referenced-full
texture/rock_cliff_anza_a1_cn.dds,87536,referenced-full
texture/rock_cliff_anza_a2_cn.dds,87536,referenced-full
texture/rock_cliff_anza_cn.dds,87536,referenced-full
texture/rock_cliffcracked_brngrey_a1_cn.dds,87536,referenced-full
texture/rock_cliffcracked_brngrey_cn.dds,87536,referenced-full
texture/rock_cliffpocked_a1_cn.dds,87536,referenced-full
texture/rock_cliffpocked_a2_cn.dds,87536,referenced-full
texture/rock_cliffpocked_cn.dds,87536,referenced-full
texture/rock_cliffrough_erodedgray_a1_cn.dds,87536,referenced-basename
texture/rock_cliffrough_erodedgray_cn.dds,87536,referenced-full
texture/rock_dath_blue_a1_n.dds,87536,referenced-full
texture/rock_dath_blue_a2_n.dds,87536,referenced-full
texture/rock_dath_blue_a3_n.dds,87536,referenced-full
texture/rock_dath_blue_n.dds,87536,referenced-full
texture/rock_dath_bluered_n.dds,87536,referenced-full
texture/rock_dath_canyonmossy_n.dds,87536,referenced-full
texture/rock_dath_cliffred_a1_n.dds,87536,referenced-full
texture/rock_dath_cliffred_a2_n.dds,87536,referenced-full
texture/rock_dath_cliffred_n.dds,87536,referenced-full
texture/rock_dath_desertcanyon_a1_n.dds,87536,referenced-full
texture/rock_dath_desertcanyon_a2_n.dds,87536,referenced-full
texture/rock_dath_desertcanyon_a3_n.dds,87536,referenced-full
texture/rock_dath_desertcanyon_n.dds,87536,UNREFERENCED
texture/rock_dath_desertdirty_a1_n.dds,87536,referenced-full
texture/rock_dath_desertdirty_a2_n.dds,87536,referenced-full
texture/rock_dath_desertdirty_a3_n.dds,87536,referenced-full
texture/rock_dath_desertdirty_n.dds,87536,referenced-full
texture/rock_dath_desertmesa_a1_n.dds,87536,referenced-full
texture/rock_dath_desertmesa_a2_n.dds,87536,referenced-full
texture/rock_dath_desertmesa_n.dds,87536,referenced-full
texture/rock_dath_deserttarbank_a1_n.dds,87536,referenced-full
texture/rock_dath_deserttarbank_a2_n.dds,87536,referenced-full
texture/rock_dath_deserttarbank_n.dds,87536,referenced-full
texture/rock_dath_jaggedrock_n.dds,87536,referenced-full
texture/rock_dath_redhills_a2_n.dds,87536,referenced-full
texture/rock_dath_terracered_a1_n.dds,87536,referenced-full
texture/rock_dath_terracered_a2_n.dds,87536,referenced-full
texture/rock_dath_terracered_n.dds,87536,referenced-full
texture/rock_endoracid_cn.dds,87536,referenced-full
texture/rock_endr_selmamountains_a3_n.dds,87536,referenced-full
texture/rock_graniteplate_orange_a1_cn.dds,87536,referenced-full
texture/rock_graniteplate_orange_cn.dds,87536,referenced-full
texture/rock_gravel_fine_a1_cn.dds,87536,referenced-full
texture/rock_gravel_fine_a2_cn.dds,87536,referenced-full
texture/rock_gravel_fine_cn.dds,87536,referenced-full
texture/rock_gravel_large_a1_cn.dds,87536,referenced-full
texture/rock_gravel_large_a2_cn.dds,87536,referenced-full
texture/rock_gravel_large_cn.dds,87536,referenced-full
texture/rock_gravel_small_a1_cn.dds,87536,referenced-full
texture/rock_gravel_small_a2_cn.dds,87536,referenced-full
texture/rock_gravel_small_cn.dds,87536,referenced-full
texture/rock_lok_glowinglava_cn.dds,87536,referenced-full
texture/rock_lok_lava_a1_cn.dds,87536,referenced-full
texture/rock_lok_lava_cn.dds,87536,referenced-full
texture/rock_lok_whitecliff_a1_cn.dds,87536,referenced-full
texture/rock_lok_whitecliff_a2_cn.dds,87536,referenced-full
texture/rock_lok_whitecliff_a3_cn.dds,87536,referenced-full
texture/rock_lok_whitecliff_cn.dds,87536,referenced-full
texture/rock_mtns_whitelimestone_a1_cn.dds,87536,referenced-full
texture/rock_mtns_whitelimestone_a2_cn.dds,87536,referenced-full
texture/rock_mtns_whitelimestone_cn.dds,87536,referenced-full
texture/rock_mtnsgrey_cn.dds,87536,referenced-full
texture/rock_mtnssed_a1_n.dds,87536,referenced-full
texture/rock_mtnssed_a2_n.dds,87536,referenced-full
texture/rock_mtnssed_a3_n.dds,87536,referenced-full
texture/rock_mtnssed_n.dds,87536,referenced-full
texture/rock_musta_craggy_spire.dds,87536,referenced-full
texture/rock_musta_craggy_spire_cn.dds,87536,referenced-full
texture/rock_musta_craggy_spire_detail.dds,87536,UNREFERENCED
texture/rock_musta_craggy_spire_med_cn.dds,22000,referenced-full
texture/rock_musta_craggy_spire_sm.dds,5616,referenced-full
texture/rock_musta_craggy_spire_sm_spec.dds,5616,UNREFERENCED
texture/rock_musta_craggy_spire_spec.dds,174928,referenced-full
texture/rock_musta_craggy_spire_test.dds,349680,UNREFERENCED
texture/rock_musta_scorched.dds,87536,referenced-full
texture/rock_musta_scorched_cn.dds,87536,referenced-full
texture/rock_musta_scorched_detail.dds,87536,referenced-full
texture/rock_musta_scorched_med.dds,22000,referenced-full
texture/rock_musta_scorched_med_cn.dds,22000,referenced-full
texture/rock_musta_scorched_sm.dds,5616,referenced-full
texture/rock_musta_scorched_sm_spec.dds,5616,referenced-full
texture/rock_mustafar_cheese_gen_s01.dds,87536,referenced-full
texture/rock_mustafar_cheese_gen_s01_cn.dds,87536,referenced-full
texture/rock_mustafar_cheese_gen_s01_spec.dds,87536,referenced-basename
texture/rock_mustafar_cheese_gen_s02.dds,87536,referenced-full
texture/rock_mustafar_cheese_gen_s02_cn.dds,87536,referenced-full
texture/rock_mustafar_cheese_gen_s02_spec.dds,87536,referenced-basename
texture/rock_mustafar_cheese_gen_s03.dds,87536,referenced-full
texture/rock_mustafar_cheese_gen_s03_cn.dds,87536,referenced-full
texture/rock_mustafar_cheese_gen_s03_spec.dds,87536,referenced-basename
texture/rock_mustafar_chunk_gen_s01.dds,87536,referenced-full
texture/rock_mustafar_chunk_gen_s01_cn.dds,87536,referenced-full
texture/rock_mustafar_chunk_gen_s01_spec.dds,87536,referenced-basename
texture/rock_mustafar_chunk_gen_s02.dds,87536,referenced-full
texture/rock_mustafar_chunk_gen_s02_cn.dds,87536,referenced-full
texture/rock_mustafar_chunk_gen_s02_spec.dds,87536,referenced-basename
texture/rock_mustafar_chunk_gen_s03.dds,87536,referenced-full
texture/rock_mustafar_chunk_gen_s03_cn.dds,87536,referenced-full
texture/rock_mustafar_chunk_gen_s03_spec.dds,87536,referenced-basename
texture/rock_mustafar_chunk_gen_s04.dds,87536,referenced-full
texture/rock_mustafar_chunk_gen_s04_cn.dds,87536,referenced-full
texture/rock_mustafar_chunk_gen_s04_spec.dds,87536,referenced-basename
texture/rock_mustafar_crack_cliff_s01.dds,87536,referenced-full
texture/rock_mustafar_crack_cliff_s01_cn.dds,87536,referenced-basename
texture/rock_mustafar_crack_cliff_s01_spec.dds,87536,referenced-basename
texture/rock_mustafar_crack_cliff_s02.dds,87536,referenced-full
texture/rock_mustafar_crack_cliff_s02_cn.dds,87536,referenced-basename
texture/rock_mustafar_crack_cliff_s02_spec.dds,87536,referenced-basename
texture/rock_mustafar_crack_cliff_s03.dds,87536,referenced-full
texture/rock_mustafar_crack_cliff_s03_cn.dds,87536,referenced-basename
texture/rock_mustafar_crack_cliff_s03_spec.dds,87536,referenced-basename
texture/rock_mustafar_crack_detail_s01.dds,87536,referenced-full
texture/rock_mustafar_crack_detail_s01_cn.dds,87536,referenced-basename
texture/rock_mustafar_crack_detail_s01_emis.dds,87536,UNREFERENCED
texture/rock_mustafar_crack_detail_s01_spec.dds,87536,referenced-basename
texture/rock_mustafar_crack_detail_s02.dds,87536,referenced-full
texture/rock_mustafar_crack_detail_s02_cn.dds,87536,referenced-basename
texture/rock_mustafar_crack_detail_s02_emis.dds,87536,UNREFERENCED
texture/rock_mustafar_crack_detail_s02_spec.dds,87536,referenced-basename
texture/rock_mustafar_crack_detail_s03.dds,87536,referenced-full
texture/rock_mustafar_crack_detail_s03_cn.dds,87536,referenced-basename
texture/rock_mustafar_crack_detail_s03_emis.dds,87536,UNREFERENCED
texture/rock_mustafar_crack_detail_s03_spec.dds,87536,referenced-basename
texture/rock_mustafar_crack_grnd_s01.dds,87536,referenced-full
texture/rock_mustafar_crack_grnd_s01_cn.dds,87536,referenced-full
texture/rock_mustafar_crack_grnd_s01_spec.dds,87536,referenced-basename
texture/rock_mustafar_crack_grnd_s02.dds,87536,referenced-full
texture/rock_mustafar_crack_grnd_s02_cn.dds,87536,referenced-full
texture/rock_mustafar_crack_grnd_s02_spec.dds,87536,referenced-basename
texture/rock_mustafar_crack_grnd_s03.dds,87536,referenced-full
texture/rock_mustafar_crack_grnd_s03_cn.dds,87536,referenced-full
texture/rock_mustafar_crack_grnd_s03_spec.dds,87536,referenced-basename
texture/rock_mustafar_crater_cliff_s01.dds,87536,referenced-full
texture/rock_mustafar_crater_cliff_s01_cn.dds,87536,referenced-basename
texture/rock_mustafar_crater_cliff_s01_spec.dds,87536,referenced-basename
texture/rock_mustafar_crater_cliff_s02.dds,87536,referenced-full
texture/rock_mustafar_crater_cliff_s02_cn.dds,87536,referenced-basename
texture/rock_mustafar_crater_cliff_s02_spec.dds,87536,referenced-basename
texture/rock_mustafar_crater_cliff_s03.dds,87536,referenced-full
texture/rock_mustafar_crater_cliff_s03_cn.dds,87536,referenced-basename
texture/rock_mustafar_crater_cliff_s03_spec.dds,87536,referenced-basename
texture/rock_mustafar_crater_detail_s01.dds,87536,referenced-full
texture/rock_mustafar_crater_detail_s01_cn.dds,87536,referenced-basename
texture/rock_mustafar_crater_detail_s01_emis.dds,87536,UNREFERENCED
texture/rock_mustafar_crater_detail_s01_spec.dds,87536,referenced-basename
texture/rock_mustafar_crater_detail_s02.dds,87536,referenced-full
texture/rock_mustafar_crater_detail_s02_cn.dds,87536,referenced-basename
texture/rock_mustafar_crater_detail_s02_emis.dds,87536,UNREFERENCED
texture/rock_mustafar_crater_detail_s02_spec.dds,87536,referenced-basename
texture/rock_mustafar_crater_detail_s03.dds,87536,referenced-full
texture/rock_mustafar_crater_detail_s03_cn.dds,87536,referenced-basename
texture/rock_mustafar_crater_detail_s03_emis.dds,87536,UNREFERENCED
texture/rock_mustafar_crater_detail_s03_spec.dds,87536,referenced-basename
texture/rock_mustafar_crater_grnd_s01.dds,87536,referenced-full
texture/rock_mustafar_crater_grnd_s01_cn.dds,87536,referenced-basename
texture/rock_mustafar_crater_grnd_s01_spec.dds,87536,referenced-basename
texture/rock_mustafar_crater_grnd_s02.dds,87536,referenced-full
texture/rock_mustafar_crater_grnd_s02_cn.dds,87536,referenced-basename
texture/rock_mustafar_crater_grnd_s02_spec.dds,87536,referenced-basename
texture/rock_mustafar_crater_grnd_s03.dds,87536,referenced-full
texture/rock_mustafar_crater_grnd_s03_cn.dds,87536,referenced-basename
texture/rock_mustafar_crater_grnd_s03_spec.dds,87536,referenced-basename
texture/rock_mustafar_flat_cliff_s01.dds,87536,referenced-full
texture/rock_mustafar_flat_cliff_s01_cn.dds,87536,referenced-full
texture/rock_mustafar_flat_cliff_s01_spec.dds,87536,referenced-basename
texture/rock_mustafar_flat_cliff_s02.dds,87536,referenced-full
texture/rock_mustafar_flat_cliff_s02_cn.dds,87536,referenced-full
texture/rock_mustafar_flat_cliff_s02_spec.dds,87536,referenced-basename
texture/rock_mustafar_flat_cliff_s03.dds,87536,referenced-full
texture/rock_mustafar_flat_cliff_s03_cn.dds,87536,referenced-full
texture/rock_mustafar_flat_cliff_s03_spec.dds,87536,referenced-basename
texture/rock_mustafar_flat_detail_s01.dds,87536,referenced-full
texture/rock_mustafar_flat_detail_s01_cn.dds,87536,referenced-basename
texture/rock_mustafar_flat_detail_s01_emis.dds,87536,UNREFERENCED
texture/rock_mustafar_flat_detail_s01_spec.dds,87536,referenced-basename
texture/rock_mustafar_flat_detail_s02.dds,87536,referenced-full
texture/rock_mustafar_flat_detail_s02_cn.dds,87536,referenced-basename
texture/rock_mustafar_flat_detail_s02_emis.dds,87536,UNREFERENCED
texture/rock_mustafar_flat_detail_s02_spec.dds,87536,referenced-basename
texture/rock_mustafar_flat_detail_s03.dds,87536,referenced-full
texture/rock_mustafar_flat_detail_s03_cn.dds,87536,referenced-basename
texture/rock_mustafar_flat_detail_s03_emis.dds,87536,UNREFERENCED
texture/rock_mustafar_flat_detail_s03_spec.dds,87536,referenced-basename
texture/rock_mustafar_flat_grnd_s01.dds,87536,referenced-full
texture/rock_mustafar_flat_grnd_s01_cn.dds,87536,referenced-full
texture/rock_mustafar_flat_grnd_s01_spec.dds,87536,referenced-basename
texture/rock_mustafar_flat_grnd_s02.dds,87536,referenced-full
texture/rock_mustafar_flat_grnd_s02_cn.dds,87536,referenced-full
texture/rock_mustafar_flat_grnd_s02_spec.dds,87536,referenced-basename
texture/rock_mustafar_flat_grnd_s03.dds,87536,referenced-full
texture/rock_mustafar_flat_grnd_s03_cn.dds,87536,referenced-full
texture/rock_mustafar_flat_grnd_s03_spec.dds,87536,referenced-basename
texture/rock_mustafar_gravel_cliff_s01.dds,87536,referenced-full
texture/rock_mustafar_gravel_cliff_s01_cn.dds,87536,referenced-basename
texture/rock_mustafar_gravel_cliff_s01_spec.dds,87536,referenced-basename
texture/rock_mustafar_gravel_cliff_s02.dds,87536,referenced-full
texture/rock_mustafar_gravel_cliff_s02_cn.dds,87536,referenced-basename
texture/rock_mustafar_gravel_cliff_s02_spec.dds,87536,referenced-basename
texture/rock_mustafar_gravel_cliff_s03.dds,87536,referenced-full
texture/rock_mustafar_gravel_cliff_s03_cn.dds,87536,referenced-basename
texture/rock_mustafar_gravel_cliff_s03_spec.dds,87536,referenced-basename
texture/rock_mustafar_gravel_detail_s01.dds,87536,referenced-full
texture/rock_mustafar_gravel_detail_s01_cn.dds,87536,referenced-basename
texture/rock_mustafar_gravel_detail_s01_emis.dds,87536,UNREFERENCED
texture/rock_mustafar_gravel_detail_s01_spec.dds,87536,referenced-basename
texture/rock_mustafar_gravel_detail_s02.dds,87536,referenced-full
texture/rock_mustafar_gravel_detail_s02_cn.dds,87536,referenced-basename
texture/rock_mustafar_gravel_detail_s02_emis.dds,87536,UNREFERENCED
texture/rock_mustafar_gravel_detail_s02_spec.dds,87536,referenced-basename
texture/rock_mustafar_gravel_detail_s03.dds,87536,referenced-full
texture/rock_mustafar_gravel_detail_s03_cn.dds,87536,referenced-basename
texture/rock_mustafar_gravel_detail_s03_emis.dds,87536,UNREFERENCED
texture/rock_mustafar_gravel_detail_s03_spec.dds,87536,referenced-basename
texture/rock_mustafar_gravel_grnd_s01.dds,87536,referenced-full
texture/rock_mustafar_gravel_grnd_s01_cn.dds,87536,referenced-basename
texture/rock_mustafar_gravel_grnd_s01_spec.dds,87536,referenced-basename
texture/rock_mustafar_gravel_grnd_s02.dds,87536,referenced-full
texture/rock_mustafar_gravel_grnd_s02_cn.dds,87536,referenced-basename
texture/rock_mustafar_gravel_grnd_s02_spec.dds,87536,referenced-basename
texture/rock_mustafar_gravel_grnd_s03.dds,87536,referenced-full
texture/rock_mustafar_gravel_grnd_s03_cn.dds,87536,referenced-basename
texture/rock_mustafar_gravel_grnd_s03_spec.dds,87536,referenced-basename
texture/rock_mustafar_gravel_s01.dds,65664,UNREFERENCED
texture/rock_mustafar_gravel_s01_n.dds,65664,referenced-full
texture/rock_mustafar_gravel_s02.dds,87536,UNREFERENCED
texture/rock_mustafar_gravel_s02_n.dds,87536,referenced-full
texture/rock_mustafar_lava_edge_s01.dds,87536,referenced-full
texture/rock_mustafar_lava_edge_s01_cn.dds,87536,referenced-full
texture/rock_mustafar_lava_edge_s01_spec.dds,87536,referenced-basename
texture/rock_mustafar_lava_edge_s02.dds,87536,referenced-full
texture/rock_mustafar_lava_edge_s02_cn.dds,87536,referenced-full
texture/rock_mustafar_lava_edge_s02_spec.dds,87536,referenced-basename
texture/rock_mustafar_lava_edge_s03.dds,87536,referenced-full
texture/rock_mustafar_lava_edge_s03_cn.dds,87536,referenced-full
texture/rock_mustafar_lava_edge_s03_spec.dds,87536,referenced-basename
texture/rock_mustafar_lava_edge_s04.dds,87536,referenced-full
texture/rock_mustafar_lava_edge_s04_cn.dds,87536,referenced-full
texture/rock_mustafar_lava_edge_s04_spec.dds,87536,referenced-basename
texture/rock_mustafar_s01.dds,65664,referenced-full
texture/rock_mustafar_s01_n.dds,65664,referenced-full
texture/rock_mustafar_s02.dds,65664,referenced-full
texture/rock_mustafar_s02_n.dds,65664,referenced-full
texture/rock_mustafar_s03.dds,87536,referenced-full
texture/rock_mustafar_s03_n.dds,87536,referenced-full
texture/rock_mustafar_s04.dds,65664,referenced-full
texture/rock_mustafar_s04_n.dds,65664,referenced-full
texture/rock_mustafar_s05.dds,65664,referenced-full
texture/rock_mustafar_s05_n.dds,65664,referenced-full
texture/rock_mustafar_scorched_cliff_s01.dds,87536,referenced-basename
texture/rock_mustafar_scorched_cliff_s01_cn.dds,87536,referenced-basename
texture/rock_mustafar_scorched_cliff_s01_spec.dds,87536,referenced-basename
texture/rock_mustafar_scorched_cliff_s02.dds,87536,referenced-basename
texture/rock_mustafar_scorched_cliff_s02_cn.dds,87536,referenced-basename
texture/rock_mustafar_scorched_cliff_s02_spec.dds,87536,referenced-basename
texture/rock_mustafar_scorched_cliff_s03.dds,87536,referenced-basename
texture/rock_mustafar_scorched_cliff_s03_cn.dds,87536,referenced-basename
texture/rock_mustafar_scorched_cliff_s03_spec.dds,87536,referenced-basename
texture/rock_mustafar_slate_gen_s01.dds,87536,referenced-full
texture/rock_mustafar_slate_gen_s01_cn.dds,87536,referenced-full
texture/rock_mustafar_slate_gen_s01_spec.dds,87536,referenced-basename
texture/rock_mustafar_slate_gen_s02.dds,87536,referenced-full
texture/rock_mustafar_slate_gen_s02_cn.dds,87536,referenced-full
texture/rock_mustafar_slate_gen_s02_spec.dds,87536,referenced-basename
texture/rock_mustafar_slate_gen_s03.dds,87536,referenced-full
texture/rock_mustafar_slate_gen_s03_cn.dds,87536,referenced-full
texture/rock_mustafar_slate_gen_s03_spec.dds,87536,referenced-basename
texture/rock_mustafar_smooth_cliff_s01.dds,87536,referenced-full
texture/rock_mustafar_smooth_cliff_s01_cn.dds,87536,referenced-basename
texture/rock_mustafar_smooth_cliff_s01_spec.dds,87536,referenced-basename
texture/rock_mustafar_smooth_cliff_s02.dds,87536,referenced-full
texture/rock_mustafar_smooth_cliff_s02_cn.dds,87536,referenced-basename
texture/rock_mustafar_smooth_cliff_s02_spec.dds,87536,referenced-basename
texture/rock_mustafar_smooth_cliff_s03.dds,87536,referenced-full
texture/rock_mustafar_smooth_cliff_s03_cn.dds,87536,referenced-basename
texture/rock_mustafar_smooth_cliff_s03_spec.dds,87536,referenced-basename
texture/rock_mustafar_smooth_detail_s01.dds,87536,referenced-full
texture/rock_mustafar_smooth_detail_s01_cn.dds,87536,referenced-basename
texture/rock_mustafar_smooth_detail_s01_spec.dds,87536,referenced-basename
texture/rock_mustafar_smooth_detail_s02.dds,87536,referenced-full
texture/rock_mustafar_smooth_detail_s02_cn.dds,87536,referenced-basename
texture/rock_mustafar_smooth_detail_s02_spec.dds,87536,referenced-basename
texture/rock_mustafar_smooth_detail_s03.dds,87536,referenced-full
texture/rock_mustafar_smooth_detail_s03_cn.dds,87536,referenced-basename
texture/rock_mustafar_smooth_detail_s03_spec.dds,87536,referenced-basename
texture/rock_mustafar_smooth_grnd_s01.dds,87536,referenced-full
texture/rock_mustafar_smooth_grnd_s01_cn.dds,87536,referenced-basename
texture/rock_mustafar_smooth_grnd_s01_spec.dds,87536,referenced-basename
texture/rock_mustafar_smooth_grnd_s02.dds,87536,referenced-full
texture/rock_mustafar_smooth_grnd_s02_cn.dds,87536,referenced-basename
texture/rock_mustafar_smooth_grnd_s02_spec.dds,87536,referenced-basename
texture/rock_mustafar_smooth_grnd_s03.dds,87536,referenced-full
texture/rock_mustafar_smooth_grnd_s03_cn.dds,87536,referenced-basename
texture/rock_mustafar_smooth_grnd_s03_spec.dds,87536,referenced-basename
texture/rock_mustafar_stones_cliff_s01.dds,87536,referenced-full
texture/rock_mustafar_stones_cliff_s01_cn.dds,87536,referenced-basename
texture/rock_mustafar_stones_cliff_s01_spec.dds,87536,referenced-basename
texture/rock_mustafar_stones_cliff_s02.dds,87536,referenced-full
texture/rock_mustafar_stones_cliff_s02_cn.dds,87536,referenced-basename
texture/rock_mustafar_stones_cliff_s02_spec.dds,87536,referenced-basename
texture/rock_mustafar_stones_cliff_s03.dds,87536,referenced-full
texture/rock_mustafar_stones_cliff_s03_cn.dds,87536,referenced-basename
texture/rock_mustafar_stones_cliff_s03_spec.dds,87536,referenced-basename
texture/rock_mustafar_stones_detail_s01.dds,87536,referenced-full
texture/rock_mustafar_stones_detail_s01_cn.dds,87536,referenced-basename
texture/rock_mustafar_stones_detail_s01_emis.dds,87536,UNREFERENCED
texture/rock_mustafar_stones_detail_s01_spec.dds,87536,referenced-basename
texture/rock_mustafar_stones_detail_s02.dds,87536,referenced-full
texture/rock_mustafar_stones_detail_s02_cn.dds,87536,referenced-basename
texture/rock_mustafar_stones_detail_s02_emis.dds,87536,UNREFERENCED
texture/rock_mustafar_stones_detail_s02_spec.dds,87536,referenced-basename
texture/rock_mustafar_stones_detail_s03.dds,87536,referenced-full
texture/rock_mustafar_stones_detail_s03_cn.dds,87536,referenced-basename
texture/rock_mustafar_stones_detail_s03_emis.dds,87536,UNREFERENCED
texture/rock_mustafar_stones_detail_s03_spec.dds,87536,referenced-basename
texture/rock_mustafar_stones_grnd_s01.dds,87536,referenced-full
texture/rock_mustafar_stones_grnd_s01_cn.dds,87536,referenced-basename
texture/rock_mustafar_stones_grnd_s01_spec.dds,87536,referenced-basename
texture/rock_mustafar_stones_grnd_s02.dds,87536,referenced-full
texture/rock_mustafar_stones_grnd_s02_cn.dds,87536,referenced-basename
texture/rock_mustafar_stones_grnd_s02_spec.dds,87536,referenced-basename
texture/rock_mustafar_stones_grnd_s03.dds,87536,referenced-full
texture/rock_mustafar_stones_grnd_s03_cn.dds,87536,referenced-basename
texture/rock_mustafar_stones_grnd_s03_spec.dds,87536,referenced-basename
texture/rock_mustafar_strata_cliff_s01.dds,87536,referenced-full
texture/rock_mustafar_strata_cliff_s01_cn.dds,87536,referenced-basename
texture/rock_mustafar_strata_cliff_s01_spec.dds,87536,referenced-basename
texture/rock_mustafar_strata_cliff_s02.dds,87536,referenced-full
texture/rock_mustafar_strata_cliff_s02_cn.dds,87536,referenced-basename
texture/rock_mustafar_strata_cliff_s02_spec.dds,87536,referenced-basename
texture/rock_mustafar_strata_cliff_s03.dds,87536,referenced-full
texture/rock_mustafar_strata_cliff_s03_cn.dds,87536,referenced-basename
texture/rock_mustafar_strata_cliff_s03_spec.dds,87536,referenced-basename
texture/rock_mustafar_strata_detail_s01.dds,87536,referenced-full
texture/rock_mustafar_strata_detail_s01_cn.dds,87536,referenced-basename
texture/rock_mustafar_strata_detail_s01_spec.dds,87536,referenced-basename
texture/rock_mustafar_strata_detail_s02.dds,87536,referenced-full
texture/rock_mustafar_strata_detail_s02_cn.dds,87536,referenced-basename
texture/rock_mustafar_strata_detail_s02_emis.dds,87536,UNREFERENCED
texture/rock_mustafar_strata_detail_s02_spec.dds,87536,referenced-basename
texture/rock_mustafar_strata_detail_s03.dds,87536,referenced-full
texture/rock_mustafar_strata_detail_s03_cn.dds,87536,referenced-basename
texture/rock_mustafar_strata_detail_s03_emis.dds,87536,UNREFERENCED
texture/rock_mustafar_strata_detail_s03_spec.dds,87536,referenced-basename
texture/rock_mustafar_strata_grnd_s01.dds,87536,referenced-full
texture/rock_mustafar_strata_grnd_s01_cn.dds,87536,referenced-basename
texture/rock_mustafar_strata_grnd_s01_spec.dds,87536,referenced-basename
texture/rock_mustafar_strata_grnd_s02.dds,87536,referenced-full
texture/rock_mustafar_strata_grnd_s02_cn.dds,87536,referenced-basename
texture/rock_mustafar_strata_grnd_s02_spec.dds,87536,referenced-basename
texture/rock_mustafar_strata_grnd_s03.dds,87536,referenced-full
texture/rock_mustafar_strata_grnd_s03_cn.dds,87536,referenced-basename
texture/rock_mustafar_strata_grnd_s03_spec.dds,87536,referenced-basename
texture/rock_mustafar_sulfur_gen_grnd_s01.dds,87536,referenced-basename
texture/rock_mustafar_sulfur_gen_grnd_s01_cn.dds,87536,referenced-basename
texture/rock_mustafar_sulfur_gen_grnd_s01_spec.dds,87536,referenced-basename
texture/rock_mustafar_sulfur_gen_grnd_s02.dds,87536,referenced-basename
texture/rock_mustafar_sulfur_gen_grnd_s02_cn.dds,87536,referenced-basename
texture/rock_mustafar_sulfur_gen_grnd_s02_spec.dds,87536,referenced-basename
texture/rock_mustafar_sulfur_gen_grnd_s03.dds,87536,referenced-basename
texture/rock_mustafar_sulfur_gen_grnd_s03_cn.dds,87536,referenced-basename
texture/rock_mustafar_sulfur_gen_grnd_s03_spec.dds,87536,referenced-basename
texture/rock_mustafar_sulfur_gen_grnd_s04.dds,87536,referenced-basename
texture/rock_mustafar_sulfur_gen_grnd_s04_cn.dds,87536,referenced-basename
texture/rock_mustafar_sulfur_gen_grnd_s04_spec.dds,87536,referenced-basename
texture/rock_mustafar_sulfur_gen_s01.dds,87536,referenced-full
texture/rock_mustafar_sulfur_gen_s01_cn.dds,87536,referenced-full
texture/rock_mustafar_sulfur_gen_s01_emis.dds,87536,UNREFERENCED
texture/rock_mustafar_sulfur_gen_s01_spec.dds,87536,referenced-basename
texture/rock_mustafar_sulfur_gen_s02.dds,87536,referenced-full
texture/rock_mustafar_sulfur_gen_s02_cn.dds,87536,referenced-full
texture/rock_mustafar_sulfur_gen_s02_emis.dds,87536,UNREFERENCED
texture/rock_mustafar_sulfur_gen_s02_spec.dds,87536,referenced-basename
texture/rock_mustafar_sulfur_gen_s03.dds,87536,referenced-full
texture/rock_mustafar_sulfur_gen_s03_cn.dds,87536,referenced-full
texture/rock_mustafar_sulfur_gen_s03_emis.dds,87536,UNREFERENCED
texture/rock_mustafar_sulfur_gen_s03_spec.dds,87536,referenced-basename
texture/rock_mustafar_sulfur_gen_s04.dds,87536,referenced-full
texture/rock_mustafar_sulfur_gen_s04_cn.dds,87536,referenced-full
texture/rock_mustafar_sulfur_gen_s04_emis.dds,87536,UNREFERENCED
texture/rock_mustafar_sulfur_gen_s04_spec.dds,87536,referenced-basename
texture/rock_rusted_orange_a1_n.dds,87536,referenced-full
texture/rock_rusted_orange_a2_n.dds,87536,referenced-full
texture/rock_scorched_limestone_a1_cn.dds,87536,referenced-full
texture/rock_scorched_limestone_a2_cn.dds,87536,referenced-full
texture/rock_scorched_limestone_cn.dds,87536,referenced-full
texture/rock_tato_floor_tile_a1_cn.dds,87536,referenced-full
texture/rock_tato_floor_tile_cn.dds,87536,referenced-full
texture/rock_tato_floor_tile_dk_a1_cn.dds,87536,referenced-full
texture/rock_tato_floor_tile_dk_cn.dds,87536,referenced-full
texture/rock_tato_road_a1_cn.dds,87536,referenced-full
texture/rock_tato_road_cn.dds,87536,referenced-full
texture/rod_b_eye_zombie.dds,2872,referenced-full
texture/rod_f_body_zombie.dds,174928,referenced-full
texture/rod_f_body_zombie_cn.dds,174928,referenced-full
texture/rod_f_body_zombie_sm.dds,5608,referenced-full
texture/rod_f_face_zombie.dds,87536,referenced-full
texture/rod_f_face_zombie_cn.dds,87536,referenced-full
texture/rod_f_face_zombie_sm.dds,2872,referenced-full
texture/rod_m_body_zombie.dds,174928,referenced-full
texture/rod_m_body_zombie_cn.dds,174928,referenced-full
texture/rod_m_body_zombie_sm.dds,5608,referenced-full
texture/rod_m_face_zombie.dds,87536,referenced-full
texture/rod_m_face_zombie_cn.dds,87536,referenced-full
texture/rod_m_face_zombie_sm.dds,2872,referenced-full
texture/rug_a_hue.dds,87536,referenced-full
texture/rug_b_hue.dds,87536,referenced-full
texture/rug_c_hue.dds,87536,referenced-full
texture/rug_d_hue.dds,87536,referenced-full
texture/rug_e_hue.dds,87536,referenced-full
texture/rug_f_hue.dds,87536,referenced-full
texture/rug_s01.dds,174928,referenced-full
texture/rug_s02.dds,174928,referenced-full
texture/sabre_apprentice.dds,22000,referenced-full
texture/sabre_apprentice_cn.dds,22000,referenced-full
texture/sabre_apprentice_sm.dds,5616,referenced-full
texture/sabre_double_c.dds,87536,referenced-full
texture/sabre_double_c_cn.dds,87536,referenced-full
texture/sabre_double_c_spec.dds,87536,referenced-full
texture/sabre_ex3.dds,87536,referenced-full
texture/sabre_ex3_sm.dds,5616,referenced-full
texture/saddle_bantha_s02.dds,87536,referenced-full
texture/saddle_bantha_s02_n.dds,349652,referenced-full
texture/saddle_dewback_s02.dds,87536,referenced-full
texture/saddle_dewback_s02_cn.dds,87536,referenced-full
texture/saddle_dewback_s02_emis.dds,87536,referenced-full
texture/saddle_taun_extras.dds,87536,referenced-full
texture/saddle_taun_extras_n.dds,87536,referenced-full
texture/saddle_taun_extras_sm.dds,22000,referenced-full
texture/saddle_taun_s01.dds,87536,referenced-full
texture/saddle_taun_s01_sm.dds,22000,referenced-full
texture/sand_bumpy_warm_a1_n.dds,87536,referenced-full
texture/sand_bumpy_warm_a2_n.dds,87536,referenced-full
texture/sand_bumpy_warm_n.dds,87536,referenced-full
texture/sand_dath_desertash_a1_n.dds,87536,UNREFERENCED
texture/sand_dath_desertash_a2_n.dds,87536,UNREFERENCED
texture/sand_dath_desertash_a3_n.dds,87536,UNREFERENCED
texture/sand_dath_desertash_n.dds,87536,referenced-full
texture/sand_dune_yellow_a1_cn.dds,87536,referenced-full
texture/sand_dune_yellow_a2_cn.dds,87536,referenced-full
texture/sand_dune_yellow_cn.dds,87536,referenced-full
texture/sand_pebble_surf_cn.dds,87536,referenced-full
texture/sand_pebble_surf_white_a1_cn.dds,87536,referenced-full
texture/sand_pebble_surf_white_a2_cn.dds,87536,referenced-full
texture/sand_pebble_surf_white_cn.dds,87536,referenced-full
texture/sand_surf_cn.dds,87536,referenced-full
texture/sand_wet_pebbles_cn.dds,87536,referenced-full
texture/sand_wndblwn_cn.dds,87536,referenced-full
texture/sand_wndblwn_white_cn.dds,87536,referenced-full
texture/sash_01.dds,87536,referenced-full
texture/sash_01_cn.dds,87536,referenced-full
texture/sash_01_sm.dds,2872,referenced-full
texture/sash_02.dds,87536,referenced-full
texture/sash_02_cn.dds,87536,UNREFERENCED
texture/sash_02_sm.dds,2872,referenced-full
texture/saun_dann_s01.dds,349680,referenced-full
texture/saun_dann_s01_cn.dds,349680,referenced-full
texture/saun_dann_s02.dds,349680,referenced-full
texture/saun_dann_s02_cn.dds,349680,referenced-full
texture/saun_dann_sm.dds,87536,referenced-full
texture/saun_glasses.dds,5616,referenced-full
texture/sc_token.dds,22000,referenced-full
texture/sc_token_burst.dds,22000,referenced-full
texture/sc_token_cn.dds,22000,referenced-full
texture/scorched_lod3_thm_nboo_block_bldg_32x16_s01.dds,43832,referenced-basename
texture/scorched_lod_thm_nboo_block_bldg_32x16_s01.dds,174904,referenced-basename
texture/scorched_lod_thm_nboo_block_bldg_32x16_s01_win.dds,43832,referenced-full
texture/scorched_lod_thm_nboo_block_bldg_32x16_s02.dds,174904,referenced-basename
texture/scorched_lod_thm_nboo_block_bldg_64x32_s01.dds,174904,referenced-basename
texture/scorched_lod_thm_nboo_block_bldg_64x32_s02.dds,174904,referenced-basename
texture/scorched_thed_brick_largea.dds,43832,referenced-full
texture/scorched_thed_brick_largea_trim.dds,43832,referenced-full
texture/scorched_thed_carvingb.dds,21992,referenced-full
texture/scorched_thed_column_2tone.dds,43832,referenced-full
texture/scorched_thed_concrete.dds,43832,referenced-full
texture/scorched_thed_door_patina.dds,21992,referenced-full
texture/scorched_thed_doorb.dds,21992,referenced-full
texture/scorched_thed_overarch.dds,43832,referenced-full
texture/scorched_thed_palace_window_a3.dds,87536,referenced-full
texture/scorched_thed_patina_goldtrim.dds,87536,referenced-full
texture/scorched_thed_relief_a1.dds,43832,referenced-full
texture/scorched_thed_stone_deco.dds,43832,UNREFERENCED
texture/scurrier.dds,174928,referenced-full
texture/scurrier_lod.dds,11088,referenced-full
texture/scurrier_n.dds,699180,referenced-full
texture/sd_ceiling_black.dds,43832,referenced-full
texture/sd_cmd_deck_console_front.dds,349680,referenced-full
texture/sd_door_imp_design.dds,43832,referenced-full
texture/sd_gray_metal_grate.dds,43832,referenced-full
texture/sd_hangar_wall.dds,174904,referenced-full
texture/sd_mainwall.dds,87528,referenced-full
texture/sd_mainwall_drk.dds,174928,referenced-full
texture/sd_metal_cmd_horiz.dds,87536,referenced-full
texture/sd_metal_decal2.dds,43832,referenced-full
texture/sd_metal_decal2_med.dds,43832,referenced-full
texture/sd_metal_grate.dds,349680,referenced-full
texture/sd_metal_grills.dds,43832,referenced-full
texture/sd_metal_med.dds,43832,referenced-full
texture/sd_metal_smk.dds,43832,referenced-full
texture/sd_metal_smk_decal.dds,174904,referenced-full
texture/sd_metal_smk_horiz.dds,43832,referenced-full
texture/sd_power_pedestal.dds,87536,referenced-full
texture/sd_powertube.dds,22000,referenced-full
texture/sd_reactor_wall.dds,43832,referenced-full
texture/sd_scratched_metal_smk_panel.dds,43832,referenced-full
texture/sd_tech_details_dk_c.dds,21992,referenced-full
texture/sd_tech_details_grey_b.dds,43832,referenced-full
texture/sd_tech_wall.dds,43832,referenced-full
texture/sebulba_podracer_a.dds,349680,referenced-full
texture/sebulba_podracer_a_cn.dds,349680,referenced-full
texture/sebulba_podracer_a_sm.dds,2872,referenced-full
texture/sebulba_podracer_b.dds,349680,referenced-full
texture/sebulba_podracer_b_cn.dds,349680,referenced-full
texture/sebulba_podracer_b_sm.dds,2872,referenced-full
texture/seeds_s01.dds,349680,referenced-full
texture/seeds_s01_cn.dds,1398228,referenced-full
texture/seeds_s01_sm.dds,87536,referenced-full
texture/seeds_s02.dds,349680,referenced-full
texture/seeds_s02_cn.dds,1398228,referenced-full
texture/seeds_s02_sm.dds,87536,referenced-full
texture/seeds_s03.dds,349680,referenced-full
texture/seeds_s03_cn.dds,1398228,referenced-full
texture/seeds_s03_sm.dds,87536,referenced-full
texture/senate_guard.dds,349680,referenced-full
texture/senate_guard_sm.dds,22000,referenced-full
texture/senate_pod.dds,174904,referenced-full
texture/senate_pod_cn.dds,349680,referenced-full
texture/senate_pod_sm.dds,2872,referenced-full
texture/sewer_pipes_s01.dds,87536,referenced-full
texture/sewer_pipes_s01_cn.dds,87536,referenced-full
texture/sewer_pipes_s01_sm.dds,5616,referenced-full
texture/sewer_pipes_s01_spec.dds,87536,referenced-full
texture/sewer_pipes_s02.dds,87536,referenced-full
texture/sewer_pipes_s02_cn.dds,87536,referenced-full
texture/sewer_pipes_s02_sm.dds,5616,referenced-full
texture/sewer_pipes_s02_spec.dds,87536,referenced-full
texture/sher_kar.dds,1398256,referenced-full
texture/sher_kar_cn.dds,1398256,referenced-full
texture/sher_kar_env.dds,1398256,referenced-full
texture/sher_kar_sm.dds,87536,referenced-full
texture/sher_kar_spec.dds,1398256,referenced-full
texture/sher_kar_spec_sm.dds,87536,referenced-full
texture/ship_component_capacitor_s01_sm_spec.dds,5616,referenced-basename
texture/ship_star_destroyer_head.dds,1398256,UNREFERENCED
texture/ship_star_destroyer_head_cn.dds,1398256,referenced-full
texture/shirt_s08_han.dds,87536,referenced-full
texture/shirt_s08_sm_han.dds,5616,referenced-full
texture/shistavanen_body.dds,174928,referenced-full
texture/shistavanen_body_spec.dds,174928,referenced-full
texture/sign_house.dds,22000,referenced-full
texture/sign_nyms_party.dds,174928,referenced-full
texture/sign_nyms_party_sm.dds,11088,referenced-full
texture/sign_pgc.dds,22000,referenced-full
texture/sign_pgc_cn.dds,22000,referenced-full
texture/sign_pgc_glow.dds,5616,referenced-full
texture/sign_pgc_sm.dds,1520,referenced-full
texture/sing_mt_clan_hair_s01_hue.dds,43856,referenced-full
texture/sing_mt_clan_hair_s01_hue_sm.dds,2896,referenced-full
texture/sing_mt_clan_hair_s02_cn.dds,43856,UNREFERENCED
texture/sing_mt_clan_hair_s02_hue.dds,43856,referenced-full
texture/sing_mt_clan_hair_s02_hue_sm.dds,1512,referenced-full
texture/sing_mt_clan_hair_s03_hue.dds,87536,referenced-full
texture/sing_mt_clan_hair_s03_hue_sm.dds,5616,referenced-full
texture/sing_mt_clan_hair_s03_hue_spec.dds,87536,referenced-full
texture/single_pod_airspeeder.dds,349680,referenced-full
texture/single_pod_airspeeder_cn.dds,349680,UNREFERENCED
texture/single_pod_airspeeder_glass.dds,349680,referenced-full
texture/single_pod_airspeeder_sm.dds,5616,UNREFERENCED
texture/single_pod_airspeeder_spec.dds,349680,referenced-full
texture/sith_speeder.dds,349680,referenced-full
texture/sith_speeder_cn.dds,349680,referenced-full
texture/sith_speeder_sm.dds,2872,referenced-full
texture/skeleton_tauntaun.dds,349680,referenced-full
texture/skeleton_tauntaun_cn.dds,349680,referenced-full
texture/skeleton_tauntaun_s02.dds,349680,referenced-full
texture/skeleton_tauntaun_s02_cn.dds,349680,UNREFERENCED
texture/skeleton_tauntaun_sm.dds,22000,referenced-full
texture/skeleton_wolf.dds,349680,referenced-full
texture/skeleton_wolf_cn.dds,349680,referenced-full
texture/skeleton_wolf_sm.dds,22000,referenced-full
texture/skull_candle.dds,43856,referenced-full
texture/sky.dds,699216,referenced-full
texture/skybox2.dds,174928,referenced-full
texture/slave1_itv_combined_med.dds,349680,referenced-full
texture/slave1_itv_combined_sm.dds,22000,referenced-full
texture/slave1_itv_main.dds,349680,referenced-full
texture/slave1_itv_main_cn.dds,87536,referenced-full
texture/slave1_itv_rear.dds,349680,referenced-full
texture/slave1_itv_rear_cn.dds,87536,referenced-full
texture/smelting_droid.dds,174928,referenced-full
texture/smelting_droid_n.dds,349652,referenced-full
texture/smelting_droid_n_sm.dds,21972,referenced-full
texture/smelting_droid_sm.dds,11088,referenced-full
texture/smuggler_camp_bunker01.dds,87536,referenced-full
texture/smuggler_camp_bunker01_cn.dds,87536,referenced-full
texture/smuggler_camp_bunker02.dds,87536,referenced-full
texture/smuggler_camp_bunker02_cn.dds,87536,referenced-full
texture/smuggler_camp_bunker03.dds,87536,referenced-full
texture/smuggler_camp_bunker03_cn.dds,87536,referenced-full
texture/smuggler_camp_bunker04.dds,87536,referenced-full
texture/smuggler_camp_bunker04_cn.dds,87536,referenced-full
texture/smuggler_camp_bunker05.dds,87536,referenced-full
texture/smuggler_camp_bunker_dtl.dds,174904,UNREFERENCED
texture/smuggler_ground_defense_turrets.dds,349680,referenced-full
texture/smuggler_ground_defense_turrets_cn.dds,349680,referenced-basename
texture/smuggler_ground_defense_turrets_sm.dds,22000,referenced-basename
texture/smuggler_orbital_defense_turrets_01.dds,87536,referenced-basename
texture/smuggler_orbital_defense_turrets_01_cn.dds,87536,referenced-basename
texture/smuggler_orbital_defense_turrets_02.dds,87536,referenced-basename
texture/smuggler_orbital_defense_turrets_02_cn.dds,87536,referenced-basename
texture/smuggler_orbital_defense_turrets_03.dds,87536,referenced-basename
texture/smuggler_orbital_defense_turrets_03_cn.dds,87536,referenced-basename
texture/smuggler_orbital_defense_turrets_04.dds,87536,referenced-basename
texture/smuggler_orbital_defense_turrets_04_cn.dds,87536,referenced-basename
texture/smuggler_orbital_defense_turrets_05.dds,87536,referenced-basename
texture/smuggler_orbital_defense_turrets_05_cn.dds,87536,referenced-basename
texture/smuggler_orbital_defense_turrets_dtl.dds,43832,referenced-basename
texture/smuggler_orbital_defense_turrets_dtl2.dds,87536,referenced-basename
texture/smuggler_orbital_defense_turrets_lods.dds,87536,referenced-basename
texture/snow_bumpy.dds,65664,referenced-full
texture/snow_bumpy_a1.dds,65664,referenced-full
texture/snow_bumpy_a1_n.dds,65664,referenced-full
texture/snow_bumpy_a1_spec.dds,65664,referenced-full
texture/snow_bumpy_a2.dds,65664,referenced-full
texture/snow_bumpy_a2_n.dds,65664,referenced-full
texture/snow_bumpy_a2_spec.dds,65664,referenced-full
texture/snow_bumpy_n.dds,65664,referenced-full
texture/snow_bumpy_spec.dds,65664,referenced-full
texture/snow_clumpy.dds,65664,referenced-full
texture/snow_clumpy_a1.dds,65664,referenced-full
texture/snow_clumpy_a1_n.dds,65664,referenced-full
texture/snow_clumpy_a1_spec.dds,65664,referenced-full
texture/snow_clumpy_a2.dds,65664,referenced-full
texture/snow_clumpy_a2_n.dds,65664,referenced-full
texture/snow_clumpy_a2_spec.dds,65664,referenced-full
texture/snow_clumpy_a3.dds,65664,referenced-full
texture/snow_clumpy_a3_n.dds,65664,referenced-full
texture/snow_clumpy_a3_spec.dds,65664,referenced-full
texture/snow_clumpy_a4.dds,65664,referenced-full
texture/snow_clumpy_a4_n.dds,65664,referenced-full
texture/snow_clumpy_a4_spec.dds,65664,referenced-full
texture/snow_clumpy_n.dds,65664,referenced-full
texture/snow_clumpy_spec.dds,65664,referenced-full
texture/snow_drift_s01.dds,87536,referenced-full
texture/snow_drift_s01_cn.dds,87536,referenced-full
texture/snow_drift_s01_sm.dds,5616,referenced-full
texture/snow_drift_s02.dds,349680,referenced-full
texture/snow_drift_s02_cn.dds,87536,referenced-full
texture/snow_drift_s02_sm.dds,5616,referenced-full
texture/snow_drift_s03.dds,349680,referenced-full
texture/snow_drift_s03_cn.dds,87536,referenced-full
texture/snow_drift_s03_sm.dds,5616,referenced-full
texture/snow_mountain_rock.dds,65664,referenced-full
texture/snow_mountain_rock_a1.dds,65664,referenced-full
texture/snow_mountain_rock_a1_n.dds,65664,referenced-full
texture/snow_mountain_rock_a1_spec.dds,65664,referenced-full
texture/snow_mountain_rock_a2.dds,65664,referenced-full
texture/snow_mountain_rock_a2_n.dds,65664,referenced-full
texture/snow_mountain_rock_a2_spec.dds,65664,referenced-full
texture/snow_mountain_rock_b1.dds,43832,referenced-full
texture/snow_mountain_rock_n.dds,65664,referenced-full
texture/snow_mountain_rock_spec.dds,65664,referenced-full
texture/snow_mountain_top.dds,65664,referenced-full
texture/snow_mountain_top_a1.dds,65664,referenced-full
texture/snow_mountain_top_a1_n.dds,65664,referenced-full
texture/snow_mountain_top_a1_spec.dds,65664,referenced-full
texture/snow_mountain_top_a2.dds,65664,referenced-full
texture/snow_mountain_top_a2_n.dds,65664,referenced-full
texture/snow_mountain_top_a2_spec.dds,65664,referenced-full
texture/snow_mountain_top_n.dds,65664,referenced-full
texture/snow_mountain_top_spec.dds,65664,referenced-full
texture/snow_mtnspeak_a1_n.dds,87536,referenced-full
texture/snow_mtnspeak_a2_n.dds,87536,referenced-full
texture/snow_mtnspeak_n.dds,87536,referenced-full
texture/snow_rock.dds,65664,referenced-full
texture/snow_rock_a1.dds,65664,referenced-full
texture/snow_rock_a1_n.dds,65664,referenced-full
texture/snow_rock_a1_spec.dds,65664,referenced-full
texture/snow_rock_a2.dds,65664,referenced-full
texture/snow_rock_a2_n.dds,65664,referenced-full
texture/snow_rock_a2_spec.dds,65664,referenced-full
texture/snow_rock_n.dds,65664,referenced-full
texture/snow_rock_spec.dds,65664,referenced-full
texture/snow_speeder_01.dds,1398256,referenced-full
texture/snow_speeder_01_cn.dds,1398256,referenced-full
texture/snow_speeder_01_sm.dds,87536,referenced-full
texture/snow_trampled.dds,65664,referenced-full
texture/snow_trampled_a1.dds,65664,referenced-full
texture/snow_trampled_a1_cn.dds,65664,referenced-full
texture/snow_trampled_a1_spec.dds,65664,referenced-full
texture/snow_trampled_a2.dds,65664,referenced-full
texture/snow_trampled_a2_cn.dds,65664,referenced-full
texture/snow_trampled_a2_spec.dds,65664,referenced-full
texture/snow_trampled_cn.dds,65664,referenced-full
texture/snow_trampled_spec.dds,65664,referenced-full
texture/snow_trench.dds,65664,referenced-full
texture/snow_trench_a1.dds,65664,referenced-full
texture/snow_trench_a1_cn.dds,65664,referenced-full
texture/snow_trench_a1_spec.dds,65664,referenced-full
texture/snow_trench_a2.dds,65664,referenced-full
texture/snow_trench_a2_cn.dds,65664,referenced-full
texture/snow_trench_a2_spec.dds,65664,referenced-full
texture/snow_trench_cn.dds,65664,referenced-full
texture/snow_trench_spec.dds,65664,referenced-full
texture/snow_trooper_body.dds,174904,referenced-full
texture/snow_trooper_body_cn.dds,349680,referenced-full
texture/snow_trooper_body_sm.dds,2872,referenced-full
texture/snow_trooper_gun.dds,349680,referenced-full
texture/snow_trooper_gun_cn.dds,349680,referenced-full
texture/snow_trooper_gun_sm.dds,5616,referenced-full
texture/snow_trooper_head.dds,43832,referenced-full
texture/snow_trooper_head_cn.dds,87536,referenced-full
texture/snow_trooper_head_sm.dds,2872,referenced-full
texture/snowspeeder.dds,87536,referenced-full
texture/solar_sailer_itv_1.dds,349680,referenced-full
texture/solar_sailer_itv_1_cn.dds,349680,referenced-full
texture/solar_sailer_itv_1_sm.dds,2872,referenced-full
texture/solar_sailer_itv_2.dds,349680,referenced-full
texture/solar_sailer_itv_2_cn.dds,349680,referenced-full
texture/solar_sailer_itv_2_sm.dds,2872,referenced-full
texture/solar_sailer_itv_3.dds,87536,referenced-full
texture/solar_sailer_itv_3_cn.dds,87536,referenced-full
texture/solar_sailer_itv_3_sm.dds,2872,referenced-full
texture/solar_sailer_itv_glass.dds,87536,referenced-full
texture/solar_sailer_itv_glass_sm.dds,5616,referenced-full
texture/solar_sailer_itv_glass_spec.dds,87536,referenced-full
texture/space_collection_resource.dds,349680,referenced-full
texture/space_collection_resource_02.dds,349680,referenced-full
texture/space_collection_resource_02_cn.dds,349680,referenced-full
texture/space_collection_resource_02_sm.dds,5616,referenced-full
texture/space_collection_resource_02_spec.dds,349680,referenced-basename
texture/space_collection_resource_cn.dds,349680,referenced-full
texture/space_collection_resource_crystal.dds,87536,referenced-basename
texture/space_collection_resource_crystal_sm.dds,5616,referenced-basename
texture/space_collection_resource_crystal_spec.dds,87536,referenced-basename
texture/space_collection_resource_sm.dds,5616,referenced-full
texture/space_collection_resource_spec.dds,349680,referenced-full
texture/speed_aft_destroyed.dds,22000,referenced-full
texture/speed_bttm_destroyed.dds,43856,referenced-full
texture/speed_dash_destroyed.dds,22000,referenced-full
texture/speed_eng_destroyed.dds,87536,referenced-full
texture/speed_interior_destroyed.dds,87536,UNREFERENCED
texture/speed_misc_destroyed.dds,43856,referenced-full
texture/speed_seat_destroyed.dds,11088,referenced-full
texture/speed_top_destroyed.dds,349680,referenced-full
texture/speed_windshield_destroyed.dds,87536,referenced-full
texture/speeder_hoverlifter.dds,349680,referenced-full
texture/speeder_hoverlifter_cn.dds,349680,referenced-full
texture/speeder_hoverlifter_emis.dds,349680,UNREFERENCED
texture/speeder_hoverlifter_sm.dds,2872,referenced-full
texture/speeder_utility_combo_med.dds,349680,referenced-full
texture/speeder_utility_combo_med_cn.dds,349680,referenced-full
texture/speeder_utility_combo_med_color2.dds,349680,referenced-basename
texture/speeder_utility_combo_med_color2_s02.dds,349680,referenced-basename
texture/speeder_utility_combo_med_color2_s02_sm.dds,22000,referenced-basename
texture/speeder_utility_combo_med_s02.dds,349680,referenced-full
texture/speeder_utility_combo_med_s02_sm.dds,22000,referenced-basename
texture/speeder_utility_combo_med_spec.dds,87536,referenced-full
texture/speeder_utility_combo_sm.dds,22000,UNREFERENCED
texture/speeder_utility_combo_sm_color2.dds,22000,referenced-full
texture/speeder_utility_combo_sm_spec.dds,5616,referenced-full
texture/speeder_utility_glass.dds,87536,referenced-full
texture/speeder_utility_main.dds,349680,referenced-full
texture/speeder_utility_main_cn.dds,349680,referenced-full
texture/speeder_utility_main_color2.dds,349680,referenced-full
texture/speeder_utility_main_spec.dds,349680,referenced-full
texture/speederbike_destroyed.dds,349680,referenced-full
texture/speederbike_destroyed_sm.dds,22000,UNREFERENCED
texture/spike_tail_blurrg.dds,349680,referenced-full
texture/spike_tail_blurrg_cn.dds,174928,referenced-full
texture/spike_tail_blurrg_sm.dds,22000,referenced-full
texture/spiketailblurrg.dds,349680,UNREFERENCED
texture/spiketailblurrg_cn.dds,174928,UNREFERENCED
texture/spiketailblurrg_sm.dds,22000,UNREFERENCED
texture/stap_speeder.dds,349680,referenced-full
texture/stap_speeder_cn.dds,349680,referenced-full
texture/stap_speeder_cn_sm.dds,5616,referenced-full
texture/stap_speeder_color2.dds,349680,referenced-full
texture/stap_speeder_color2_sm.dds,5616,referenced-full
texture/stap_speeder_sm.dds,5616,referenced-full
texture/star_destroyer_door_dark.dds,87536,UNREFERENCED
texture/star_destroyer_door_reactor.dds,43832,referenced-full
texture/star_destroyer_lightswall.dds,87536,referenced-full
texture/star_destroyer_pipe_gry.dds,43832,referenced-full
texture/star_destroyer_pipe_rust.dds,43832,UNREFERENCED
texture/star_destroyer_scaffolding_cn.dds,349680,referenced-full
texture/star_destroyer_scaffolding_sm.dds,87536,referenced-full
texture/star_destroyer_space.dds,349680,referenced-full
texture/star_destroyer_star_field.dds,349680,referenced-full
texture/star_destroyer_wall4.dds,174928,referenced-full
texture/star_field_s01.dds,65664,referenced-full
texture/star_field_s01_cn.dds,65664,referenced-full
texture/star_field_s01_spec.dds,65664,referenced-full
texture/star_metal_detmap_smk.dds,43832,referenced-full
texture/storm_trooper_bobble_head.dds,87536,referenced-full
texture/storm_trooper_bobble_head_gun.dds,43856,referenced-full
texture/storm_trooper_bobble_head_sm.dds,5616,referenced-full
texture/stormtrooper_helmet_hook.dds,87536,UNREFERENCED
texture/stormtrooper_helmet_hook_cn.dds,87536,referenced-full
texture/stormtrooper_helmet_hook_detail.dds,5616,referenced-full
texture/stormtrooper_helmet_hook_detail_cn.dds,5616,referenced-basename
texture/stormtrooper_helmet_hook_sm.dds,2872,referenced-full
texture/story_teller_backdrop_01.dds,349680,UNREFERENCED
texture/story_teller_backdrop_01_wide.dds,349680,referenced-full
texture/story_teller_backdrop_02.dds,349680,UNREFERENCED
texture/story_teller_backdrop_02_wide.dds,349680,referenced-full
texture/story_teller_backdrop_03.dds,349680,UNREFERENCED
texture/story_teller_backdrop_03_wide.dds,349680,referenced-full
texture/story_teller_backdrop_04.dds,349680,UNREFERENCED
texture/story_teller_backdrop_04_wide.dds,349680,referenced-full
texture/story_teller_backdrop_05.dds,349680,UNREFERENCED
texture/story_teller_backdrop_05_wide.dds,349680,referenced-full
texture/story_teller_backdrop_06.dds,349680,UNREFERENCED
texture/story_teller_backdrop_06_wide.dds,349680,referenced-full
texture/story_teller_backdrop_07.dds,349680,UNREFERENCED
texture/story_teller_backdrop_07_wide.dds,349680,referenced-full
texture/story_teller_backdrop_08.dds,349680,UNREFERENCED
texture/story_teller_backdrop_08_wide.dds,349680,referenced-full
texture/story_teller_backdrop_09.dds,349680,UNREFERENCED
texture/story_teller_backdrop_09_wide.dds,349680,referenced-full
texture/story_teller_backdrop_10.dds,349680,UNREFERENCED
texture/story_teller_backdrop_10_wide.dds,349680,referenced-full
texture/story_token_cn.dds,22000,referenced-full
texture/story_token_s01.dds,22000,referenced-full
texture/story_token_s02.dds,22000,referenced-full
texture/story_token_s03.dds,22000,referenced-full
texture/storyteller_reticule.dds,32896,UNREFERENCED
texture/stuffed_star_destroyer.dds,87536,referenced-full
texture/stuffed_star_destroyer_sm.dds,22000,referenced-full
texture/subzero_sign.dds,174928,referenced-full
texture/sul_eye_zombie.dds,824,referenced-full
texture/sul_f_body_zombie.dds,349680,referenced-full
texture/sul_f_body_zombie_cn.dds,349680,referenced-full
texture/sul_f_body_zombie_sm.dds,2872,referenced-full
texture/sul_f_hands_zombie.dds,22000,referenced-full
texture/sul_f_hands_zombie_cn.dds,22000,referenced-full
texture/sul_f_head_zombie.dds,87536,referenced-full
texture/sul_f_head_zombie_cn.dds,87536,referenced-full
texture/sul_f_head_zombie_sm.dds,2872,referenced-full
texture/sul_m_body_zombie.dds,349680,referenced-full
texture/sul_m_body_zombie_cn.dds,349680,referenced-full
texture/sul_m_body_zombie_sm.dds,2872,referenced-full
texture/sul_m_hands_zombie.dds,22000,referenced-full
texture/sul_m_hands_zombie_cn.dds,22000,referenced-full
texture/sul_m_head_zombie.dds,87536,referenced-full
texture/sul_m_head_zombie_cn.dds,87536,referenced-full
texture/sul_m_head_zombie_sm.dds,2872,referenced-full
texture/suv_glass.dds,22000,referenced-full
texture/suv_interior.dds,174928,referenced-full
texture/suv_interior_cn.dds,174928,referenced-full
texture/suv_interior_emis.dds,43856,referenced-full
texture/suv_interior_s02.dds,174928,referenced-full
texture/suv_main_s02.dds,349680,referenced-full
texture/suv_main_s02_cn.dds,349680,referenced-full
texture/suv_main_s02_color.dds,349680,referenced-full
texture/sw_beam_gradient_add.dds,11064,referenced-full
texture/sw_beam_gradient_alpha.dds,22000,referenced-full
texture/sw_trailing_find_path.dds,22000,referenced-full
texture/swamp_speeder.dds,174904,referenced-full
texture/swamp_speeder_cn.dds,349680,referenced-full
texture/swamp_speeder_sm.dds,2872,referenced-full
texture/swamp_speeder_under_grill.dds,22000,referenced-full
texture/swg_tcg_set8_logo.dds,65664,UNREFERENCED
texture/sword_1h.dds,43856,referenced-full
texture/sword_1h_cn.dds,43856,referenced-full
texture/sword_2h.dds,22032,referenced-full
texture/sword_2h_cn.dds,22032,referenced-full
texture/sword_2h_sm.dds,1552,referenced-full
texture/sword_mustafar_bandit.dds,87568,referenced-full
texture/sword_mustafar_bandit_sm.dds,2896,UNREFERENCED
texture/tanray_cn.dds,1398256,referenced-full
texture/tanray_color.dds,1398256,referenced-full
texture/tanray_color_sm.dds,87536,referenced-full
texture/tanray_eye.dds,22000,referenced-full
texture/tanray_spec.dds,1398256,referenced-full
texture/tanray_spec_sm.dds,87536,referenced-full
texture/tantive_speeder_glass.dds,43856,referenced-full
texture/tantive_speeder_glass_med.dds,11088,referenced-full
texture/tantive_speeder_main.dds,349680,referenced-full
texture/tantive_speeder_main_cbmp.dds,349680,referenced-full
texture/tantive_speeder_main_cbmp_med.dds,87536,referenced-full
texture/tantive_speeder_main_hueb.dds,349680,referenced-full
texture/tantive_speeder_main_hueb_med.dds,87536,referenced-full
texture/tantive_speeder_main_hueb_sm.dds,87536,referenced-full
texture/tantive_speeder_main_med.dds,87536,UNREFERENCED
texture/tantive_speeder_main_sm.dds,87536,referenced-full
texture/tantive_speeder_main_spec.dds,87536,referenced-full
texture/tantive_speeder_main_spec_med.dds,22000,referenced-full
texture/tantive_speeder_main_spec_sm.dds,22000,referenced-full
texture/tantive_speeder_metal.dds,87536,referenced-full
texture/tantive_speeder_metal_cbmp.dds,22000,referenced-full
texture/tantive_speeder_metal_med.dds,22000,referenced-full
texture/tantive_x_speeder_main.dds,349680,referenced-full
texture/tantive_x_speeder_main_cbmp.dds,349680,referenced-full
texture/tantive_x_speeder_main_cbmp_med.dds,87536,referenced-full
texture/tantive_x_speeder_main_hueb.dds,349680,referenced-full
texture/tantive_x_speeder_main_hueb_med.dds,87536,referenced-full
texture/tantive_x_speeder_main_hueb_sm.dds,87536,referenced-full
texture/tantive_x_speeder_main_med.dds,87536,referenced-full
texture/tantive_x_speeder_main_sm.dds,87536,referenced-full
texture/tantive_x_speeder_main_spec.dds,87536,referenced-full
texture/tantive_x_speeder_main_spec_med.dds,22000,referenced-full
texture/tantive_x_speeder_main_spec_sm.dds,22000,referenced-full
texture/tantive_x_speeder_metal.dds,87536,referenced-full
texture/tantive_x_speeder_metal_cbmp.dds,22000,referenced-full
texture/tantive_x_speeder_metal_med.dds,22000,referenced-full
texture/target_dummy.dds,349680,referenced-full
texture/target_dummy_cn.dds,349680,referenced-full
texture/target_dummy_sm.dds,2872,referenced-full
texture/target_dummy_spec.dds,349680,referenced-full
texture/targeting_reticule.dds,65664,UNREFERENCED
texture/tat_sandlight_a1_cn.dds,87536,referenced-full
texture/tat_sandlight_cn.dds,87536,referenced-full
texture/tatooine_vista.dds,174928,referenced-full
texture/tatt_sand_bumpy_a1_cn.dds,87536,referenced-full
texture/tatt_sand_bumpy_cn.dds,87536,referenced-full
texture/tauntaun_hue_hoth.dds,349680,referenced-full
texture/tauntaun_hue_hoth_sm.dds,22000,referenced-full
texture/tauntaun_plush.dds,349680,referenced-full
texture/tauntaun_plush_cn.dds,349680,referenced-full
texture/tauntaun_plush_sm.dds,87536,referenced-full
texture/tauntaun_saddle.dds,174928,referenced-full
texture/tauntaun_saddle_n.dds,174928,referenced-full
texture/tcg.dds,2176,UNREFERENCED
texture/tcg_back_pack_01.dds,87536,referenced-full
texture/tcg_back_pack_01_cn.dds,87536,referenced-full
texture/tcg_back_pack_01_sm.dds,2872,referenced-full
texture/tcg_back_pack_02.dds,87536,referenced-full
texture/tcg_back_pack_02_cn.dds,87536,referenced-full
texture/tcg_back_pack_02_sm.dds,2872,referenced-full
texture/tcg_blueprint_republic_gunship.dds,349680,referenced-full
texture/tcg_broken_ball_turret.dds,87536,referenced-full
texture/tcg_broken_ball_turret_cn.dds,87536,referenced-full
texture/tcg_broken_ball_turret_sm.dds,22000,referenced-full
texture/tcg_broken_ball_turret_spec.dds,87536,referenced-full
texture/tcg_broken_ball_turret_spec_sm.dds,22000,referenced-full
texture/tcg_dna_poster_quenker.dds,349680,referenced-full
texture/tcg_dna_poster_rancor.dds,349680,referenced-full
texture/tcg_greedo_outfit_bottom.dds,43832,UNREFERENCED
texture/tcg_greedo_outfit_bottom_cn.dds,87536,referenced-full
texture/tcg_greedo_outfit_bottom_sm.dds,2872,referenced-full
texture/tcg_greedo_outfit_top.dds,43832,referenced-full
texture/tcg_greedo_outfit_top_cn.dds,87536,UNREFERENCED
texture/tcg_greedo_outfit_top_sm.dds,2872,UNREFERENCED
texture/tcg_hk47_meatbags.dds,349680,referenced-full
texture/tcg_must_small_bunker.dds,699216,referenced-full
texture/tcg_must_small_bunker_ceiling1.dds,174904,referenced-full
texture/tcg_must_small_bunker_cn.dds,699216,UNREFERENCED
texture/tcg_must_small_bunker_door.dds,349680,referenced-full
texture/tcg_must_small_bunker_doorjam.dds,43856,referenced-full
texture/tcg_must_small_bunker_emis.dds,11088,referenced-full
texture/tcg_must_small_bunker_floor1.dds,87536,referenced-full
texture/tcg_must_small_bunker_floor2.dds,87536,referenced-full
texture/tcg_must_small_bunker_floor_cn.dds,349652,referenced-full
texture/tcg_must_small_bunker_sm.dds,43856,UNREFERENCED
texture/tcg_must_small_bunker_wall1.dds,87536,referenced-full
texture/tcg_must_small_bunker_wall1_cn.dds,349652,referenced-full
texture/tcg_must_small_bunker_wall2.dds,349680,referenced-full
texture/tcg_must_small_bunker_wall2_cn.dds,1398228,referenced-full
texture/tcg_must_small_bunker_wall_trim.dds,87536,referenced-full
texture/tcg_must_small_bunker_wall_trim_cn.dds,349652,referenced-basename
texture/tcg_must_small_bunker_window.dds,87536,referenced-full
texture/tcg_must_small_bunker_window_cn.dds,87536,referenced-full
texture/tcg_tauntaun_ride.dds,349680,referenced-full
texture/tcg_tauntaun_ride_cn.dds,349680,referenced-full
texture/tcg_tauntaun_ride_sm.dds,5616,referenced-full
texture/tcg_tie_canopy_controls_cn.dds,87536,referenced-full
texture/tcg_tie_canopy_controls_emis.dds,1520,referenced-full
texture/tcg_tie_canopy_main.dds,349680,referenced-full
texture/tcg_tie_canopy_main_cn.dds,349680,referenced-full
texture/tcg_tie_canopy_main_emis.dds,349680,UNREFERENCED
texture/tcg_tie_canopy_sm.dds,87536,referenced-full
texture/tcgcontext.dds,8320,UNREFERENCED
texture/thed_base_destroyed.dds,87536,referenced-full
texture/thed_base_destroyed_02.dds,87536,referenced-full
texture/thed_brick_destroyed.dds,87536,referenced-full
texture/thed_brick_destroyed_cn.dds,87536,referenced-full
texture/thed_brick_streetile_spec.dds,87536,referenced-full
texture/thed_carvinga_cn.dds,43856,UNREFERENCED
texture/thed_carvingb_cn.dds,43856,referenced-full
texture/thed_carvingb_destroyed.dds,21992,referenced-full
texture/thed_carvingc_destroyed.dds,43856,referenced-full
texture/thed_cobblestone_a1_spec.dds,87536,UNREFERENCED
texture/thed_cobblestone_spec.dds,87536,referenced-full
texture/thed_column_2tone_cn.dds,87536,referenced-full
texture/thed_column_destroyed.dds,87536,referenced-full
texture/thed_concreteb_destroyed.dds,87536,UNREFERENCED
texture/thed_cutout_destroyed.dds,43856,referenced-full
texture/thed_cutout_destroyed_cn.dds,43856,UNREFERENCED
texture/thed_destroyed.dds,87536,referenced-full
texture/thed_destroyed_cn.dds,87536,referenced-full
texture/thed_floor_destroyed.dds,87536,referenced-full
texture/thed_floorb_destroyed.dds,87536,referenced-full
texture/thed_hospital_destroyed_sm.dds,174928,referenced-full
texture/thed_hospital_trim_destroyed.dds,174928,referenced-full
texture/thed_hospital_trim_destroyed_cn.dds,87536,referenced-full
texture/thed_marble_floor_lighta_sm.dds,5616,referenced-full
texture/thed_medicalwall_destroyed.dds,87536,referenced-full
texture/thed_medicalwall_tech_destroyed.dds,43856,referenced-full
texture/thed_metal_destroyed.dds,87536,referenced-full
texture/thed_metal_det_destroyed.dds,87536,UNREFERENCED
texture/thed_metal_gold_destroyed.dds,87536,referenced-full
texture/thed_overarch_destroyed.dds,87536,referenced-full
texture/thed_overarch_destroyed_cn.dds,87536,referenced-full
texture/thed_palace_window_destroyed.dds,43832,referenced-full
texture/thed_palace_window_sm.dds,2872,referenced-full
texture/thed_panel2_destroyed.dds,174928,referenced-full
texture/thed_panel_destroyed.dds,87536,referenced-full
texture/thed_patinaroof_destroyed.dds,87536,referenced-full
texture/thed_patinaroof_destroyed_detail.dds,87536,referenced-basename
texture/thed_patinaroof_trim_destroyed.dds,43856,referenced-full
texture/thed_patinaroof_trim_destroyed_cn.dds,43856,referenced-basename
texture/thed_pillar_destroyed.dds,87536,referenced-full
texture/thed_roofa_tiled_destroyed.dds,43832,referenced-full
texture/thed_scorch2_detail.dds,87536,referenced-full
texture/thed_scorch_detail.dds,174920,referenced-full
texture/thed_starport_destroyed_sm.dds,87536,referenced-full
texture/thed_statue_destroyed.dds,174928,referenced-full
texture/thed_statue_destroyed_cn.dds,174928,UNREFERENCED
texture/thed_street_tilesquare_a1_n.dds,87536,referenced-full
texture/thed_street_tilesquare_a1_spec.dds,87536,referenced-full
texture/thed_street_tilesquare_a2_n.dds,87536,referenced-full
texture/thed_street_tilesquare_a2_spec.dds,87536,referenced-full
texture/thed_street_tilesquare_spec.dds,87536,referenced-full
texture/thed_tech_b_cn.dds,87536,referenced-full
texture/thed_tech_b_destroyed.dds,43832,referenced-full
texture/thed_theater_destroyed_sm.dds,174928,referenced-full
texture/thed_theater_floor_intr_destroyed.dds,87536,referenced-basename
texture/thed_theater_wall_intr_destroyed.dds,87536,referenced-basename
texture/thed_tile_floorb_cn.dds,87536,referenced-full
texture/thed_trim_destroyed.dds,43856,referenced-full
texture/thed_trimd_cn.dds,22032,referenced-full
texture/thed_trimd_destroyed.dds,22032,referenced-full
texture/thed_underhanga_trim_destroyed.dds,11080,referenced-full
texture/thed_venting_destroyed.dds,21992,referenced-full
texture/thed_verticala_trim_cn.dds,22032,referenced-full
texture/thed_verticala_trim_destroyed.dds,11080,referenced-full
texture/thed_wall2_destroyed.dds,349712,referenced-full
texture/thed_wall_destroyed.dds,87536,referenced-full
texture/thm_all_cage_stone.dds,87536,referenced-full
texture/thm_all_cage_stone_cn.dds,87536,referenced-full
texture/thm_all_centrifuge_detail.dds,43832,referenced-full
texture/thm_all_centrifuge_glow_s01.dds,87536,referenced-full
texture/thm_all_centrifuge_glow_s01_cn.dds,87536,referenced-full
texture/thm_all_centrifuge_glow_s01_emis.dds,87536,referenced-basename
texture/thm_all_centrifuge_s01.dds,349680,referenced-full
texture/thm_all_centrifuge_s01_cn.dds,349680,referenced-full
texture/thm_all_centrifuge_s01_sm.dds,22000,referenced-full
texture/thm_all_energy_coil_s01.dds,349680,referenced-full
texture/thm_all_energy_coil_s01_cn.dds,349680,referenced-full
texture/thm_all_energy_coil_s01_sm.dds,22000,referenced-full
texture/thm_all_energy_coil_s01_spec.dds,349680,referenced-full
texture/thm_imp_house_s01.dds,87536,referenced-full
texture/thm_imp_house_s01_cn.dds,87536,referenced-full
texture/thm_imp_house_s01_sm.dds,2872,referenced-full
texture/thm_must_old_republic_door.dds,349680,referenced-full
texture/thm_must_old_republic_factility_dirt.dds,349680,referenced-basename
texture/thm_must_old_republic_factility_door.dds,87536,referenced-basename
texture/thm_must_old_republic_factility_door_cn.dds,87536,referenced-basename
texture/thm_must_old_republic_factility_misc.dds,349680,referenced-basename
texture/thm_must_old_republic_factility_misc_cn.dds,349680,referenced-basename
texture/thm_must_old_republic_factility_sm.dds,87536,referenced-basename
texture/thm_must_old_republic_factility_tower.dds,349680,referenced-basename
texture/thm_must_old_republic_factility_tower_cn.dds,349680,referenced-basename
texture/thm_must_old_republic_factility_wall1.dds,87536,referenced-basename
texture/thm_must_old_republic_factility_wall1_cn.dds,87536,referenced-basename
texture/thm_must_old_republic_factility_wall2.dds,87536,referenced-basename
texture/thm_must_old_republic_factility_wall2_cn.dds,87536,referenced-basename
texture/thm_must_old_republic_factility_wall3.dds,87536,referenced-basename
texture/thm_must_old_republic_factility_wall3_cn.dds,87536,referenced-basename
texture/thm_must_old_republic_factility_wall4.dds,87536,referenced-basename
texture/thm_must_old_republic_factility_wall4_cn.dds,87536,referenced-basename
texture/thm_npe_hangar_start_door.dds,174904,referenced-full
texture/thm_reb_house_s02.dds,87536,referenced-full
texture/thm_reb_house_s02_cn.dds,87536,referenced-full
texture/thm_reb_house_s02_sm.dds,2872,referenced-full
texture/thm_sign_welcome.01.dds,87536,referenced-full
texture/thm_sign_welcome.02.dds,87536,referenced-basename
texture/thm_sign_welcome_cn.dds,87536,referenced-full
texture/thm_sign_welcome_emis.dds,87536,referenced-full
texture/thm_sign_welcome_sm.01.dds,5616,referenced-full
texture/thm_sign_welcome_sm.02.dds,5616,referenced-basename
texture/thm_spc_nebula_orion_door.dds,87536,referenced-full
texture/thm_spc_npe_barpiping.dds,87536,referenced-full
texture/thm_spc_npe_barrier.dds,87536,referenced-full
texture/thm_spc_npe_cantina_cistern.dds,87536,referenced-full
texture/thm_spc_npe_cantina_counter.dds,43856,referenced-full
texture/thm_spc_npe_cantina_counter_e.dds,43856,referenced-full
texture/thm_spc_npe_ceil01.dds,349680,referenced-full
texture/thm_spc_npe_ceil02.dds,349680,referenced-full
texture/thm_spc_npe_ceil03.dds,349680,referenced-full
texture/thm_spc_npe_ceil04.dds,349680,referenced-full
texture/thm_spc_npe_floor01.dds,349680,referenced-full
texture/thm_spc_npe_floor02.dds,349680,referenced-full
texture/thm_spc_npe_floor03.dds,349680,referenced-full
texture/thm_spc_npe_floor04.dds,349680,referenced-full
texture/thm_spc_npe_floorramp.dds,87536,referenced-full
texture/thm_spc_npe_grass.dds,174904,referenced-full
texture/thm_spc_npe_grate.dds,87536,referenced-full
texture/thm_spc_npe_hall01.dds,349680,referenced-full
texture/thm_spc_npe_hangarceil01.dds,349680,referenced-full
texture/thm_spc_npe_hangarpillar.dds,349680,referenced-full
texture/thm_spc_npe_hangarpillar02.dds,349680,referenced-full
texture/thm_spc_npe_hangarpillar02_e.dds,87536,referenced-full
texture/thm_spc_npe_hangarpillar_e.dds,87536,referenced-full
texture/thm_spc_npe_hangarwall01.dds,349680,referenced-full
texture/thm_spc_npe_hangarwall02.dds,349680,referenced-full
texture/thm_spc_npe_map.dds,349680,referenced-full
texture/thm_spc_npe_map_sm.dds,22000,referenced-full
texture/thm_spc_npe_pillar01.dds,174928,referenced-full
texture/thm_spc_npe_pillar01brown.dds,174928,referenced-full
texture/thm_spc_npe_pillar01brown_e.dds,43856,referenced-full
texture/thm_spc_npe_support.dds,174928,referenced-full
texture/thm_spc_npe_support_e.dds,43856,referenced-full
texture/thm_spc_npe_wall01.dds,349680,referenced-full
texture/thm_spc_npe_wall01a.dds,349680,referenced-full
texture/thm_spc_npe_wall03.dds,349680,referenced-full
texture/thm_spc_npe_wall04.dds,349680,referenced-full
texture/thm_tcg_sign_house.01.dds,87536,referenced-full
texture/thm_tcg_sign_house.02.dds,87536,referenced-basename
texture/thm_tcg_sign_house.03.dds,87536,referenced-basename
texture/thm_tcg_sign_house.04.dds,87536,referenced-basename
texture/thm_tcg_sign_house_sm.dds,5616,referenced-full
texture/thune_body_elite.dds,349680,referenced-full
texture/thune_body_elite_cn.dds,349680,referenced-full
texture/thune_body_elite_sm.dds,87536,referenced-full
texture/thune_tusk_elite.dds,87536,referenced-full
texture/tie_interceptor_main_cn.dds,349680,referenced-full
texture/togorian_m_hue_pattern_01.dds,349680,referenced-full
texture/togorian_m_hue_pattern_02.dds,349680,referenced-full
texture/togorian_m_hue_pattern_03.dds,349680,referenced-full
texture/togorian_m_hue_pattern_04.dds,349680,referenced-full
texture/togorian_m_hue_pattern_05.dds,349680,referenced-full
texture/togorian_m_hue_pattern_06.dds,349680,referenced-full
texture/togorian_m_hue_pattern_07.dds,349680,referenced-full
texture/togorian_m_hue_pattern_08.dds,349680,referenced-full
texture/togorian_m_hue_pattern_base.dds,349680,referenced-full
texture/togorian_m_hue_sm.dds,22000,referenced-full
texture/togorian_m_hue_spec.dds,349680,referenced-full
texture/togorian_m_wearable_s01.dds,349680,referenced-full
texture/togorian_m_wearable_s01_n.dds,1398228,referenced-full
texture/togorian_m_wearable_s01_sm.dds,22000,referenced-full
texture/togorian_m_wearable_s02.dds,349680,referenced-full
texture/togorian_m_wearable_s02_n.dds,1398228,referenced-full
texture/togorian_m_wearable_s02_sm.dds,22000,referenced-full
texture/togorian_m_wearable_s03.dds,349680,referenced-full
texture/togorian_m_wearable_s03_n.dds,1398228,referenced-full
texture/togorian_m_wearable_s03_sm.dds,22000,referenced-full
texture/togorian_m_whiskers.dds,5616,referenced-full
texture/togruta_body.dds,174928,referenced-full
texture/togruta_body_n.dds,699180,referenced-full
texture/togruta_body_n_sm.dds,43820,referenced-full
texture/togruta_body_sm.dds,11088,referenced-full
texture/togruta_f_mouth.dds,5616,referenced-full
texture/togruta_head.dds,87536,referenced-full
texture/togruta_head_n.dds,349652,referenced-full
texture/togruta_head_n_sm.dds,21972,referenced-full
texture/togruta_head_sm.dds,5616,referenced-full
texture/toydarian_chest_plate.dds,87536,referenced-full
texture/toydarian_chest_plate_n.dds,349652,referenced-full
texture/toydarian_chest_plate_sm.dds,5616,UNREFERENCED
texture/toydarian_eye.dds,22000,referenced-full
texture/toydarian_eye_spec.dds,22000,referenced-full
texture/toydarian_n.dds,1398228,referenced-full
texture/toydarian_pants_s01.dds,87536,referenced-full
texture/toydarian_pants_s01_n.dds,349652,referenced-full
texture/toydarian_pants_s01_sm.dds,5616,referenced-full
texture/toydarian_pants_s02.dds,87536,referenced-full
texture/toydarian_pants_s02_n.dds,349652,referenced-full
texture/toydarian_pants_s02_sm.dds,5616,referenced-full
texture/toydarian_sm.dds,22000,referenced-full
texture/toydarian_vest_s01.dds,87536,referenced-full
texture/toydarian_vest_s01_n.dds,349652,referenced-full
texture/toydarian_vest_s01_sm.dds,5616,referenced-full
texture/toydarian_vest_s02.dds,87536,referenced-full
texture/toydarian_vest_s02_n.dds,349652,referenced-full
texture/toydarian_vest_s02_sm.dds,5616,referenced-full
texture/traz_body_hue.dds,43856,referenced-full
texture/traz_body_hue_spec.dds,43856,referenced-full
texture/traz_button_hue.dds,1520,referenced-full
texture/tree_base_lifeday_2006_s01.dds,87536,referenced-full
texture/tree_glow_lifeday_2006_s01.dds,22000,referenced-full
texture/tree_leaves_lifeday_2006_s01.dds,87536,referenced-full
texture/tree_lifeday_2006_s01.dds,349680,referenced-full
texture/tree_lifeday_2006_s01_cn.dds,349680,UNREFERENCED
texture/tree_tall_trunk_s01.dds,174928,referenced-full
texture/tree_tall_trunk_s03_cn.dds,87536,UNREFERENCED
texture/tree_tall_trunk_s04.dds,174928,referenced-full
texture/trn_body_cn.dds,174928,referenced-full
texture/trn_boot_cn.dds,87536,referenced-full
texture/trn_boot_spec.dds,22000,referenced-full
texture/trn_boot_zombie.dds,87536,referenced-full
texture/trn_boot_zombie_sm.dds,5616,referenced-full
texture/trn_f_body_n_sm.dds,11088,referenced-full
texture/trn_f_lid_zombie.dds,22000,referenced-full
texture/trn_m_body_spec.dds,43856,referenced-full
texture/trn_m_body_zombie.dds,174928,referenced-full
texture/trn_m_body_zombie_cn.dds,174928,referenced-full
texture/trn_m_body_zombie_sm.dds,5608,referenced-full
texture/trn_m_eye_zombie.dds,2872,referenced-full
texture/trn_m_face_cn.dds,87536,referenced-full
texture/trn_m_face_spec.dds,22000,referenced-full
texture/trn_m_face_zombie.dds,87536,referenced-full
texture/trn_m_face_zombie_cn.dds,87536,referenced-full
texture/trn_m_face_zombie_sm.dds,2872,referenced-full
texture/trn_m_hand.dds,22000,referenced-full
texture/trn_m_hand_cn.dds,22000,referenced-full
texture/trn_m_hand_spec.dds,5616,referenced-full
texture/trn_m_hand_zombie.dds,22000,referenced-full
texture/trn_m_hand_zombie_cn.dds,22000,referenced-full
texture/trn_m_skull_cn.dds,22000,referenced-full
texture/trn_m_skullnosides_cn.dds,22000,referenced-full
texture/trophy_finned_blaggart.dds,87536,referenced-full
texture/trophy_finned_blaggart_cn.dds,87536,referenced-full
texture/trophy_finned_blaggart_sm.dds,5616,referenced-full
texture/trophy_mutant_acklay_head.dds,174928,referenced-full
texture/trophy_mutant_acklay_head_cn.dds,174928,referenced-full
texture/trophy_mutant_acklay_sm.dds,22000,referenced-full
texture/tulrus.dds,349680,referenced-full
texture/tulrus_cn.dds,349680,referenced-full
texture/tulrus_horns.dds,87536,referenced-full
texture/tulrus_horns_cn.dds,87536,referenced-full
texture/tulrus_horns_spec.dds,87536,referenced-full
texture/tulrus_sm.dds,22000,referenced-full
texture/tulrus_spec.dds,349680,referenced-full
texture/tulrus_spine_display_stand.dds,174928,referenced-full
texture/tulrus_spine_display_stand_cn.dds,174928,referenced-full
texture/tulrus_spine_display_stand_sm.dds,11088,referenced-full
texture/tulrus_sword_2h.dds,87568,referenced-full
texture/tulrus_sword_2h_cn.dds,87568,referenced-full
texture/tulrus_sword_2h_sm.dds,2896,referenced-full
texture/turret_dish_a_cn.dds,43856,referenced-full
texture/tuskenking_01.dds,349680,referenced-full
texture/tuskenking_01_cn.dds,349680,referenced-full
texture/tuskenking_02.dds,349680,referenced-full
texture/tuskenking_02_cn.dds,349680,referenced-full
texture/tuskenking_03.dds,349680,referenced-full
texture/tuskenking_03_cn.dds,349680,referenced-full
texture/tuskenking_sm.dds,87536,referenced-full
texture/twighlight_itv_body.dds,174904,referenced-full
texture/twighlight_itv_body_cn.dds,349680,referenced-full
texture/twighlight_itv_body_sm.dds,2872,referenced-full
texture/twighlight_itv_weapons.dds,349680,referenced-full
texture/twighlight_itv_weapons_cn.dds,349680,referenced-full
texture/twighlight_itv_weapons_sm.dds,2872,referenced-full
texture/twin_pod_cloud_car.dds,349680,referenced-full
texture/twin_pod_cloud_car_cn.dds,349680,referenced-full
texture/twin_pod_cloud_car_emis.dds,349680,referenced-full
texture/twin_pod_cloud_car_glass.dds,87536,UNREFERENCED
texture/twin_pod_cloud_car_glass_spec.dds,87536,referenced-full
texture/twin_pod_cloud_car_sm.dds,2872,referenced-full
texture/twing_main_sm_s01a.dds,22000,referenced-full
texture/twing_main_sm_s02a.dds,22000,referenced-full
texture/twk_f_body_cn_zombie.dds,349680,referenced-full
texture/twk_f_body_zombie.dds,349680,referenced-full
texture/twk_f_face_cn_zombie.dds,87536,referenced-full
texture/twk_f_face_zombie.dds,87536,referenced-full
texture/twk_f_head_zombie.dds,87536,referenced-full
texture/twk_f_leccu_pattern_zombie.dds,43856,referenced-full
texture/twk_f_mouth_zombie.dds,11064,referenced-full
texture/twk_f_zombie_sm.dds,11064,referenced-full
texture/twk_m_body_zombie.dds,349680,referenced-full
texture/twk_m_body_zombie_cn.dds,349680,referenced-full
texture/twk_m_eye_zombie.dds,2872,referenced-full
texture/twk_m_face_zombie.dds,87536,referenced-full
texture/twk_m_face_zombie_cn.dds,87536,referenced-full
texture/twk_m_head_zombie.dds,87536,referenced-full
texture/twk_m_head_zombie_cn.dds,87536,referenced-full
texture/twk_m_mouth_zombie.dds,11064,referenced-full
texture/twk_m_zombie_sm.dds,43832,referenced-full
texture/ugnaught_robe.dds,174928,referenced-full
texture/ugnaught_robe_n.dds,699180,referenced-full
texture/ugnaught_robe_sm.dds,11088,referenced-full
texture/ugnaught_suit_s01.dds,174928,referenced-full
texture/ugnaught_suit_s01_n.dds,699180,referenced-full
texture/ugnaught_suit_s01_sm.dds,11088,referenced-full
texture/ui_beastmaster.dds,262272,UNREFERENCED
texture/ui_borders_and_grid.dds,65664,referenced-full
texture/ui_button_bar_menu.dds,4224,referenced-full
texture/ui_collections_book_icons.dds,262272,UNREFERENCED
texture/ui_collections_icons_01.dds,262272,UNREFERENCED
texture/ui_collections_icons_02.dds,262272,UNREFERENCED
texture/ui_collections_icons_03.dds,262272,UNREFERENCED
texture/ui_collections_icons_04.dds,262272,UNREFERENCED
texture/ui_collections_icons_05.dds,262272,UNREFERENCED
texture/ui_collections_icons_06.dds,262272,UNREFERENCED
texture/ui_collections_icons_07.dds,262272,UNREFERENCED
texture/ui_collections_icons_08.dds,262272,UNREFERENCED
texture/ui_collections_icons_09.dds,262272,UNREFERENCED
texture/ui_collections_icons_10.dds,262272,UNREFERENCED
texture/ui_collections_icons_11.dds,262272,UNREFERENCED
texture/ui_collections_icons_12.dds,262272,UNREFERENCED
texture/ui_collections_icons_13.dds,262272,UNREFERENCED
texture/ui_collections_icons_14.dds,262272,UNREFERENCED
texture/ui_collections_icons_15.dds,262272,UNREFERENCED
texture/ui_collections_icons_16.dds,262272,UNREFERENCED
texture/ui_collections_icons_17.dds,262272,UNREFERENCED
texture/ui_collections_icons_18.dds,262272,UNREFERENCED
texture/ui_collections_icons_19.dds,262272,UNREFERENCED
texture/ui_collections_icons_20.dds,262272,UNREFERENCED
texture/ui_collections_icons_21.dds,349680,UNREFERENCED
texture/ui_collections_icons_22.dds,349680,UNREFERENCED
texture/ui_collections_icons_23.dds,262272,UNREFERENCED
texture/ui_collections_icons_reward_01.dds,262272,UNREFERENCED
texture/ui_collections_icons_reward_02.dds,262272,UNREFERENCED
texture/ui_collections_icons_reward_03.dds,262272,UNREFERENCED
texture/ui_collections_icons_reward_04.dds,262272,UNREFERENCED
texture/ui_collections_icons_reward_05.dds,262272,UNREFERENCED
texture/ui_collections_icons_reward_badges_s01.dds,262272,UNREFERENCED
texture/ui_collections_icons_space_01.dds,262272,UNREFERENCED
texture/ui_collections_icons_space_02.dds,262272,UNREFERENCED
texture/ui_collections_icons_space_03.dds,262272,UNREFERENCED
texture/ui_collections_icons_space_04.dds,262272,UNREFERENCED
texture/ui_collections_icons_space_05.dds,262272,UNREFERENCED
texture/ui_collections_icons_space_06.dds,262272,UNREFERENCED
texture/ui_collections_icons_space_07.dds,262272,UNREFERENCED
texture/ui_collections_icons_space_rewards_01.dds,262272,UNREFERENCED
texture/ui_collections_icons_space_rewards_02.dds,262272,UNREFERENCED
texture/ui_collections_icons_unknown.dds,2432,UNREFERENCED
texture/ui_cursor_crosshair.dds,4224,UNREFERENCED
texture/ui_deathtrooper_collections_01.dds,262272,UNREFERENCED
texture/ui_deathtrooper_icons_01.dds,262272,UNREFERENCED
texture/ui_expertise_background_left.dds,786560,referenced-full
texture/ui_expertise_background_left_beastmaster.dds,262272,UNREFERENCED
texture/ui_expertise_background_left_bounty_hunter.dds,786560,referenced-full
texture/ui_expertise_background_left_commando.dds,262272,UNREFERENCED
texture/ui_expertise_background_left_entertainer.dds,262272,UNREFERENCED
texture/ui_expertise_background_left_jedi.dds,786560,referenced-full
texture/ui_expertise_background_left_medic.dds,262272,UNREFERENCED
texture/ui_expertise_background_left_officer.dds,262272,UNREFERENCED
texture/ui_expertise_background_left_smuggler.dds,262272,UNREFERENCED
texture/ui_expertise_background_left_spy.dds,262272,UNREFERENCED
texture/ui_expertise_background_left_trader.dds,262272,referenced-full
texture/ui_expertise_background_right.dds,393344,referenced-full
texture/ui_expertise_buttons.dds,262272,referenced-full
texture/ui_expertise_parts.dds,1048704,referenced-full
texture/ui_gcw_faction_imperial.dds,4224,UNREFERENCED
texture/ui_gcw_faction_neutral.dds,4224,referenced-full
texture/ui_gcw_faction_rebel.dds,4224,UNREFERENCED
texture/ui_gcw_imp_collection_01.dds,262272,UNREFERENCED
texture/ui_gcw_imp_collection_02.dds,262272,UNREFERENCED
texture/ui_gcw_imp_collection_03.dds,262272,UNREFERENCED
texture/ui_gcw_rank_icons.dds,262272,UNREFERENCED
texture/ui_gcw_rebel_collection_01.dds,262272,UNREFERENCED
texture/ui_gcw_rebel_collection_02.dds,262272,UNREFERENCED
texture/ui_gcw_rebel_collection_03.dds,262272,UNREFERENCED
texture/ui_gcw_region_imperial.dds,4224,UNREFERENCED
texture/ui_gcw_region_neutral.dds,4224,UNREFERENCED
texture/ui_gcw_region_rebel.dds,4224,UNREFERENCED
texture/ui_gcw_regions.dds,32896,UNREFERENCED
texture/ui_gcw_starfield.dds,262272,UNREFERENCED
texture/ui_glowing_border.dds,65664,referenced-full
texture/ui_imperial_gcw_background.dds,262272,UNREFERENCED
texture/ui_imperial_logo_bluegray_metal.dds,1520,referenced-full
texture/ui_legacy_badg_icons_01.dds,262272,UNREFERENCED
texture/ui_legacy_badg_icons_02.dds,262272,UNREFERENCED
texture/ui_legacy_badg_icons_03.dds,262272,UNREFERENCED
texture/ui_load_motd_auralia.dds,262272,UNREFERENCED
texture/ui_load_motd_buddy.dds,262272,UNREFERENCED
texture/ui_load_motd_chp10.dds,262272,UNREFERENCED
texture/ui_load_motd_chp11_1.dds,262272,UNREFERENCED
texture/ui_load_motd_chp11_2.dds,262272,UNREFERENCED
texture/ui_load_motd_chp8.dds,262272,UNREFERENCED
texture/ui_load_motd_chp9.dds,262272,UNREFERENCED
texture/ui_load_motd_deathtroopers.dds,262272,UNREFERENCED
texture/ui_load_motd_efol.dds,262272,UNREFERENCED
texture/ui_load_motd_lifeday08.dds,262272,UNREFERENCED
texture/ui_load_motd_moon.dds,262272,UNREFERENCED
texture/ui_load_motd_tcg.dds,262272,UNREFERENCED
texture/ui_load_motd_tcg_2.dds,262272,UNREFERENCED
texture/ui_load_motd_tcg_3.dds,262272,UNREFERENCED
texture/ui_load_motd_tcg_5.dds,262272,UNREFERENCED
texture/ui_load_motd_tcg_6.dds,262272,UNREFERENCED
texture/ui_load_motd_tcg_7.dds,262272,UNREFERENCED
texture/ui_load_motd_update6.dds,262272,UNREFERENCED
texture/ui_load_motd_update_10.dds,262272,UNREFERENCED
texture/ui_load_motd_update_11.dds,262272,UNREFERENCED
texture/ui_load_motd_update_12.dds,262272,UNREFERENCED
texture/ui_load_motd_update_13.dds,262272,UNREFERENCED
texture/ui_load_motd_update_15.dds,262272,UNREFERENCED
texture/ui_load_motd_update_16.dds,262272,UNREFERENCED
texture/ui_load_motd_update_9.dds,262272,UNREFERENCED
texture/ui_load_motd_update_bgbsh.dds,262272,UNREFERENCED
texture/ui_logo_5th.dds,131200,UNREFERENCED
texture/ui_logo_7th.dds,131200,UNREFERENCED
texture/ui_logo_8th.dds,131200,UNREFERENCED
texture/ui_logo_coa.dds,131200,referenced-full
texture/ui_map_mustafar.dds,524416,UNREFERENCED
texture/ui_minigame.dds,1398228,UNREFERENCED
texture/ui_mission_bounty_target_jedi.dds,11064,referenced-full
texture/ui_new_icons_temp10.dds,262272,UNREFERENCED
texture/ui_new_icons_temp5.dds,262272,referenced-full
texture/ui_new_icons_temp6.dds,262272,referenced-full
texture/ui_new_icons_temp7.dds,262272,referenced-full
texture/ui_new_icons_temp8.dds,262272,UNREFERENCED
texture/ui_new_icons_temp9.dds,262272,UNREFERENCED
texture/ui_new_menu_icons.dds,16512,referenced-full
texture/ui_npe_continuation_screen.dds,1048704,referenced-full
texture/ui_npe_loadscreen_01.dds,262272,UNREFERENCED
texture/ui_npe_loadscreen_02.dds,262272,UNREFERENCED
texture/ui_npe_loadscreen_03.dds,262272,UNREFERENCED
texture/ui_nym_collection_01.dds,262272,UNREFERENCED
texture/ui_planet_sel_hoth.dds,87536,referenced-full
texture/ui_planet_sel_must.dds,43832,referenced-full
texture/ui_planet_sel_ordmantel.dds,43832,referenced-full
texture/ui_profession_bounty_hunter.dds,32896,referenced-full
texture/ui_profession_bounty_hunter_a1.dds,43856,referenced-full
texture/ui_profession_bounty_hunter_select.dds,32896,referenced-full
texture/ui_profession_bounty_hunter_select_a1.dds,43856,referenced-full
texture/ui_profession_chronical_master.dds,32896,UNREFERENCED
texture/ui_profession_chronical_master_a1.dds,32896,UNREFERENCED
texture/ui_profession_chronical_master_select.dds,32896,UNREFERENCED
texture/ui_profession_chronical_master_select_a1.dds,32896,UNREFERENCED
texture/ui_profession_commando.dds,43856,referenced-full
texture/ui_profession_commando_a1.dds,43856,referenced-full
texture/ui_profession_commando_select.dds,43856,referenced-full
texture/ui_profession_commando_select_a1.dds,43856,referenced-full
texture/ui_profession_entertainer.dds,43856,referenced-full
texture/ui_profession_entertainer_a1.dds,43856,referenced-full
texture/ui_profession_entertainer_select.dds,43856,referenced-full
texture/ui_profession_entertainer_select_a1.dds,32896,referenced-full
texture/ui_profession_force_sensitive.dds,32896,referenced-full
texture/ui_profession_force_sensitive_a1.dds,32896,referenced-full
texture/ui_profession_force_sensitive_select.dds,32896,referenced-full
texture/ui_profession_force_sensitive_select_a1.dds,32896,referenced-full
texture/ui_profession_medic.dds,32896,referenced-full
texture/ui_profession_medic_a1.dds,43856,referenced-full
texture/ui_profession_medic_select.dds,32896,referenced-full
texture/ui_profession_medic_select_a1.dds,43856,referenced-full
texture/ui_profession_mockup.dds,65664,referenced-full
texture/ui_profession_officer.dds,43856,referenced-full
texture/ui_profession_officer_a1.dds,43856,referenced-full
texture/ui_profession_officer_select.dds,43856,referenced-full
texture/ui_profession_officer_select_a1.dds,43856,referenced-full
texture/ui_profession_politician.dds,43856,UNREFERENCED
texture/ui_profession_politician_a1.dds,43856,UNREFERENCED
texture/ui_profession_politician_a1_select.dds,43856,UNREFERENCED
texture/ui_profession_politician_select.dds,43856,UNREFERENCED
texture/ui_profession_smuggler.dds,32896,referenced-full
texture/ui_profession_smuggler_a1.dds,43856,referenced-full
texture/ui_profession_smuggler_select.dds,32896,referenced-full
texture/ui_profession_smuggler_select_a1.dds,43856,referenced-full
texture/ui_profession_space_imperial.dds,43856,UNREFERENCED
texture/ui_profession_space_imperial_a1.dds,43856,UNREFERENCED
texture/ui_profession_space_imperial_a1_select.dds,43856,UNREFERENCED
texture/ui_profession_space_imperial_select.dds,43856,UNREFERENCED
texture/ui_profession_space_neutral.dds,43856,UNREFERENCED
texture/ui_profession_space_neutral_a1.dds,43856,UNREFERENCED
texture/ui_profession_space_neutral_a1_select.dds,43856,UNREFERENCED
texture/ui_profession_space_neutral_select.dds,43856,UNREFERENCED
texture/ui_profession_space_pilot_imperial.dds,43856,UNREFERENCED
texture/ui_profession_space_pilot_neutral.dds,43856,UNREFERENCED
texture/ui_profession_space_pilot_rebel.dds,43856,UNREFERENCED
texture/ui_profession_space_rebel.dds,43856,UNREFERENCED
texture/ui_profession_space_rebel_a1.dds,43856,UNREFERENCED
texture/ui_profession_space_rebel_a1_select.dds,43856,UNREFERENCED
texture/ui_profession_space_rebel_select.dds,43856,UNREFERENCED
texture/ui_profession_spy.dds,32896,referenced-full
texture/ui_profession_spy_a1.dds,43856,referenced-full
texture/ui_profession_spy_select.dds,32896,referenced-full
texture/ui_profession_spy_select_a1.dds,43856,referenced-full
texture/ui_profession_trader.dds,32896,referenced-full
texture/ui_profession_trader_a1.dds,43856,referenced-full
texture/ui_profession_trader_select.dds,32896,referenced-full
texture/ui_profession_trader_select_a1.dds,43856,referenced-full
texture/ui_race_bothan_female.dds,4224,referenced-full
texture/ui_race_bothan_male.dds,4224,referenced-full
texture/ui_race_human_female.dds,4224,referenced-full
texture/ui_race_human_male.dds,4224,referenced-full
texture/ui_race_ithorian_female.dds,4224,referenced-full
texture/ui_race_ithorian_male.dds,4224,referenced-full
texture/ui_race_moncal_female.dds,4224,referenced-full
texture/ui_race_moncal_male.dds,4224,referenced-full
texture/ui_race_rodian_female.dds,4224,referenced-full
texture/ui_race_rodian_male.dds,4224,referenced-full
texture/ui_race_sullustan_female.dds,4224,referenced-full
texture/ui_race_sullustan_male.dds,4224,referenced-full
texture/ui_race_trandoshan_female.dds,4224,referenced-full
texture/ui_race_trandoshan_male.dds,4224,referenced-full
texture/ui_race_twilek_female.dds,4224,referenced-full
texture/ui_race_twilek_male.dds,4224,referenced-full
texture/ui_race_wookiee_female.dds,4224,referenced-full
texture/ui_race_wookiee_male.dds,4224,referenced-full
texture/ui_race_zabrak_female.dds,4224,referenced-full
texture/ui_race_zabrak_male.dds,4224,referenced-full
texture/ui_rebel_gcw_background.dds,262272,UNREFERENCED
texture/ui_rebel_logo_red_metal.dds,1520,referenced-full
texture/ui_roadmap_arcs.dds,16512,referenced-full
texture/ui_roadmap_icons.dds,65664,referenced-full
texture/ui_roadmap_parts.dds,65664,referenced-full
texture/ui_roadmap_parts_2.dds,65664,UNREFERENCED
texture/ui_roadmap_parts_3.dds,65664,referenced-full
texture/ui_roadmap_rings.dds,349680,referenced-full
texture/ui_roadmap_rings_2.dds,262272,referenced-full
texture/ui_space_faction_neutral.dds,4224,UNREFERENCED
texture/ui_space_hud_comm.dds,262272,UNREFERENCED
texture/ui_starwars_logo_tow.dds,131200,referenced-full
texture/ui_target_lock_reticule.dds,4224,UNREFERENCED
texture/ui_thm_of_day_ch5.dds,262272,UNREFERENCED
texture/ui_timers.dds,1048704,UNREFERENCED
texture/ui_voice_ear.dds,1152,UNREFERENCED
texture/ui_voice_microphone.dds,1152,UNREFERENCED
texture/ui_webbrowser_scratch.dds,131200,UNREFERENCED
texture/underwear_zombie.dds,87536,referenced-full
texture/underwear_zombie_cn.dds,349652,referenced-full
texture/underwear_zombie_f.dds,87536,referenced-full
texture/underwear_zombie_f_cn.dds,349652,referenced-full
texture/union_sentry_droid.dds,349680,referenced-full
texture/union_sentry_droid_cn.dds,349680,referenced-full
texture/union_sentry_droid_emis.dds,87536,referenced-full
texture/union_sentry_droid_hue.dds,349680,referenced-full
texture/union_sentry_droid_s.dds,349680,referenced-full
texture/union_sentry_droid_sm.dds,22000,referenced-full
texture/union_sentry_droid_sm_hue.dds,22000,referenced-full
texture/utapau_itv_high.dds,1398256,referenced-full
texture/utapau_itv_high_2.dds,1398256,referenced-full
texture/utapau_itv_high_cn.dds,1398256,referenced-full
texture/utapau_itv_high_spec.dds,1398256,referenced-full
texture/utapau_itv_med.dds,349680,referenced-full
texture/utapau_itv_med_cn.dds,349680,referenced-full
texture/utapau_itv_med_spec.dds,349680,referenced-full
texture/utapau_itv_sm.dds,87536,referenced-full
texture/v_wing_cockpit_01_cn.dds,349680,referenced-full
texture/v_wing_cockpit_02_cn.dds,349680,referenced-full
texture/v_wing_sm.dds,2872,referenced-full
texture/vader_pod.dds,349680,referenced-full
texture/vader_pod_cn.dds,349680,referenced-full
texture/vader_pod_emis.dds,349680,referenced-full
texture/vader_pod_sm.dds,2872,referenced-full
texture/varactyl_armor_1.dds,349680,referenced-full
texture/varactyl_armor_1_cn.dds,349680,referenced-full
texture/varactyl_armor_1_emis.dds,349680,referenced-full
texture/varactyl_armor_1_sm.dds,87536,referenced-full
texture/varactyl_armor_2.dds,174928,referenced-full
texture/varactyl_armor_2_cn.dds,174928,referenced-full
texture/varactyl_armor_2_emis.dds,174928,referenced-full
texture/varactyl_armor_2_sm.dds,43856,referenced-full
texture/varactyl_armor_feather.dds,349680,referenced-full
texture/varactyl_armor_feather_sm.dds,22000,referenced-full
texture/varactyl_armor_saddle.dds,349680,referenced-full
texture/varactyl_armor_saddle_cn.dds,349680,UNREFERENCED
texture/varactyl_armor_saddle_sm.dds,87536,UNREFERENCED
texture/vest_s09_han.dds,87536,referenced-full
texture/vest_s09_sm_han.dds,5616,referenced-full
texture/vet_fireplace1.dds,349680,referenced-full
texture/vet_fireplace1_sm.dds,22000,referenced-full
texture/vet_fireplace_cn.dds,349680,referenced-full
texture/wampa_body.dds,349680,referenced-full
texture/wampa_body_hue.dds,349680,referenced-full
texture/wampa_hair.dds,22000,referenced-full
texture/wampa_hair_hue.dds,22000,referenced-full
texture/wampa_hole.dds,2872,referenced-full
texture/wampa_hue_sm.dds,87536,referenced-full
texture/wampa_legs.dds,349680,referenced-full
texture/wampa_legs_hue.dds,349680,referenced-full
texture/wampa_sm.dds,87536,referenced-full
texture/watto_body.dds,1398256,referenced-full
texture/watto_body_sm.dds,87536,referenced-full
texture/watto_cn.dds,1398256,referenced-full
texture/watto_eye.dds,22000,referenced-full
texture/watto_eye_spec.dds,22000,referenced-full
texture/white.dds,132,referenced-full
texture/wings_cn.dds,174928,referenced-full
texture/wings_hue.dds,174928,referenced-full
texture/wings_hue_sm.dds,43856,referenced-full
texture/wings_spec.dds,174928,referenced-full
texture/wings_spec_sm.dds,43856,referenced-full
texture/wke_alpha_zombie.dds,174928,referenced-full
texture/wke_beard_s01.dds,43856,referenced-full
texture/wke_beard_s01_n.dds,43856,referenced-full
texture/wke_beard_s01_sm.dds,1520,referenced-full
texture/wke_beard_s10.dds,11088,referenced-full
texture/wke_beard_s10_n.dds,11088,referenced-full
texture/wke_beard_s10_sm.dds,1520,referenced-full
texture/wke_eye_zombie.dds,824,referenced-full
texture/wke_mouth_zombie.dds,11088,referenced-full
texture/wke_mouth_zombie_sm.dds,1512,referenced-full
texture/wke_pattern_s01_zombie.dds,349680,referenced-full
texture/wke_pattern_s01_zombie_cn.dds,349680,referenced-full
texture/wke_pattern_s01_zombie_sm.dds,2872,referenced-full
texture/wood_bark_sign.dds,87536,referenced-full
texture/wood_bark_sign_hart.dds,43832,referenced-full
texture/wookie_zombie.dds,349680,referenced-full
texture/wookie_zombie_cn.dds,1398228,referenced-full
texture/wookie_zombie_fur.dds,87536,referenced-full
texture/wookie_zombie_fur_cn.dds,87536,referenced-full
texture/wookie_zombie_sm.dds,2872,referenced-full
texture/wookiee_sword_lb.dds,43856,referenced-full
texture/wp_carbine_ch8.dds,87536,referenced-full
texture/wp_carbine_imperial_heavy.dds,87536,referenced-full
texture/wp_carbine_imperial_heavy_cn.dds,87536,referenced-full
texture/wp_carbine_imperial_heavy_sm.dds,5616,referenced-full
texture/wp_carbine_mandalorian_.dds,43856,referenced-full
texture/wp_carbine_mandalorian_cn.dds,43856,UNREFERENCED
texture/wp_carbine_mandalorian_sm.dds,5616,referenced-full
texture/wp_carbine_massasi.dds,87536,referenced-full
texture/wp_carbine_massasi_sm.dds,5616,referenced-full
texture/wp_carbine_nym.dds,349680,referenced-full
texture/wp_carbine_nym_cn.dds,349680,referenced-full
texture/wp_carbine_nym_sm.dds,22000,referenced-full
texture/wp_heavy_ice_gun.dds,87536,referenced-full
texture/wp_heavy_ice_gun_cn.dds,87536,referenced-full
texture/wp_heavy_ice_gun_sm.dds,5616,referenced-full
texture/wp_hvy_mandalorian.dds,87568,referenced-full
texture/wp_hvy_mandalorian_cn.dds,43856,UNREFERENCED
texture/wp_hvy_mandalorian_sm.dds,5616,referenced-full
texture/wp_hvy_mandalorian_spec.dds,11088,referenced-full
texture/wp_hvy_mandalorian_spec_sm.dds,5616,referenced-full
texture/wp_hvy_rotary_cannon_cn.dds,87536,referenced-full
texture/wp_kx60_blaster_rifle.dds,87536,referenced-full
texture/wp_kx60_blaster_rifle_cn.dds,87536,UNREFERENCED
texture/wp_kx60_blaster_rifle_sm.dds,5616,UNREFERENCED
texture/wp_kx80_repeating_blaster_rifle.dds,87536,referenced-full
texture/wp_kx80_repeating_blaster_rifle_cn.dds,87536,referenced-basename
texture/wp_kx80_repeating_blaster_rifle_sm.dds,5616,referenced-basename
texture/wp_mle_2h_sword_lightsaber_apprentice.dds,87536,referenced-basename
texture/wp_mle_2h_sword_lightsaber_gen5.dds,349680,referenced-full
texture/wp_mle_2h_sword_lightsaber_gen5_em.dds,349680,referenced-basename
texture/wp_mle_2h_sword_massassi.dds,87536,UNREFERENCED
texture/wp_mle_2h_sword_massassi_sm.dds,2872,referenced-full
texture/wp_mle_fan_metal.dds,87536,referenced-full
texture/wp_mle_fan_metal_cn.dds,87536,referenced-full
texture/wp_mle_fan_metal_hue01.dds,87536,referenced-full
texture/wp_mle_fan_metal_hue01_sm.dds,22000,referenced-full
texture/wp_mle_fan_metal_hue02.dds,87536,referenced-full
texture/wp_mle_fan_metal_hue02_sm.dds,22000,referenced-full
texture/wp_mle_fan_metal_sm.dds,11064,referenced-full
texture/wp_mle_fan_metal_spec_sm.dds,22000,UNREFERENCED
texture/wp_mle_fan_metal_specenv.dds,87536,UNREFERENCED
texture/wp_mle_lance_gcw.dds,87536,referenced-full
texture/wp_mle_lance_gcw_cn.dds,87536,referenced-full
texture/wp_mle_lance_lightsaber_gen5.dds,349680,referenced-full
texture/wp_mle_lance_lightsaber_gen5_cn.dds,349680,referenced-full
texture/wp_mle_lance_lightsaber_gen5_em.dds,349680,referenced-full
texture/wp_mle_lance_lightsaber_gen5_sm.dds,87536,referenced-full
texture/wp_mle_sword_lightsaber_gcw.dds,87536,referenced-full
texture/wp_mle_sword_lightsaber_gcw_cn.dds,87536,referenced-full
texture/wp_mle_sword_lightsaber_gcw_sm.dds,2872,referenced-full
texture/wp_mle_sword_lightsaber_gen5.dds,349680,referenced-full
texture/wp_mle_sword_lightsaber_gen5_cn.dds,349680,referenced-full
texture/wp_mle_sword_lightsaber_gen5_sm.dds,87536,referenced-full
texture/wp_mle_sword_lightsaber_mandalorian.dds,87536,referenced-basename
texture/wp_mle_sword_lightsaber_mandalorian_cn.dds,22000,UNREFERENCED
texture/wp_mle_sword_lightsaber_mandalorian_sm.dds,5616,referenced-basename
texture/wp_mle_sword_lightsaber_mandalorian_spec.dds,22000,referenced-basename
texture/wp_mle_sword_lightsaber_mandalorian_spec_sm.dds,1520,referenced-basename
texture/wp_mle_sword_lightsaber_phobos.dds,87536,referenced-full
texture/wp_mle_sword_lightsaber_phobos_sm.dds,5616,referenced-basename
texture/wp_mle_sword_mandalorian.dds,43920,UNREFERENCED
texture/wp_mle_sword_mandalorian_sm.dds,2960,referenced-full
texture/wp_mle_sword_mandalorian_spec.dds,43920,referenced-full
texture/wp_mle_sword_mandalorian_spec_sm.dds,2960,referenced-basename
texture/wp_pistol_ch8.dds,87536,referenced-full
texture/wp_pistol_gcw.dds,349680,referenced-full
texture/wp_pistol_gcw_cn.dds,349680,referenced-full
texture/wp_pistol_gcw_sm.dds,22000,referenced-full
texture/wp_pistol_jango.dds,87536,referenced-full
texture/wp_pistol_jango_cn.dds,87536,referenced-full
texture/wp_pistol_jango_sm.dds,5616,referenced-full
texture/wp_polearm_ch8_s02.dds,5776,referenced-full
texture/wp_polearm_ch8_s02_cn.dds,5776,referenced-full
texture/wp_polearm_magnaguard.dds,22000,referenced-full
texture/wp_polearm_magnaguard_cn.dds,22000,UNREFERENCED
texture/wp_polearm_magnaguard_glass.dds,5616,referenced-full
texture/wp_polearm_magnaguard_sm.dds,5616,UNREFERENCED
texture/wp_rebel_rifle.dds,87536,referenced-full
texture/wp_rebel_rifle_sm.dds,22000,referenced-full
texture/wp_rifle_a280.dds,87536,referenced-full
texture/wp_rifle_a280_cn.dds,87536,referenced-full
texture/wp_rifle_a280_sm.dds,5616,referenced-full
texture/wp_rifle_dl19.dds,87536,referenced-full
texture/wp_rifle_dl19_cn.dds,87536,referenced-full
texture/wp_rifle_dl19_sm.dds,2872,referenced-full
texture/wp_rifle_dl19_spec.dds,87536,referenced-full
texture/wp_rifle_firelance.dds,87536,referenced-full
texture/wp_rifle_firelance_cn.dds,87536,referenced-full
texture/wp_rifle_firelance_emis.dds,87536,referenced-full
texture/wp_rifle_firelance_sm.dds,5616,referenced-full
texture/wp_rifle_firelance_sm_emis.dds,5616,referenced-full
texture/wp_rifle_gcw.dds,349680,referenced-full
texture/wp_rifle_gcw_cn.dds,349680,referenced-full
texture/wp_rifle_gcw_emis.dds,349680,referenced-full
texture/wp_rifle_gcw_sm.dds,22000,referenced-full
texture/wp_rifle_imperial.dds,87536,referenced-full
texture/wp_rifle_imperial_cn.dds,87536,referenced-full
texture/wp_rifle_imperial_sm.dds,5616,referenced-full
texture/wp_rifle_mandalorian.dds,87568,referenced-full
texture/wp_rifle_mandalorian_cn.dds,43856,UNREFERENCED
texture/wp_rifle_mandalorian_mask.dds,43856,UNREFERENCED
texture/wp_rifle_mandalorian_sm.dds,2896,referenced-full
texture/wp_rifle_mandalorian_spec.dds,22000,referenced-full
texture/wp_rifle_senate_guard.dds,87536,referenced-full
texture/wp_rifle_senate_guard_cn.dds,87536,UNREFERENCED
texture/wp_rifle_senate_guard_sm.dds,5616,UNREFERENCED
texture/wp_rifle_westar_m5.dds,87536,referenced-full
texture/wp_rifle_westar_m5_cn.dds,87536,referenced-full
texture/wp_rifle_westar_m5_sm.dds,5616,referenced-full
texture/wpn_polearm_chp8.dds,87536,referenced-full
texture/wpn_polearm_chp8_cn.dds,87536,referenced-full
texture/wpn_polearm_chp8_sm.dds,5616,referenced-full
texture/wter_lava.dds,43832,UNREFERENCED
texture/xadank.dds,174928,referenced-full
texture/xadank_cn.dds,174928,referenced-full
texture/xadank_sm.dds,22000,referenced-full
texture/xadank_spec.dds,174928,referenced-full
texture/xeno_throne.dds,87536,referenced-full
texture/xeno_throne_cn.dds,87536,referenced-full
texture/xeno_throne_sm.dds,22000,referenced-full
texture/xeno_throne_spec.dds,87536,referenced-full
texture/xj6_air_speeder.dds,349680,referenced-full
texture/xj6_air_speeder_cn.dds,349680,referenced-full
texture/xj6_air_speeder_glass.dds,22000,referenced-full
texture/xj6_air_speeder_glass_sm.dds,1520,UNREFERENCED
texture/xj6_air_speeder_sm.dds,2872,referenced-full
texture/xp_recorder_s01.dds,87536,referenced-full
texture/xp_recorder_s01_cn.dds,87536,referenced-full
texture/xp_recorder_s01_emiss.dds,87536,referenced-full
texture/xp_recorder_s01_sm.dds,1520,referenced-full
texture/yellow_4_4.dds,384,referenced-full
texture/yoda_cane.dds,11088,referenced-full
texture/yoda_eye.dds,5616,referenced-full
texture/yoda_hair.dds,87536,referenced-full
texture/yoda_robe.dds,87536,referenced-full
texture/yoda_robe_cn.dds,87536,referenced-full
texture/yoda_robe_sm.dds,22000,referenced-full
texture/yodaface.dds,349680,referenced-full
texture/yodaface_cn.dds,349680,referenced-full
texture/yodaface_sm.dds,22000,referenced-full
texture/yodas_levitator.dds,87536,referenced-full
texture/yodas_levitator_cn.dds,87536,referenced-full
texture/yodas_levitator_sm.dds,5616,referenced-full
texture/yodas_levitator_spec.dds,87536,referenced-full
texture/yt1300_ceiling02_ground.dds,87536,referenced-full
texture/yt1300_ceiling_ground.dds,87536,referenced-full
texture/yt1300_cockpit_a2_ground.dds,349680,UNREFERENCED
texture/yt1300_cockpit_key_ground.dds,349680,referenced-full
texture/yt1300_engine_s02_n.dds,349652,referenced-full
texture/yt1300_floor_ground.dds,87536,referenced-full
texture/yt1300_grate02_ground.dds,87536,referenced-full
texture/yt1300_grate_ground.dds,87536,referenced-full
texture/yt1300_hallfloor_ground.dds,349680,referenced-full
texture/yt1300_hallpad_ground.dds,349680,referenced-full
texture/yt1300_landing_ground.dds,87536,referenced-full
texture/yt1300_loungeemis_ground.dds,87536,UNREFERENCED
texture/yt1300_loungewall02_ground.dds,349680,referenced-full
texture/yt1300_parts_ground.dds,349680,referenced-full
texture/yt1300_thruster_s01_n.dds,349652,referenced-full
texture/yt1300_thruster_s02_n.dds,349652,referenced-full
texture/yt1300metal_ground.dds,87536,referenced-full
texture/yt2400_cn_ground.dds,1398256,referenced-full
texture/yt2400_cockpit1_ground.dds,349680,referenced-full
texture/yt2400_cockpit2_ground.dds,349680,referenced-full
texture/yt2400_detail_ground.dds,43832,referenced-full
texture/yt2400_engine_s01.dds,2872,referenced-full
texture/yt2400_engine_s01_ground.dds,2872,UNREFERENCED
texture/yt2400_engine_s01_on.dds,5616,referenced-full
texture/yt2400_engineering1_ground.dds,349680,referenced-full
texture/yt2400_engineeringmisc_ground.dds,349680,referenced-full
texture/yt2400_escapepod_ground.dds,87536,referenced-full
texture/yt2400_flatmetal_ground.dds,349680,referenced-full
texture/yt2400_loungemisc_ground.dds,349680,UNREFERENCED
texture/yt2400_loungewall01_ground.dds,349680,referenced-full
texture/yt2400_loungewall02_ground.dds,349680,referenced-full
texture/yt2400_loungewall03_ground.dds,349680,referenced-full
texture/yt2400_loungewall04_ground.dds,349680,referenced-full
texture/yt2400_loungewall05_ground.dds,349680,referenced-full
texture/yt2400_patterna_s01_ground.dds,1398256,referenced-full
texture/yt2400_pipes_ground.dds,87536,referenced-full
texture/yt2400_pod_cn_ground.dds,349680,referenced-full
texture/yt2400_pod_ground.dds,349680,referenced-full
texture/yt2400_pod_patterna_s01_ground.dds,349680,referenced-full
texture/yt2400_sm_ground.dds,87536,referenced-full
texture/yt2400_sm_patterna_s01.dds,87536,referenced-full
texture/yt2400_sm_patterna_s01_ground.dds,87536,referenced-full
texture/yt2400_sm_patterna_s02.dds,87536,referenced-full
texture/yt2400_sm_patterna_s03.dds,87536,referenced-full
texture/yt2400_sm_patterna_s04.dds,87536,referenced-full
texture/yt2400_sm_patterna_s05.dds,87536,referenced-full
texture/yt2400_sm_patterna_s06.dds,87536,referenced-full
texture/yt2400_sm_patternb_s01.dds,87536,referenced-full
texture/yt2400_sm_patternb_s02.dds,87536,referenced-full
texture/yt2400_sm_patternb_s03.dds,87536,referenced-full
texture/yt2400_sm_patternb_s04.dds,87536,referenced-full
texture/yt2400_sm_patternb_s05.dds,87536,referenced-full
texture/yt2400_sm_patternb_s06.dds,87536,referenced-full
texture/yt2400_turret_s02_cn_ground.dds,87536,referenced-full
texture/yt2400_turret_s02_ground.dds,87536,UNREFERENCED
texture/z95_engine_s03_cn.dds,87536,referenced-full
texture/z95_engine_s03_emis_sm.dds,5616,referenced-full
texture/z95_engine_s03_pattern01_a_sm.dds,5616,referenced-full
texture/z95_engine_s03_pattern01_b_sm.dds,5616,referenced-full
texture/z95_engine_s03_pattern02_a_sm.dds,5616,referenced-full
texture/z95_engine_s03_pattern02_b_sm.dds,5616,referenced-full
texture/z95_engine_s03_pattern03_a_sm.dds,5616,referenced-full
texture/z95_engine_s03_pattern03_b_sm.dds,5616,referenced-full
texture/z95_engine_s03_pattern04_a_sm.dds,5616,referenced-full
texture/z95_engine_s03_pattern04_b_sm.dds,5616,referenced-full
texture/z95_engine_s03_pattern05_a_sm.dds,5616,referenced-full
texture/z95_engine_s03_pattern05_b_sm.dds,5616,referenced-full
texture/z95_engine_s03_pattern06_a_sm.dds,5616,referenced-full
texture/z95_engine_s03_pattern06_b_sm.dds,5616,referenced-full
texture/zam_speeder.dds,174904,referenced-full
texture/zam_speeder_cn.dds,349680,referenced-full
texture/zam_speeder_glass.dds,87536,referenced-full
texture/zam_speeder_glass_sm.dds,5616,referenced-full
texture/zam_speeder_glass_spec.dds,87536,referenced-full
texture/zam_speeder_sm.dds,2872,referenced-full
texture/zombie_body_zombie.dds,349680,referenced-full
texture/zombie_body_zombie_cn.dds,349680,referenced-full
texture/zombie_face_zombie.dds,87536,referenced-full
texture/zombie_face_zombie_cn.dds,87536,referenced-full
texture/zombie_head_zombie.dds,87536,referenced-full
texture/zombie_head_zombie_cn.dds,87536,referenced-full
texture/zombie_mouth_zombie.dds,11064,referenced-full
texture/zombie_sm.dds,43832,referenced-full
